Ano;Referencia;UF;População prisional_total;Pessoas privadas de liberdade por faixa etaria_18 a 24 anos;pessoas privadas de liberdade por faixa etaria_25 a 29 anos;pessoas privadas de liberdade por faixa etaria_30 a 34 anos;pessoas privadas de liberdade por faixa etaria_35 a 45 anos;pessoas privadas de liberdade por faixa etaria_46 a 60 anos;pessoas privadas de liberdade por faixa etaria_61 a 70 anos;pessoas privadas de liberdade por faixa etaria_Mais de 70 anos;Pessoas privadas de liberdade por cor de pele_Branca;Pessoas privadas de liberdade por cor de pele_Preta;Pessoas privadas de liberdade por cor de pele_Parda;Pessoas privadas de liberdade por cor de pele_Amarela;Pessoas privadas de liberdade por cor de pele_Indigena;Crimes contra o patrimonio | Furto simples (Art. 155) | Total;Crimes contra o patrimonio | Furto qualificado;Crimes contra o patrimonio | Roubo simples (Art. 157);Crimes contra o patrimonio | Roubo qualificado;Crimes contra o patrimonio | Latrocinio;Crimes contra o patrimonio | Extorsao;Crimes contra o patrimonio | Extorsao mediante sequestro;Crimes contra o patrimonio | Apropriacao indebita;Crimes contra o patrimonio | Apropriacao indebita previdenciaria;Crimes contra o patrimonio | Estelionato;Crimes contra o patrimonio | Receptacao;Crimes contra o patrimonio | Receptacao qualificada;Trafico de drogas;Associacao para o trafico;Trafico internacional de drogas
2024;2024/2;AC;199;38.0;70.0;36.0;28.0;12.0;3.0;5.0;15.0;13.0;162.0;2.0;2.0;;;;;;;;;;;;;;;
2024;2024/2;AC;173;24.0;48.0;30.0;45.0;21.0;3.0;2.0;10.0;17.0;143.0;0.0;3.0;;;;;;;;;;;;;;;
2024;2024/2;AC;327;50.0;83.0;58.0;92.0;37.0;5.0;2.0;53.0;37.0;229.0;2.0;6.0;;;;;;;;;;;;;;;
2024;2024/2;AC;350;98.0;104.0;70.0;58.0;13.0;3.0;3.0;41.0;33.0;268.0;0.0;7.0;;;;;;;;;;;;;;;
2024;2024/2;AC;1670;272.0;386.0;297.0;482.0;189.0;20.0;24.0;111.0;84.0;1460.0;0.0;15.0;70.0;70.0;221.0;166.0;10.0;2.0;1.0;0.0;1.0;4.0;41.0;1.0;526.0;11.0;7.0
2024;2024/2;AC;1724;381.0;486.0;357.0;396.0;91.0;12.0;1.0;74.0;83.0;1551.0;4.0;12.0;31.0;48.0;100.0;361.0;23.0;6.0;3.0;;;3.0;17.0;;431.0;;
2024;2024/2;AC;169;28.0;54.0;29.0;40.0;0.0;0.0;0.0;12.0;9.0;140.0;0.0;0.0;0.0;0.0;2.0;12.0;5.0;1.0;0.0;0.0;0.0;0.0;0.0;0.0;66.0;0.0;2.0
2024;2024/2;AC;1159;181.0;330.0;274.0;285.0;81.0;5.0;3.0;46.0;49.0;1055.0;4.0;5.0;;;45.0;226.0;26.0;2.0;2.0;;;4.0;17.0;1.0;259.0;;
2024;2024/2;AC;86;0.0;11.0;15.0;18.0;6.0;0.0;0.0;11.0;7.0;68.0;0.0;0.0;5.0;0.0;27.0;0.0;0.0;0.0;0.0;0.0;0.0;0.0;3.0;0.0;16.0;;
2024;2024/2;AC;25;7.0;11.0;4.0;1.0;2.0;0.0;0.0;1.0;2.0;22.0;0.0;0.0;3.0;2.0;6.0;2.0;;;;;;;2.0;;3.0;0.0;0.0
2024;2024/2;AC;478;88.0;142.0;103.0;96.0;45.0;3.0;1.0;91.0;120.0;257.0;8.0;2.0;44.0;34.0;74.0;19.0;12.0;3.0;5.0;0.0;0.0;4.0;23.0;0.0;99.0;37.0;2.0
2024;2024/2;AC;441;109.0;165.0;89.0;62.0;12.0;2.0;2.0;8.0;38.0;384.0;4.0;7.0;;;;;;;;;;;;;;;
2024;2024/2;AC;803;177.0;230.0;148.0;167.0;65.0;7.0;9.0;59.0;71.0;654.0;11.0;6.0;;;;;;;;;;;;;;;
2024;2024/2;AC;480;125.0;168.0;95.0;66.0;19.0;6.0;1.0;48.0;38.0;376.0;4.0;14.0;6.0;10.0;4.0;38.0;5.0;6.0;0.0;0.0;0.0;2.0;3.0;0.0;141.0;0.0;0.0
2024;2024/2;AC;13;3.0;6.0;1.0;2.0;1.0;0.0;0.0;4.0;0.0;9.0;0.0;0.0;0.0;0.0;0.0;1.0;0.0;0.0;0.0;0.0;0.0;0.0;0.0;0.0;7.0;0.0;0.0
2024;2024/2;AC;23;6.0;9.0;2.0;4.0;1.0;1.0;0.0;4.0;2.0;17.0;0.0;0.0;;;;;;;;;;;;;;;
2024;2024/2;AL;30;9.0;5.0;3.0;9.0;3.0;1.0;0.0;9.0;4.0;17.0;0.0;0.0;0.0;1.0;0.0;2.0;0.0;0.0;0.0;0.0;0.0;0.0;0.0;0.0;4.0;0.0;0.0
2024;2024/2;AL;3946;190.0;500.0;875.0;1288.0;863.0;181.0;46.0;798.0;994.0;1923.0;0.0;1.0;0.0;0.0;0.0;1073.0;13.0;16.0;15.0;2.0;0.0;50.0;0.0;0.0;1161.0;852.0;0.0
2024;2024/2;AL;1670;188.0;390.0;334.0;511.0;184.0;47.0;16.0;131.0;103.0;1436.0;0.0;0.0;20.0;0.0;271.0;9.0;9.0;0.0;0.0;0.0;0.0;30.0;0.0;0.0;268.0;25.0;0.0
2024;2024/2;AL;52;4.0;8.0;5.0;23.0;11.0;1.0;0.0;9.0;8.0;35.0;0.0;0.0;0.0;1.0;0.0;4.0;0.0;1.0;0.0;0.0;0.0;0.0;1.0;0.0;0.0;14.0;0.0
2024;2024/2;AL;3183;329.0;980.0;648.0;901.0;241.0;64.0;20.0;630.0;433.0;1703.0;0.0;1.0;61.0;125.0;163.0;1423.0;50.0;8.0;4.0;1.0;0.0;17.0;57.0;15.0;438.0;217.0;12.0
2024;2024/2;AL;659;74.0;130.0;88.0;180.0;150.0;33.0;4.0;217.0;102.0;325.0;0.0;2.0;6.0;4.0;13.0;12.0;8.0;1.0;1.0;1.0;0.0;4.0;2.0;0.0;32.0;35.0;0.0
2024;2024/2;AL;148;25.0;30.0;32.0;42.0;18.0;1.0;0.0;19.0;15.0;114.0;0.0;0.0;2.0;8.0;0.0;14.0;5.0;1.0;1.0;0.0;0.0;2.0;1.0;0.0;57.0;15.0;0.0
2024;2024/2;AL;122;5.0;5.0;24.0;44.0;36.0;7.0;1.0;31.0;15.0;76.0;0.0;0.0;0.0;0.0;3.0;8.0;9.0;0.0;0.0;0.0;0.0;1.0;1.0;0.0;5.0;1.0;0.0
2024;2024/2;AL;959;182.0;296.0;243.0;189.0;49.0;0.0;0.0;232.0;170.0;514.0;0.0;1.0;17.0;95.0;157.0;251.0;32.0;0.0;3.0;1.0;0.0;6.0;6.0;17.0;405.0;136.0;0.0
2024;2024/2;AL;1275;71.0;270.0;276.0;388.0;194.0;55.0;21.0;337.0;223.0;706.0;0.0;9.0;24.0;39.0;115.0;229.0;49.0;2.0;6.0;0.0;0.0;8.0;51.0;0.0;365.0;99.0;2.0
2024;2024/2;AL;80;18.0;23.0;15.0;19.0;4.0;1.0;0.0;21.0;7.0;51.0;0.0;1.0;1.0;2.0;4.0;7.0;1.0;0.0;0.0;0.0;0.0;0.0;0.0;0.0;23.0;3.0;0.0
2024;2024/2;AL;980;301.0;263.0;150.0;185.0;78.0;3.0;0.0;273.0;103.0;604.0;0.0;0.0;22.0;23.0;26.0;134.0;21.0;3.0;2.0;0.0;0.0;3.0;20.0;3.0;264.0;30.0;0.0
2024;2024/2;AL;935;206.0;282.0;194.0;185.0;56.0;7.0;5.0;288.0;158.0;483.0;0.0;6.0;7.0;13.0;62.0;164.0;16.0;1.0;3.0;0.0;0.0;2.0;21.0;0.0;287.0;58.0;0.0
2024;2024/2;AM;2929;678.0;1107.0;450.0;342.0;323.0;29.0;0.0;445.0;390.0;2091.0;1.0;2.0;387.0;441.0;122.0;1180.0;6.0;9.0;1.0;1.0;0.0;10.0;16.0;0.0;248.0;0.0;49.0
2024;2024/2;AM;20;2.0;8.0;3.0;6.0;1.0;0.0;0.0;1.0;1.0;17.0;1.0;0.0;1.0;;6.0;2.0;1.0;;;;;;;;1.0;;
2024;2024/2;AM;20;4.0;4.0;3.0;4.0;3.0;1.0;1.0;3.0;1.0;16.0;0.0;0.0;;;1.0;2.0;;1.0;;;;;;;3.0;;
2024;2024/2;AM;1075;275.0;281.0;216.0;226.0;68.0;7.0;2.0;100.0;44.0;905.0;2.0;24.0;21.0;8.0;74.0;196.0;40.0;5.0;9.0;;;9.0;9.0;;278.0;41.0;1.0
2024;2024/2;AM;726;182.0;192.0;153.0;130.0;55.0;13.0;1.0;71.0;48.0;601.0;0.0;6.0;9.0;10.0;59.0;98.0;13.0;1.0;1.0;1.0;0.0;1.0;18.0;1.0;118.0;14.0;71.0
2024;2024/2;AM;5;1.0;2.0;2.0;0.0;0.0;0.0;0.0;1.0;0.0;4.0;0.0;0.0;1.0;;1.0;;;;;;;;;;2.0;;
2024;2024/2;AM;166;29.0;38.0;33.0;41.0;24.0;1.0;0.0;0.0;6.0;159.0;0.0;1.0;3.0;1.0;10.0;24.0;7.0;1.0;3.0;0.0;0.0;1.0;0.0;0.0;56.0;15.0;3.0
2024;2024/2;AM;2;0.0;1.0;0.0;1.0;0.0;0.0;0.0;0.0;0.0;2.0;0.0;0.0;0.0;0.0;0.0;0.0;0.0;0.0;0.0;0.0;0.0;0.0;0.0;0.0;2.0;0.0;0.0
2024;2024/2;AM;284;34.0;71.0;53.0;74.0;33.0;11.0;8.0;38.0;127.0;118.0;1.0;0.0;4.0;3.0;9.0;61.0;;1.0;3.0;1.0;;3.0;1.0;;123.0;16.0;2.0
2024;2024/2;AM;1001;281.0;311.0;295.0;95.0;15.0;4.0;0.0;136.0;83.0;776.0;6.0;0.0;172.0;109.0;269.0;399.0;35.0;32.0;6.0;0.0;0.0;17.0;22.0;4.0;833.0;32.0;16.0
2024;2024/2;AM;1446;96.0;315.0;381.0;446.0;175.0;28.0;5.0;267.0;143.0;1032.0;2.0;2.0;103.0;48.0;136.0;146.0;15.0;15.0;4.0;0.0;0.0;7.0;6.0;2.0;483.0;25.0;9.0
2024;2024/2;AM;1;0.0;1.0;0.0;0.0;0.0;0.0;0.0;0.0;0.0;1.0;0.0;0.0;0.0;0.0;1.0;0.0;0.0;0.0;0.0;0.0;0.0;0.0;0.0;0.0;0.0;0.0;0.0
2024;2024/2;AM;832;122.0;248.0;288.0;144.0;29.0;1.0;0.0;61.0;54.0;714.0;1.0;2.0;17.0;9.0;76.0;96.0;10.0;3.0;4.0;;;1.0;11.0;;258.0;82.0;17.0
2024;2024/2;AM;16;1.0;8.0;2.0;5.0;0.0;0.0;0.0;0.0;2.0;13.0;0.0;1.0;1.0;0.0;1.0;1.0;0.0;1.0;0.0;0.0;0.0;0.0;0.0;0.0;1.0;0.0;0.0
2024;2024/2;AM;1;0.0;1.0;0.0;0.0;0.0;0.0;0.0;0.0;0.0;1.0;0.0;0.0;0.0;0.0;1.0;0.0;0.0;0.0;0.0;0.0;0.0;0.0;0.0;0.0;0.0;0.0;0.0
2024;2024/2;AM;645;63.0;196.0;164.0;177.0;41.0;2.0;2.0;62.0;31.0;541.0;8.0;3.0;53.0;25.0;210.0;135.0;10.0;10.0;5.0;0.0;0.0;1.0;11.0;0.0;68.0;45.0;1.0
2024;2024/2;AM;1;1.0;0.0;0.0;0.0;0.0;0.0;0.0;0.0;0.0;1.0;0.0;0.0;0.0;0.0;0.0;0.0;0.0;0.0;0.0;0.0;0.0;0.0;0.0;0.0;1.0;0.0;0.0
2024;2024/2;AM;1073;117.0;169.0;201.0;333.0;193.0;48.0;12.0;65.0;109.0;853.0;14.0;32.0;20.0;12.0;46.0;89.0;32.0;5.0;4.0;2.0;;7.0;8.0;;93.0;19.0;
2024;2024/2;AM;127;64.0;24.0;10.0;11.0;17.0;1.0;0.0;17.0;50.0;55.0;0.0;5.0;12.0;6.0;10.0;33.0;10.0;0.0;0.0;0.0;0.0;2.0;2.0;0.0;57.0;10.0;0.0
2024;2024/2;AM;156;78.0;30.0;12.0;15.0;20.0;1.0;0.0;51.0;20.0;80.0;0.0;5.0;12.0;6.0;21.0;33.0;15.0;0.0;0.0;0.0;0.0;2.0;2.0;0.0;72.0;0.0;0.0
2024;2024/2;AM;23;1.0;3.0;5.0;12.0;2.0;0.0;0.0;3.0;4.0;16.0;0.0;0.0;0.0;2.0;7.0;0.0;0.0;0.0;0.0;0.0;0.0;0.0;0.0;2.0;5.0;0.0;1.0
2024;2024/2;AM;121;0.0;30.0;26.0;44.0;21.0;0.0;0.0;17.0;15.0;85.0;4.0;0.0;0.0;0.0;16.0;0.0;0.0;0.0;0.0;0.0;0.0;0.0;0.0;0.0;71.0;15.0;0.0
2024;2024/2;AM;103;28.0;31.0;16.0;16.0;8.0;2.0;2.0;0.0;0.0;103.0;0.0;0.0;;2.0;5.0;13.0;;;1.0;;;;;;19.0;1.0;
2024;2024/2;AM;136;4.0;25.0;31.0;51.0;20.0;5.0;0.0;0.0;0.0;136.0;0.0;0.0;10.0;0.0;11.0;14.0;6.0;0.0;1.0;0.0;0.0;0.0;1.0;0.0;80.0;10.0;0.0
2024;2024/2;AM;53;6.0;19.0;7.0;15.0;6.0;0.0;0.0;3.0;3.0;46.0;0.0;1.0;0.0;0.0;7.0;0.0;1.0;0.0;0.0;0.0;0.0;0.0;0.0;0.0;8.0;3.0;0.0
2024;2024/2;AM;137;24.0;27.0;39.0;40.0;7.0;0.0;0.0;0.0;3.0;134.0;0.0;0.0;31.0;17.0;16.0;2.0;1.0;0.0;0.0;0.0;0.0;0.0;0.0;0.0;56.0;0.0;0.0
2024;2024/2;AM;57;19.0;11.0;19.0;5.0;2.0;0.0;1.0;2.0;0.0;52.0;0.0;3.0;0.0;5.0;0.0;0.0;0.0;0.0;0.0;0.0;0.0;0.0;0.0;0.0;16.0;0.0;0.0
2024;2024/2;AM;112;23.0;34.0;36.0;18.0;1.0;0.0;0.0;14.0;0.0;97.0;0.0;1.0;0.0;1.0;2.0;2.0;3.0;0.0;0.0;0.0;0.0;0.0;0.0;0.0;69.0;0.0;0.0
2024;2024/2;AM;86;27.0;18.0;10.0;21.0;7.0;2.0;1.0;10.0;1.0;54.0;0.0;21.0;1.0;0.0;15.0;0.0;0.0;0.0;0.0;0.0;0.0;1.0;0.0;0.0;8.0;1.0;8.0
2024;2024/2;AM;74;8.0;13.0;9.0;18.0;21.0;5.0;0.0;10.0;4.0;49.0;0.0;11.0;0.0;0.0;13.0;0.0;0.0;0.0;0.0;0.0;0.0;0.0;0.0;0.0;22.0;9.0;7.0
2024;2024/2;AM;109;29.0;24.0;21.0;26.0;8.0;1.0;0.0;4.0;4.0;95.0;0.0;6.0;2.0;8.0;8.0;16.0;4.0;0.0;0.0;0.0;0.0;0.0;0.0;0.0;28.0;9.0;0.0
2024;2024/2;AM;98;11.0;21.0;22.0;28.0;13.0;2.0;1.0;2.0;0.0;96.0;0.0;0.0;2.0;1.0;4.0;31.0;3.0;0.0;0.0;0.0;0.0;1.0;1.0;0.0;31.0;6.0;1.0
2024;2024/2;AM;2;0.0;0.0;0.0;1.0;0.0;0.0;1.0;0.0;0.0;2.0;0.0;0.0;;;;;;;;;;;;;1.0;;
2024;2024/2;AP;20;1.0;5.0;8.0;5.0;1.0;;;2.0;1.0;17.0;;;;;1.0;7.0;3.0;;;;;;1.0;;;;
2024;2024/2;AP;802;244.0;228.0;146.0;145.0;37.0;2.0;0.0;74.0;157.0;550.0;0.0;1.0;78.0;108.0;78.0;266.0;13.0;6.0;0.0;0.0;0.0;24.0;25.0;2.0;404.0;36.0;0.0
2024;2024/2;AP;697;124.0;140.0;117.0;211.0;87.0;14.0;4.0;40.0;67.0;279.0;1.0;0.0;;;;;;;;;;;;;;;
2024;2024/2;AP;22;1.0;1.0;0.0;12.0;6.0;1.0;1.0;;;;;;0.0;0.0;0.0;0.0;0.0;0.0;0.0;0.0;0.0;0.0;0.0;0.0;3.0;2.0;0.0
2024;2024/2;AP;34;10.0;6.0;11.0;5.0;1.0;1.0;0.0;8.0;8.0;18.0;0.0;0.0;0.0;0.0;0.0;1.0;0.0;0.0;0.0;0.0;0.0;0.0;0.0;0.0;6.0;0.0;0.0
2024;2024/2;AP;17;1.0;4.0;3.0;4.0;5.0;;;4.0;4.0;6.0;;;4.0;3.0;3.0;2.0;;;;;;;;;2.0;;
2024;2024/2;AP;620;230.0;204.0;20.0;82.0;83.0;1.0;0.0;62.0;62.0;434.0;62.0;0.0;130.0;25.0;386.0;158.0;81.0;15.0;0.0;0.0;0.0;12.0;8.0;0.0;282.0;132.0;13.0
2024;2024/2;AP;111;21.0;25.0;19.0;30.0;15.0;1.0;0.0;5.0;16.0;90.0;0.0;0.0;10.0;6.0;5.0;20.0;3.0;1.0;2.0;0.0;0.0;1.0;4.0;0.0;84.0;10.0;1.0
2024;2024/2;AP;1568;186.0;478.0;354.0;401.0;142.0;7.0;0.0;157.0;320.0;1046.0;5.0;1.0;175.0;211.0;184.0;1130.0;85.0;15.0;1.0;2.0;1.0;42.0;49.0;10.0;895.0;49.0;0.0
2024;2024/2;AP;63;4.0;8.0;16.0;30.0;5.0;0.0;0.0;11.0;8.0;41.0;0.0;0.0;0.0;0.0;3.0;1.0;6.0;2.0;0.0;0.0;0.0;2.0;4.0;1.0;59.0;3.0;0.0
2024;2024/2;AP;2095;;;;;;;;;;;;;;;;;;;;;;;;;;;
2024;2024/2;BA;1100;359.0;248.0;166.0;191.0;106.0;14.0;2.0;75.0;294.0;712.0;1.0;4.0;8.0;19.0;68.0;192.0;8.0;0.0;8.0;0.0;0.0;7.0;25.0;0.0;349.0;68.0;7.0
2024;2024/2;BA;82;15.0;22.0;18.0;21.0;4.0;2.0;0.0;15.0;21.0;22.0;24.0;0.0;0.0;0.0;4.0;9.0;6.0;0.0;0.0;0.0;0.0;0.0;0.0;0.0;0.0;0.0;0.0
2024;2024/2;BA;2407;338.0;521.0;426.0;605.0;401.0;78.0;38.0;190.0;555.0;1651.0;7.0;4.0;25.0;12.0;138.0;3.0;35.0;2.0;13.0;1.0;0.0;21.0;10.0;36.0;768.0;139.0;7.0
2024;2024/2;BA;83;33.0;21.0;15.0;7.0;5.0;1.0;1.0;9.0;31.0;43.0;0.0;0.0;5.0;1.0;0.0;1.0;1.0;1.0;2.0;0.0;0.0;2.0;2.0;2.0;6.0;2.0;0.0
2024;2024/2;BA;178;22.0;62.0;46.0;31.0;13.0;4.0;0.0;3.0;55.0;120.0;0.0;0.0;3.0;3.0;48.0;103.0;6.0;0.0;3.0;0.0;0.0;3.0;7.0;0.0;111.0;3.0;0.0
2024;2024/2;BA;196;25.0;48.0;36.0;53.0;17.0;1.0;0.0;5.0;58.0;133.0;0.0;0.0;14.0;7.0;68.0;136.0;8.0;0.0;0.0;0.0;0.0;0.0;11.0;1.0;154.0;24.0;1.0
2024;2024/2;BA;198;28.0;46.0;25.0;55.0;34.0;9.0;1.0;13.0;11.0;174.0;0.0;0.0;18.0;0.0;29.0;0.0;12.0;0.0;0.0;0.0;0.0;0.0;4.0;0.0;75.0;11.0;0.0
2024;2024/2;BA;87;14.0;19.0;14.0;27.0;12.0;1.0;0.0;5.0;25.0;57.0;0.0;0.0;2.0;3.0;0.0;14.0;8.0;0.0;1.0;1.0;0.0;1.0;0.0;0.0;27.0;0.0;1.0
2024;2024/2;BA;631;75.0;204.0;138.0;173.0;41.0;0.0;0.0;27.0;178.0;425.0;1.0;0.0;36.0;0.0;38.0;0.0;14.0;5.0;14.0;0.0;0.0;0.0;81.0;0.0;399.0;73.0;12.0
2024;2024/2;BA;430;53.0;76.0;74.0;153.0;63.0;7.0;4.0;65.0;172.0;193.0;0.0;0.0;8.0;10.0;17.0;26.0;14.0;1.0;6.0;0.0;0.0;1.0;3.0;0.0;44.0;4.0;0.0
2024;2024/2;BA;600;81.0;121.0;105.0;154.0;107.0;25.0;7.0;118.0;97.0;385.0;0.0;0.0;37.0;28.0;64.0;4.0;12.0;3.0;0.0;0.0;0.0;12.0;14.0;0.0;269.0;14.0;0.0
2024;2024/2;BA;537;143.0;137.0;94.0;116.0;37.0;8.0;2.0;98.0;138.0;295.0;0.0;6.0;14.0;13.0;76.0;59.0;9.0;5.0;2.0;0.0;0.0;5.0;20.0;0.0;261.0;43.0;3.0
2024;2024/2;BA;1952;366.0;507.0;381.0;444.0;215.0;32.0;7.0;108.0;568.0;1267.0;5.0;4.0;57.0;2.0;130.0;344.0;77.0;9.0;9.0;0.0;0.0;32.0;23.0;0.0;474.0;0.0;0.0
2024;2024/2;BA;678;102.0;136.0;129.0;187.0;95.0;18.0;11.0;70.0;126.0;478.0;2.0;1.0;13.0;17.0;46.0;82.0;45.0;4.0;11.0;0.0;0.0;3.0;17.0;1.0;134.0;29.0;1.0
2024;2024/2;BA;806;148.0;178.0;147.0;202.0;107.0;21.0;3.0;185.0;204.0;412.0;0.0;5.0;8.0;0.0;146.0;2.0;5.0;1.0;1.0;0.0;0.0;1.0;4.0;0.0;264.0;10.0;0.0
2024;2024/2;BA;548;100.0;118.0;99.0;144.0;67.0;15.0;5.0;32.0;110.0;401.0;5.0;0.0;0.0;0.0;0.0;0.0;0.0;0.0;0.0;0.0;0.0;0.0;0.0;0.0;356.0;7.0;0.0
2024;2024/2;BA;1106;223.0;236.0;178.0;289.0;155.0;19.0;6.0;48.0;134.0;924.0;0.0;0.0;46.0;43.0;63.0;102.0;34.0;1.0;1.0;0.0;0.0;2.0;9.0;1.0;322.0;85.0;3.0
2024;2024/2;BA;376;40.0;113.0;92.0;99.0;30.0;2.0;0.0;18.0;116.0;242.0;0.0;0.0;2.0;5.0;57.0;133.0;17.0;0.0;0.0;0.0;0.0;1.0;2.0;0.0;242.0;0.0;0.0
2024;2024/2;BA;557;69.0;110.0;98.0;147.0;111.0;13.0;9.0;90.0;73.0;388.0;1.0;5.0;78.0;1.0;49.0;63.0;17.0;2.0;1.0;0.0;0.0;2.0;0.0;0.0;233.0;34.0;2.0
2024;2024/2;BA;208;33.0;64.0;35.0;60.0;16.0;0.0;0.0;21.0;27.0;160.0;0.0;0.0;1.0;0.0;4.0;20.0;11.0;3.0;0.0;0.0;0.0;0.0;2.0;0.0;64.0;0.0;0.0
2024;2024/2;BA;611;154.0;128.0;111.0;143.0;67.0;6.0;2.0;75.0;167.0;364.0;0.0;5.0;21.0;7.0;25.0;51.0;23.0;2.0;2.0;0.0;0.0;3.0;2.0;0.0;144.0;0.0;0.0
2024;2024/2;BA;384;86.0;103.0;67.0;88.0;15.0;25.0;0.0;58.0;98.0;228.0;0.0;0.0;50.0;0.0;9.0;10.0;7.0;8.0;0.0;0.0;0.0;0.0;4.0;5.0;99.0;19.0;0.0
2024;2024/2;BA;659;123.0;117.0;108.0;186.0;105.0;17.0;3.0;37.0;58.0;402.0;1.0;0.0;6.0;11.0;4.0;67.0;33.0;2.0;0.0;0.0;0.0;1.0;1.0;1.0;174.0;7.0;0.0
2024;2024/2;BA;64;6.0;1.0;13.0;34.0;9.0;1.0;0.0;1.0;8.0;55.0;0.0;0.0;0.0;0.0;4.0;1.0;1.0;0.0;0.0;0.0;0.0;0.0;0.0;0.0;1.0;0.0;0.0
2024;2024/2;BA;1328;97.0;275.0;284.0;372.0;191.0;32.0;2.0;44.0;242.0;789.0;0.0;0.0;0.0;2.0;18.0;406.0;70.0;1.0;3.0;0.0;0.0;2.0;0.0;1.0;180.0;0.0;0.0
2024;2024/2;BA;63;17.0;15.0;2.0;20.0;7.0;2.0;0.0;4.0;14.0;45.0;0.0;0.0;;;;;;;;;;;;;;;
2024;2024/2;BA;259;93.0;72.0;53.0;31.0;10.0;0.0;0.0;38.0;80.0;130.0;2.0;0.0;3.0;6.0;7.0;35.0;4.0;0.0;1.0;0.0;0.0;0.0;13.0;0.0;102.0;30.0;9.0
2024;2024/2;CE;5975;288.0;1381.0;1410.0;1946.0;790.0;123.0;37.0;665.0;590.0;4631.0;34.0;8.0;290.0;325.0;1181.0;3175.0;164.0;40.0;30.0;9.0;0.0;54.0;676.0;41.0;1803.0;574.0;140.0
2024;2024/2;CE;10128;1804.0;2218.0;1849.0;2604.0;1247.0;272.0;127.0;1065.0;738.0;8018.0;43.0;16.0;;;;;;;;;;;;;;;
2024;2024/2;CE;47;7.0;2.0;11.0;11.0;11.0;5.0;0.0;5.0;5.0;37.0;0.0;0.0;3.0;3.0;5.0;20.0;1.0;0.0;1.0;0.0;0.0;0.0;5.0;0.0;2.0;2.0;0.0
2024;2024/2;CE;1;0.0;0.0;0.0;0.0;0.0;0.0;1.0;0.0;0.0;0.0;0.0;0.0;;;;;;;;;;;;;;;
2024;2024/2;CE;110;13.0;30.0;16.0;32.0;16.0;3.0;0.0;22.0;5.0;83.0;0.0;0.0;2.0;1.0;2.0;17.0;1.0;1.0;;;;;1.0;;19.0;4.0;6.0
2024;2024/2;CE;100;;7.0;13.0;60.0;20.0;;;27.0;4.0;64.0;;;2.0;7.0;36.0;49.0;6.0;2.0;7.0;;;;29.0;;69.0;50.0;5.0
2024;2024/2;CE;45;9.0;8.0;3.0;18.0;6.0;1.0;0.0;6.0;4.0;35.0;0.0;0.0;1.0;1.0;;4.0;;;;;;;;;3.0;1.0;
2024;2024/2;CE;1313;520.0;430.0;201.0;143.0;19.0;0.0;0.0;141.0;138.0;1030.0;3.0;0.0;98.0;104.0;206.0;976.0;58.0;12.0;6.0;2.0;0.0;6.0;266.0;5.0;631.0;200.0;51.0
2024;2024/2;CE;43;3.0;9.0;11.0;8.0;11.0;1.0;;10.0;3.0;27.0;2.0;;2.0;2.0;1.0;3.0;;1.0;1.0;;;;4.0;;12.0;6.0;
2024;2024/2;CE;1384;175.0;183.0;315.0;343.0;174.0;191.0;3.0;160.0;128.0;1081.0;7.0;1.0;138.0;161.0;237.0;709.0;41.0;23.0;8.0;2.0;0.0;22.0;172.0;8.0;455.0;128.0;31.0
2024;2024/2;CE;1479;170.0;385.0;413.0;427.0;84.0;0.0;0.0;142.0;175.0;1151.0;4.0;0.0;159.0;152.0;365.0;1095.0;111.0;13.0;4.0;3.0;0.0;10.0;312.0;5.0;643.0;201.0;55.0
2024;2024/2;CE;24;2.0;4.0;7.0;5.0;4.0;1.0;1.0;8.0;2.0;14.0;;;;;;2.0;;;;;;;2.0;;3.0;;
2024;2024/2;CE;39;2.0;9.0;8.0;11.0;8.0;1.0;;6.0;5.0;27.0;;;;;1.0;6.0;;;;;;;;;4.0;;
2024;2024/2;CE;48;8.0;7.0;6.0;12.0;12.0;3.0;;13.0;5.0;30.0;0.0;0.0;3.0;4.0;3.0;3.0;0.0;0.0;0.0;0.0;0.0;0.0;3.0;0.0;7.0;3.0;0.0
2024;2024/2;CE;178;27.0;23.0;22.0;54.0;43.0;7.0;2.0;25.0;22.0;130.0;1.0;0.0;9.0;10.0;11.0;19.0;3.0;3.0;;;;;5.0;;32.0;9.0;1.0
2024;2024/2;CE;47;12.0;8.0;5.0;11.0;9.0;1.0;1.0;5.0;5.0;36.0;1.0;0.0;0.0;1.0;0.0;0.0;0.0;0.0;0.0;0.0;0.0;1.0;1.0;0.0;1.0;0.0;0.0
2024;2024/2;CE;369;99.0;71.0;64.0;107.0;25.0;2.0;1.0;40.0;38.0;290.0;0.0;0.0;34.0;33.0;50.0;146.0;13.0;1.0;1.0;0.0;0.0;7.0;52.0;2.0;125.0;29.0;5.0
2024;2024/2;CE;1179;182.0;274.0;273.0;327.0;123.0;;;170.0;128.0;860.0;8.0;2.0;130.0;117.0;197.0;565.0;72.0;10.0;4.0;1.0;0.0;11.0;153.0;8.0;462.0;131.0;21.0
2024;2024/2;CE;1954;464.0;638.0;446.0;360.0;46.0;0.0;0.0;232.0;194.0;1504.0;12.0;3.0;71.0;116.0;246.0;824.0;137.0;18.0;4.0;1.0;;18.0;376.0;14.0;962.0;338.0;68.0
2024;2024/2;CE;108;35.0;26.0;16.0;22.0;7.0;2.0;0.0;19.0;11.0;78.0;0.0;0.0;0.0;2.0;5.0;11.0;0.0;1.0;0.0;0.0;0.0;1.0;3.0;0.0;57.0;17.0;1.0
2024;2024/2;CE;699;135.0;175.0;119.0;186.0;74.0;7.0;3.0;54.0;85.0;559.0;;1.0;38.0;38.0;54.0;225.0;34.0;12.0;6.0;;;21.0;42.0;4.0;393.0;188.0;53.0
2024;2024/2;CE;103;21.0;27.0;15.0;27.0;11.0;2.0;;15.0;11.0;76.0;1.0;0.0;6.0;4.0;3.0;6.0;3.0;;;;;1.0;2.0;;58.0;25.0;6.0
2024;2024/2;CE;1345;175.0;287.0;304.0;426.0;152.0;1.0;0.0;143.0;147.0;1040.0;6.0;4.0;159.0;148.0;285.0;807.0;72.0;19.0;4.0;2.0;0.0;20.0;200.0;6.0;453.0;136.0;30.0
2024;2024/2;CE;212;7.0;14.0;21.0;32.0;23.0;40.0;75.0;36.0;16.0;158.0;1.0;1.0;5.0;9.0;11.0;25.0;5.0;4.0;0.0;0.0;1.0;3.0;8.0;0.0;38.0;20.0;1.0
2024;2024/2;CE;566;136.0;121.0;81.0;143.0;75.0;9.0;1.0;105.0;78.0;375.0;2.0;0.0;20.0;26.0;26.0;87.0;7.0;4.0;0.0;0.0;0.0;5.0;15.0;1.0;93.0;0.0;0.0
2024;2024/2;CE;1224;356.0;413.0;217.0;212.0;26.0;0.0;0.0;117.0;103.0;987.0;8.0;1.0;52.0;70.0;179.0;795.0;147.0;10.0;4.0;0.0;0.0;9.0;225.0;5.0;573.0;203.0;43.0
2024;2024/2;CE;1840;424.0;568.0;391.0;393.0;64.0;0.0;0.0;195.0;190.0;1436.0;15.0;0.0;85.0;107.0;288.0;1095.0;137.0;24.0;10.0;0.0;0.0;7.0;399.0;14.0;928.0;329.0;82.0
2024;2024/2;CE;1729;436.0;582.0;361.0;299.0;50.0;1.0;0.0;193.0;170.0;1346.0;11.0;2.0;91.0;112.0;260.0;1146.0;153.0;26.0;8.0;4.0;0.0;10.0;400.0;17.0;914.0;369.0;107.0
2024;2024/2;CE;1488;191.0;382.0;296.0;418.0;201.0;0.0;0.0;177.0;164.0;1128.0;8.0;2.0;144.0;148.0;288.0;980.0;118.0;8.0;5.0;0.0;0.0;10.0;228.0;5.0;481.0;164.0;30.0
2024;2024/2;CE;1806;432.0;473.0;297.0;400.0;165.0;34.0;5.0;67.0;89.0;1619.0;6.0;4.0;114.0;91.0;210.0;525.0;46.0;13.0;2.0;0.0;0.0;5.0;111.0;2.0;511.0;126.0;17.0
2024;2024/2;CE;1076;173.0;223.0;170.0;291.0;174.0;40.0;5.0;156.0;146.0;746.0;11.0;3.0;83.0;90.0;100.0;341.0;51.0;7.0;0.0;2.0;0.0;9.0;70.0;4.0;353.0;120.0;18.0
2024;2024/2;CE;1740;101.0;229.0;268.0;641.0;497.0;4.0;0.0;255.0;197.0;1261.0;18.0;7.0;106.0;85.0;171.0;291.0;25.0;17.0;2.0;1.0;0.0;10.0;47.0;6.0;153.0;43.0;17.0
2024;2024/2;DF;2341;596.0;482.0;394.0;645.0;216.0;8.0;0.0;298.0;356.0;1007.0;16.0;6.0;123.0;226.0;147.0;403.0;19.0;13.0;7.0;5.0;0.0;28.0;107.0;7.0;690.0;141.0;0.0
2024;2024/2;DF;3752;473.0;745.0;689.0;1078.0;466.0;301.0;0.0;574.0;712.0;2045.0;15.0;2.0;235.0;465.0;384.0;1367.0;39.0;26.0;6.0;6.0;0.0;14.0;184.0;10.0;763.0;65.0;0.0
2024;2024/2;DF;1391;130.0;295.0;339.0;445.0;182.0;0.0;0.0;226.0;245.0;820.0;6.0;0.0;38.0;107.0;128.0;547.0;18.0;7.0;1.0;1.0;0.0;7.0;102.0;7.0;389.0;45.0;0.0
2024;2024/2;DF;1354;130.0;242.0;268.0;427.0;231.0;43.0;13.0;309.0;221.0;789.0;1.0;0.0;155.0;232.0;246.0;428.0;18.0;19.0;4.0;4.0;0.0;80.0;192.0;0.0;988.0;146.0;0.0
2024;2024/2;DF;10762;329.0;1944.0;2515.0;3869.0;1735.0;241.0;78.0;1791.0;2231.0;5577.0;36.0;5.0;;;;;;;;;;;;;;;
2024;2024/2;DF;2901;369.0;712.0;596.0;908.0;316.0;0.0;0.0;438.0;596.0;1650.0;9.0;1.0;120.0;244.0;341.0;1322.0;82.0;27.0;10.0;1.0;0.0;19.0;179.0;3.0;876.0;126.0;
2024;2024/2;DF;2806;325.0;681.0;638.0;873.0;289.0;0.0;0.0;468.0;549.0;1783.0;6.0;0.0;132.0;325.0;320.0;1515.0;74.0;48.0;11.0;5.0;0.0;32.0;257.0;14.0;878.0;94.0;
2024;2024/2;DF;2234;332.0;544.0;420.0;649.0;285.0;3.0;0.0;336.0;423.0;1287.0;11.0;0.0;118.0;242.0;246.0;744.0;52.0;15.0;8.0;4.0;0.0;14.0;179.0;8.0;908.0;135.0;0.0
2024;2024/2;DF;703;57.0;154.0;171.0;217.0;93.0;9.0;2.0;112.0;141.0;436.0;4.0;0.0;40.0;83.0;30.0;208.0;26.0;15.0;0.0;0.0;0.0;15.0;24.0;4.0;264.0;40.0;0.0
2024;2024/2;DF;72;0.0;2.0;8.0;23.0;31.0;7.0;0.0;22.0;5.0;29.0;0.0;0.0;2.0;2.0;4.0;21.0;0.0;2.0;6.0;0.0;0.0;0.0;7.0;0.0;24.0;16.0;0.0
2024;2024/2;ES;61;1.0;8.0;21.0;23.0;5.0;3.0;0.0;16.0;18.0;27.0;0.0;0.0;11.0;0.0;0.0;21.0;0.0;0.0;0.0;0.0;0.0;1.0;0.0;0.0;37.0;8.0;0.0
2024;2024/2;ES;870;39.0;203.0;246.0;300.0;75.0;7.0;0.0;158.0;159.0;553.0;0.0;0.0;23.0;16.0;141.0;177.0;44.0;3.0;6.0;1.0;0.0;13.0;18.0;1.0;581.0;224.0;62.0
2024;2024/2;ES;4;0.0;0.0;1.0;1.0;1.0;1.0;0.0;1.0;0.0;3.0;0.0;0.0;2.0;;3.0;;;;;;;;1.0;;;;
2024;2024/2;ES;420;167.0;101.0;54.0;65.0;30.0;2.0;0.0;56.0;88.0;274.0;0.0;1.0;10.0;16.0;6.0;12.0;3.0;0.0;0.0;2.0;0.0;0.0;5.0;0.0;123.0;22.0;18.0
2024;2024/2;ES;458;144.0;102.0;79.0;98.0;33.0;1.0;1.0;84.0;142.0;232.0;0.0;0.0;14.0;29.0;10.0;38.0;5.0;4.0;1.0;0.0;0.0;1.0;7.0;;114.0;70.0;
2024;2024/2;ES;1;1.0;0.0;0.0;0.0;0.0;0.0;0.0;0.0;0.0;1.0;0.0;0.0;;;;;;;;;;;;;1.0;0.0;0.0
2024;2024/2;ES;676;243.0;186.0;106.0;110.0;25.0;5.0;1.0;175.0;104.0;393.0;3.0;1.0;23.0;11.0;7.0;7.0;2.0;3.0;0.0;0.0;0.0;1.0;11.0;1.0;96.0;14.0;0.0
2024;2024/2;ES;2;0.0;2.0;0.0;0.0;0.0;0.0;0.0;1.0;0.0;1.0;0.0;0.0;;;;;;;;;;;;;2.0;;
2024;2024/2;ES;1021;308.0;246.0;153.0;225.0;81.0;6.0;2.0;;;;;;54.0;30.0;66.0;71.0;7.0;7.0;0.0;0.0;0.0;4.0;21.0;1.0;654.0;0.0;0.0
2024;2024/2;ES;2;1.0;0.0;0.0;0.0;1.0;0.0;0.0;1.0;1.0;0.0;0.0;0.0;;;;;;;;;;;;;1.0;;
2024;2024/2;ES;284;73.0;65.0;53.0;68.0;21.0;3.0;1.0;49.0;46.0;180.0;0.0;0.0;;;;;;;;;;;;;;;
2024;2024/2;ES;1032;294.0;220.0;160.0;221.0;109.0;25.0;3.0;114.0;190.0;583.0;10.0;0.0;68.0;38.0;145.0;73.0;10.0;8.0;3.0;0.0;0.0;2.0;68.0;1.0;320.0;137.0;38.0
2024;2024/2;ES;6;0.0;0.0;0.0;0.0;2.0;3.0;1.0;3.0;0.0;3.0;0.0;0.0;0.0;0.0;0.0;0.0;0.0;0.0;0.0;0.0;0.0;1.0;0.0;0.0;2.0;2.0;0.0
2024;2024/2;ES;382;145.0;96.0;51.0;57.0;29.0;4.0;0.0;67.0;92.0;223.0;0.0;0.0;6.0;15.0;7.0;17.0;1.0;2.0;0.0;0.0;0.0;0.0;8.0;1.0;114.0;51.0;1.0
2024;2024/2;ES;2;0.0;0.0;0.0;1.0;0.0;0.0;1.0;0.0;2.0;0.0;0.0;0.0;0.0;0.0;0.0;0.0;0.0;0.0;0.0;0.0;0.0;0.0;0.0;0.0;0.0;0.0;0.0
2024;2024/2;ES;632;209.0;166.0;87.0;121.0;45.0;4.0;0.0;49.0;119.0;464.0;0.0;0.0;11.0;25.0;12.0;30.0;7.0;2.0;0.0;0.0;0.0;1.0;0.0;0.0;279.0;96.0;0.0
2024;2024/2;ES;1;0.0;0.0;0.0;0.0;0.0;0.0;1.0;1.0;0.0;0.0;0.0;0.0;0.0;0.0;0.0;0.0;0.0;0.0;0.0;0.0;0.0;0.0;0.0;0.0;0.0;0.0;0.0
2024;2024/2;ES;1331;458.0;366.0;197.0;261.0;48.0;1.0;0.0;55.0;91.0;278.0;4.0;4.0;;;;;;;;;;;;;;;
2024;2024/2;ES;6;;;;;;;;;;;;;;;;;;;;;;;;;;;
2024;2024/2;ES;908;314.0;279.0;130.0;127.0;53.0;4.0;1.0;92.0;185.0;611.0;10.0;2.0;36.0;19.0;48.0;16.0;12.0;4.0;0.0;1.0;0.0;3.0;8.0;0.0;262.0;84.0;10.0
2024;2024/2;ES;2;0.0;0.0;0.0;2.0;0.0;0.0;0.0;0.0;1.0;1.0;0.0;0.0;0.0;0.0;0.0;0.0;0.0;0.0;0.0;1.0;0.0;0.0;0.0;0.0;0.0;0.0;0.0
2024;2024/2;ES;859;134.0;241.0;209.0;211.0;55.0;9.0;0.0;93.0;228.0;493.0;6.0;3.0;;;;;;;;;;;;;;;
2024;2024/2;ES;440;50.0;91.0;98.0;115.0;73.0;13.0;0.0;90.0;84.0;266.0;0.0;0.0;7.0;20.0;26.0;37.0;10.0;8.0;3.0;0.0;0.0;0.0;4.0;5.0;228.0;64.0;0.0
2024;2024/2;ES;37;7.0;7.0;5.0;13.0;2.0;0.0;3.0;9.0;6.0;0.0;0.0;22.0;1.0;0.0;1.0;0.0;0.0;1.0;0.0;0.0;0.0;3.0;0.0;0.0;24.0;9.0;0.0
2024;2024/2;ES;199;52.0;58.0;36.0;34.0;16.0;3.0;0.0;;;;;;4.0;8.0;3.0;14.0;5.0;1.0;2.0;0.0;0.0;10.0;1.0;0.0;80.0;20.0;0.0
2024;2024/2;ES;19;;;;;;;;9.0;3.0;0.0;0.0;0.0;0.0;0.0;0.0;0.0;0.0;0.0;0.0;0.0;0.0;0.0;0.0;0.0;8.0;0.0;0.0
2024;2024/2;ES;302;44.0;93.0;55.0;74.0;31.0;5.0;0.0;54.0;60.0;132.0;0.0;0.0;25.0;4.0;5.0;4.0;4.0;9.0;2.0;0.0;0.0;0.0;0.0;3.0;169.0;28.0;0.0
2024;2024/2;ES;22;;;;;;;;;;;;;;;;;;;;;;;;;;;
2024;2024/2;ES;230;;;;;;;;;;;;;;;;;;;;;;;;;;;
2024;2024/2;ES;2;;;;;;;;;;;;;;;;;;;;;;;;;;;
2024;2024/2;ES;794;156.0;224.0;164.0;190.0;48.0;10.0;2.0;115.0;195.0;478.0;6.0;0.0;31.0;53.0;42.0;167.0;;5.0;1.0;2.0;;17.0;70.0;10.0;369.0;97.0;7.0
2024;2024/2;ES;2;0.0;0.0;0.0;1.0;0.0;1.0;0.0;1.0;1.0;0.0;0.0;0.0;;;;;;;;;;;;;;1.0;1.0
2024;2024/2;ES;1221;134.0;354.0;318.0;354.0;59.0;2.0;0.0;132.0;236.0;834.0;4.0;2.0;33.0;15.0;159.0;87.0;56.0;3.0;1.0;1.0;0.0;3.0;33.0;2.0;346.0;8.0;9.0
2024;2024/2;ES;1337;201.0;409.0;284.0;368.0;73.0;2.0;0.0;121.0;278.0;663.0;0.0;0.0;295.0;223.0;484.0;214.0;47.0;6.0;1.0;1.0;0.0;15.0;191.0;5.0;23.0;15.0;0.0
2024;2024/2;ES;1;0.0;0.0;0.0;0.0;1.0;0.0;0.0;0.0;0.0;1.0;0.0;0.0;;;;;;;;;;;;;;;
2024;2024/2;ES;1105;208.0;372.0;241.0;240.0;42.0;2.0;0.0;123.0;232.0;744.0;6.0;0.0;248.0;215.0;432.0;590.0;25.0;11.0;0.0;1.0;0.0;6.0;138.0;4.0;1146.0;72.0;0.0
2024;2024/2;ES;1103;150.0;362.0;281.0;274.0;34.0;2.0;0.0;126.0;215.0;745.0;4.0;1.0;;;;;;;;;;;;;;;
2024;2024/2;ES;1612;34.0;95.0;169.0;478.0;496.0;191.0;52.0;241.0;281.0;833.0;11.0;4.0;;;;;;;;;;;;;;;
2024;2024/2;ES;2;0.0;0.0;0.0;1.0;0.0;0.0;1.0;1.0;0.0;1.0;0.0;0.0;;;;;;;;;;;;;;;
2024;2024/2;ES;267;45.0;73.0;50.0;68.0;22.0;7.0;2.0;26.0;175.0;66.0;0.0;0.0;18.0;7.0;26.0;41.0;18.0;2.0;0.0;0.0;0.0;2.0;1.0;0.0;99.0;4.0;1.0
2024;2024/2;ES;989;135.0;272.0;228.0;279.0;66.0;4.0;5.0;203.0;294.0;474.0;1.0;0.0;21.0;32.0;134.0;38.0;17.0;4.0;1.0;0.0;0.0;3.0;17.0;1.0;388.0;60.0;40.0
2024;2024/2;ES;3;0.0;1.0;0.0;1.0;0.0;0.0;1.0;0.0;1.0;2.0;0.0;0.0;0.0;0.0;0.0;0.0;0.0;0.0;0.0;0.0;0.0;0.0;0.0;0.0;2.0;0.0;0.0
2024;2024/2;ES;602;103.0;171.0;111.0;151.0;52.0;4.0;2.0;24.0;40.0;153.0;2.0;0.0;15.0;50.0;3.0;89.0;10.0;2.0;33.0;0.0;0.0;0.0;0.0;0.0;238.0;0.0;9.0
2024;2024/2;ES;2;0.0;0.0;0.0;1.0;1.0;0.0;0.0;0.0;0.0;2.0;0.0;0.0;;;;;;;;;;;;;;;
2024;2024/2;ES;72;10.0;16.0;11.0;20.0;14.0;1.0;0.0;10.0;7.0;30.0;25.0;0.0;0.0;0.0;0.0;0.0;0.0;0.0;0.0;0.0;0.0;0.0;0.0;0.0;0.0;0.0;0.0
2024;2024/2;ES;6;1.0;4.0;1.0;0.0;0.0;0.0;0.0;0.0;2.0;4.0;0.0;0.0;;;;;;;;;;;;;;;
2024;2024/2;ES;929;182.0;285.0;204.0;196.0;53.0;8.0;1.0;85.0;211.0;580.0;11.0;1.0;0.0;0.0;0.0;0.0;0.0;0.0;0.0;0.0;0.0;0.0;0.0;0.0;0.0;0.0;0.0
2024;2024/2;ES;1;0.0;0.0;0.0;0.0;1.0;0.0;0.0;1.0;0.0;0.0;0.0;0.0;;;;;;;;;;;;;;;
2024;2024/2;ES;173;0.0;3.0;17.0;52.0;77.0;21.0;3.0;35.0;32.0;100.0;1.0;0.0;10.0;6.0;19.0;7.0;3.0;0.0;0.0;0.0;0.0;2.0;5.0;1.0;22.0;11.0;0.0
2024;2024/2;ES;870;21.0;212.0;280.0;299.0;52.0;4.0;0.0;132.0;172.0;550.0;7.0;0.0;1.0;40.0;0.0;126.0;0.0;15.0;25.0;1.0;0.0;4.0;97.0;2.0;620.0;103.0;0.0
2024;2024/2;ES;139;3.0;12.0;29.0;88.0;7.0;0.0;0.0;;;;;;0.0;0.0;6.0;5.0;2.0;0.0;1.0;0.0;0.0;0.0;3.0;0.0;96.0;59.0;5.0
2024;2024/2;ES;248;44.0;54.0;49.0;69.0;28.0;3.0;1.0;36.0;44.0;105.0;1.0;0.0;26.0;18.0;28.0;21.0;3.0;2.0;0.0;1.0;0.0;1.0;4.0;0.0;161.0;39.0;3.0
2024;2024/2;ES;214;10.0;15.0;25.0;31.0;93.0;29.0;11.0;50.0;33.0;116.0;0.0;0.0;;;;;;;;;;;;;;;
2024;2024/2;ES;1;0.0;0.0;1.0;0.0;0.0;0.0;0.0;0.0;0.0;1.0;0.0;0.0;;;;;;;;;;;;;;;
2024;2024/2;ES;356;50.0;98.0;90.0;113.0;4.0;1.0;0.0;46.0;85.0;222.0;3.0;0.0;;;;;;;;;;;;;;;
2024;2024/2;ES;510;72.0;142.0;111.0;140.0;41.0;3.0;1.0;81.0;89.0;217.0;123.0;0.0;29.0;13.0;42.0;25.0;19.0;3.0;0.0;0.0;0.0;0.0;10.0;0.0;239.0;80.0;12.0
2024;2024/2;ES;185;32.0;57.0;36.0;43.0;12.0;5.0;0.0;25.0;38.0;119.0;2.0;0.0;;;;;;;;;;;;;;;
2024;2024/2;ES;1234;230.0;355.0;238.0;266.0;113.0;25.0;7.0;279.0;290.0;590.0;14.0;3.0;63.0;317.0;210.0;30.0;28.0;3.0;1.0;1.0;0.0;3.0;1.0;0.0;;;
2024;2024/2;ES;848;146.0;182.0;148.0;202.0;114.0;38.0;18.0;192.0;152.0;500.0;4.0;0.0;13.0;21.0;28.0;21.0;9.0;1.0;0.0;1.0;0.0;11.0;13.0;1.0;287.0;99.0;4.0
2024;2024/2;ES;52;4.0;6.0;8.0;16.0;12.0;5.0;1.0;9.0;19.0;24.0;0.0;0.0;2.0;1.0;8.0;0.0;1.0;0.0;0.0;0.0;0.0;0.0;0.0;0.0;1.0;0.0;0.0
2024;2024/2;GO;1977;318.0;448.0;372.0;593.0;222.0;31.0;6.0;449.0;372.0;1160.0;8.0;1.0;0.0;147.0;0.0;283.0;18.0;5.0;6.0;2.0;0.0;52.0;37.0;0.0;429.0;0.0;0.0
2024;2024/2;GO;352;49.0;82.0;65.0;100.0;47.0;3.0;6.0;62.0;69.0;220.0;1.0;0.0;;;;;;;;;;;;;45.0;;
2024;2024/2;GO;235;42.0;46.0;40.0;73.0;29.0;4.0;1.0;57.0;58.0;120.0;0.0;0.0;;;;;;;;;;;;;;;
2024;2024/2;GO;428;52.0;129.0;119.0;102.0;18.0;5.0;3.0;74.0;162.0;192.0;0.0;0.0;;;;;;;;;;;;;;;
2024;2024/2;GO;22;2.0;3.0;4.0;7.0;6.0;0.0;0.0;6.0;6.0;10.0;0.0;0.0;;;;;;;;;;;;;;;
2024;2024/2;GO;121;14.0;32.0;19.0;35.0;13.0;7.0;1.0;21.0;16.0;84.0;0.0;0.0;;;;;;;;;;;;;;;
2024;2024/2;GO;260;;;;;;;;;;;;;;;;;;;;;;;;;;;
2024;2024/2;GO;2504;150.0;559.0;595.0;832.0;295.0;65.0;8.0;571.0;439.0;1416.0;10.0;1.0;;;;;;;;;;;;;;;
2024;2024/2;GO;105;8.0;22.0;22.0;37.0;2.0;0.0;0.0;30.0;17.0;58.0;0.0;0.0;1.0;0.0;0.0;24.0;6.0;1.0;0.0;0.0;0.0;1.0;2.0;0.0;39.0;0.0;0.0
2024;2024/2;GO;389;19.0;94.0;87.0;110.0;64.0;13.0;2.0;62.0;72.0;229.0;0.0;0.0;;;;;;;;;;;;;;;
2024;2024/2;GO;10190;857.0;2083.0;1924.0;3298.0;1541.0;349.0;138.0;2559.0;1603.0;5830.0;70.0;19.0;;;;;;;;;;;;;;;
2024;2024/2;GO;290;16.0;80.0;93.0;89.0;11.0;1.0;0.0;79.0;45.0;165.0;1.0;0.0;4.0;10.0;54.0;;8.0;;;;;;10.0;;85.0;27.0;
2024;2024/2;GO;60;8.0;13.0;20.0;11.0;8.0;0.0;0.0;10.0;8.0;42.0;0.0;0.0;;;;;;;;;;;;;;;
2024;2024/2;GO;151;0.0;21.0;39.0;67.0;22.0;2.0;0.0;47.0;16.0;77.0;0.0;0.0;;;;;;;;;;;;;;;
2024;2024/2;GO;165;5.0;59.0;38.0;53.0;9.0;1.0;0.0;48.0;24.0;85.0;1.0;0.0;;;;;;;;;;;;;;;
2024;2024/2;GO;354;38.0;62.0;77.0;111.0;51.0;15.0;0.0;76.0;70.0;200.0;6.0;0.0;15.0;20.0;20.0;39.0;1.0;;;;;1.0;4.0;3.0;67.0;;
2024;2024/2;GO;44;5.0;6.0;9.0;17.0;7.0;0.0;0.0;13.0;7.0;24.0;0.0;0.0;1.0;;6.0;;;;;;;1.0;;;17.0;;
2024;2024/2;GO;181;15.0;32.0;24.0;59.0;36.0;11.0;4.0;46.0;2.0;99.0;1.0;0.0;;;;;;;;;;;;;;;
2024;2024/2;GO;115;6.0;25.0;35.0;28.0;17.0;3.0;1.0;20.0;18.0;68.0;9.0;0.0;7.0;0.0;5.0;0.0;3.0;0.0;0.0;0.0;0.0;0.0;0.0;0.0;24.0;0.0;0.0
2024;2024/2;GO;96;14.0;17.0;21.0;20.0;19.0;5.0;0.0;28.0;18.0;49.0;1.0;0.0;2.0;8.0;3.0;7.0;3.0;;;;;;;2.0;20.0;2.0;
2024;2024/2;GO;190;16.0;29.0;25.0;45.0;52.0;15.0;8.0;42.0;54.0;91.0;3.0;0.0;;;3.0;;;;;;;;;;;;
2024;2024/2;GO;123;53.0;32.0;19.0;9.0;6.0;3.0;1.0;4.0;32.0;87.0;0.0;0.0;;;;;;;;;;;;;;;
2024;2024/2;GO;66;4.0;16.0;14.0;16.0;15.0;1.0;0.0;18.0;18.0;30.0;0.0;0.0;3.0;0.0;3.0;0.0;3.0;0.0;0.0;0.0;0.0;0.0;1.0;0.0;12.0;0.0;0.0
2024;2024/2;GO;95;8.0;18.0;26.0;29.0;13.0;0.0;1.0;27.0;20.0;48.0;0.0;0.0;;;;;;;;;;;;;;;
2024;2024/2;GO;555;82.0;113.0;108.0;160.0;66.0;22.0;4.0;171.0;115.0;266.0;1.0;1.0;42.0;0.0;92.0;1.0;5.0;1.0;0.0;0.0;0.0;1.0;6.0;0.0;92.0;0.0;0.0
2024;2024/2;GO;104;8.0;24.0;27.0;30.0;15.0;0.0;0.0;28.0;44.0;32.0;0.0;0.0;16.0;;7.0;;;;;;;;3.0;;21.0;;
2024;2024/2;GO;129;16.0;26.0;19.0;44.0;18.0;6.0;0.0;41.0;24.0;64.0;0.0;0.0;10.0;0.0;18.0;0.0;3.0;0.0;0.0;0.0;0.0;2.0;5.0;0.0;19.0;0.0;0.0
2024;2024/2;GO;370;32.0;95.0;71.0;106.0;55.0;11.0;0.0;94.0;60.0;216.0;0.0;0.0;38.0;;43.0;;6.0;;;2.0;;1.0;3.0;;82.0;;
2024;2024/2;GO;46;4.0;13.0;6.0;13.0;9.0;1.0;0.0;2.0;15.0;29.0;0.0;0.0;3.0;;5.0;;;;;;;1.0;1.0;;;7.0;
2024;2024/2;GO;308;50.0;71.0;51.0;93.0;38.0;5.0;0.0;108.0;42.0;157.0;1.0;0.0;;;;;;;;;;;;;;;
2024;2024/2;GO;161;25.0;32.0;21.0;57.0;23.0;3.0;0.0;33.0;32.0;94.0;2.0;0.0;;;;;;;;;;;;;;;
2024;2024/2;GO;129;15.0;33.0;33.0;34.0;11.0;1.0;2.0;14.0;24.0;91.0;0.0;0.0;3.0;;36.0;;1.0;1.0;;1.0;;;2.0;;5.0;;
2024;2024/2;GO;112;23.0;24.0;26.0;20.0;13.0;5.0;1.0;17.0;28.0;67.0;0.0;0.0;;;;;;;;;;;;;;;
2024;2024/2;GO;87;14.0;11.0;20.0;28.0;12.0;2.0;0.0;13.0;22.0;52.0;0.0;0.0;9.0;;10.0;;1.0;;;;;;1.0;;29.0;;
2024;2024/2;GO;34;5.0;10.0;7.0;10.0;2.0;0.0;0.0;7.0;7.0;20.0;0.0;0.0;;;;;;;;;;;;;;;
2024;2024/2;GO;107;5.0;34.0;27.0;21.0;15.0;5.0;0.0;36.0;28.0;43.0;0.0;0.0;14.0;2.0;15.0;;2.0;;;;;2.0;1.0;1.0;15.0;2.0;
2024;2024/2;GO;156;23.0;38.0;26.0;42.0;26.0;0.0;1.0;38.0;40.0;78.0;;;4.0;2.0;3.0;7.0;4.0;;;;;;2.0;;15.0;3.0;
2024;2024/2;GO;113;10.0;27.0;24.0;29.0;15.0;7.0;1.0;39.0;18.0;56.0;0.0;0.0;;;;;;;;;;;;;;;
2024;2024/2;GO;191;26.0;31.0;40.0;50.0;35.0;6.0;3.0;55.0;10.0;126.0;0.0;0.0;;;;;;;;;;;;;;;
2024;2024/2;GO;128;17.0;28.0;24.0;36.0;18.0;5.0;0.0;21.0;19.0;86.0;0.0;0.0;;;;;;;;;;;;;;;
2024;2024/2;GO;106;11.0;20.0;16.0;28.0;19.0;7.0;5.0;31.0;14.0;61.0;0.0;0.0;;6.0;;12.0;2.0;;;;;;1.0;;39.0;;
2024;2024/2;GO;90;12.0;15.0;12.0;28.0;18.0;5.0;0.0;18.0;19.0;53.0;0.0;0.0;5.0;;10.0;;3.0;;;;;;4.0;;45.0;;
2024;2024/2;GO;450;71.0;103.0;96.0;120.0;49.0;8.0;5.0;110.0;82.0;258.0;2.0;0.0;32.0;;70.0;;2.0;;;1.0;;1.0;4.0;;157.0;;
2024;2024/2;GO;75;10.0;23.0;14.0;23.0;5.0;0.0;0.0;17.0;19.0;39.0;0.0;0.0;;;;;;;;;;;;;;;
2024;2024/2;GO;366;76.0;69.0;82.0;96.0;39.0;3.0;1.0;72.0;88.0;205.0;0.0;1.0;;;;;;;;;;;;;;;
2024;2024/2;GO;109;9.0;21.0;25.0;35.0;15.0;3.0;1.0;8.0;16.0;85.0;0.0;0.0;;11.0;13.0;;3.0;;;;;1.0;1.0;;9.0;;
2024;2024/2;GO;171;35.0;46.0;32.0;31.0;23.0;3.0;1.0;35.0;25.0;111.0;0.0;0.0;7.0;;;;;;;;;;;;;;
2024;2024/2;GO;575;33.0;117.0;131.0;181.0;87.0;24.0;2.0;158.0;104.0;313.0;0.0;0.0;58.0;;83.0;;3.0;;;;;1.0;10.0;;140.0;;
2024;2024/2;GO;188;27.0;48.0;38.0;42.0;21.0;9.0;3.0;47.0;42.0;97.0;2.0;0.0;;;;;;;;;;;;;;;
2024;2024/2;GO;135;25.0;45.0;36.0;22.0;4.0;2.0;1.0;29.0;44.0;62.0;0.0;0.0;;;;;;;;;;;;;;;
2024;2024/2;GO;222;54.0;68.0;24.0;64.0;8.0;2.0;2.0;65.0;54.0;103.0;0.0;0.0;;;;;;;;;;;;;;;
2024;2024/2;GO;119;17.0;28.0;23.0;22.0;26.0;3.0;0.0;25.0;32.0;62.0;0.0;0.0;;;;;;;;;;;;;;;
2024;2024/2;GO;191;31.0;30.0;33.0;59.0;30.0;7.0;1.0;27.0;40.0;124.0;0.0;0.0;4.0;;36.0;;;;;;;;4.0;;25.0;;
2024;2024/2;GO;142;18.0;22.0;36.0;36.0;21.0;9.0;0.0;31.0;33.0;76.0;2.0;0.0;;;;;;;;;;;;;;;
2024;2024/2;GO;126;9.0;28.0;19.0;39.0;28.0;3.0;0.0;29.0;25.0;72.0;0.0;0.0;;;;;;;;;;;;;;;
2024;2024/2;GO;154;21.0;27.0;27.0;58.0;18.0;3.0;0.0;44.0;21.0;85.0;4.0;0.0;;;;;;;;;;;;;;;
2024;2024/2;GO;385;71.0;94.0;89.0;90.0;36.0;4.0;1.0;60.0;90.0;233.0;2.0;0.0;;;;;;;;;;;;;;;
2024;2024/2;GO;60;3.0;11.0;9.0;27.0;8.0;2.0;0.0;23.0;9.0;28.0;0.0;0.0;2.0;;3.0;2.0;1.0;;;;;;1.0;;15.0;5.0;
2024;2024/2;GO;230;35.0;48.0;42.0;62.0;32.0;8.0;3.0;29.0;47.0;154.0;0.0;0.0;22.0;;24.0;;5.0;;;;;;5.0;;47.0;;
2024;2024/2;GO;147;28.0;33.0;27.0;39.0;16.0;4.0;0.0;27.0;30.0;90.0;0.0;0.0;;;;;;;;;;;;;;;
2024;2024/2;GO;256;33.0;52.0;59.0;71.0;34.0;6.0;1.0;54.0;48.0;154.0;0.0;0.0;;;;;;;;;;;;;;;
2024;2024/2;GO;400;31.0;114.0;98.0;96.0;51.0;8.0;2.0;103.0;57.0;238.0;2.0;0.0;;;;;;;;;;;;;;;
2024;2024/2;GO;106;32.0;24.0;26.0;15.0;6.0;3.0;0.0;19.0;11.0;73.0;3.0;0.0;;;;;;;;;;;;;;;
2024;2024/2;GO;152;13.0;36.0;34.0;45.0;20.0;4.0;0.0;29.0;31.0;92.0;0.0;0.0;;;;;;;;;;;;;;;
2024;2024/2;GO;205;19.0;38.0;43.0;68.0;30.0;5.0;2.0;32.0;58.0;115.0;0.0;0.0;;;;;;;;;;;;;;;
2024;2024/2;GO;188;23.0;48.0;36.0;58.0;17.0;6.0;0.0;31.0;130.0;27.0;0.0;0.0;13.0;;36.0;;3.0;2.0;;;;1.0;4.0;;39.0;;
2024;2024/2;GO;77;12.0;14.0;16.0;27.0;8.0;0.0;0.0;11.0;19.0;46.0;0.0;1.0;;;;;;;;;;;;;;;
2024;2024/2;GO;114;13.0;25.0;14.0;35.0;20.0;6.0;1.0;27.0;30.0;57.0;0.0;0.0;9.0;16.0;0.0;0.0;2.0;0.0;0.0;0.0;0.0;0.0;2.0;0.0;23.0;0.0;0.0
2024;2024/2;GO;80;8.0;8.0;16.0;27.0;16.0;4.0;1.0;23.0;5.0;52.0;0.0;0.0;7.0;;;15.0;4.0;;;;;;;;6.0;;
2024;2024/2;GO;289;14.0;34.0;34.0;50.0;26.0;8.0;2.0;45.0;30.0;93.0;;;;;;;;;;;;;;;;;
2024;2024/2;GO;88;9.0;16.0;19.0;28.0;14.0;2.0;0.0;7.0;23.0;58.0;0.0;0.0;;;;;;;;;;;;;;;
2024;2024/2;GO;302;28.0;71.0;72.0;88.0;35.0;6.0;2.0;72.0;58.0;169.0;3.0;0.0;;;;;;;;;;;;;;;
2024;2024/2;GO;139;10.0;18.0;28.0;58.0;21.0;3.0;1.0;25.0;19.0;95.0;0.0;0.0;;;;;;;;;;;;;;;
2024;2024/2;GO;189;37.0;39.0;31.0;53.0;26.0;3.0;0.0;28.0;50.0;109.0;2.0;0.0;;;;;;;;;;;;;;;
2024;2024/2;GO;236;33.0;63.0;45.0;65.0;23.0;6.0;1.0;39.0;53.0;143.0;1.0;0.0;;;;;;;;;;;;;;;
2024;2024/2;GO;263;19.0;57.0;68.0;81.0;29.0;7.0;2.0;54.0;93.0;116.0;0.0;0.0;;;;;;;;;;;;;;;
2024;2024/2;GO;290;52.0;60.0;56.0;84.0;31.0;3.0;4.0;50.0;69.0;171.0;0.0;0.0;4.0;;63.0;;12.0;;1.0;;;;4.0;;25.0;;
2024;2024/2;GO;114;18.0;21.0;20.0;41.0;13.0;1.0;0.0;34.0;15.0;63.0;2.0;0.0;7.0;0.0;11.0;0.0;9.0;0.0;0.0;0.0;0.0;1.0;0.0;0.0;42.0;0.0;0.0
2024;2024/2;GO;797;50.0;210.0;156.0;245.0;107.0;23.0;6.0;148.0;150.0;492.0;4.0;3.0;;;;;;;;;;;;;;;
2024;2024/2;GO;30;7.0;9.0;8.0;3.0;3.0;0.0;0.0;6.0;9.0;15.0;0.0;0.0;;;;;;;;;;;;;;;
2024;2024/2;GO;48;8.0;8.0;10.0;16.0;6.0;0.0;0.0;12.0;6.0;28.0;1.0;1.0;4.0;;4.0;3.0;5.0;;;;;;;;17.0;;
2024;2024/2;GO;83;12.0;21.0;15.0;23.0;10.0;2.0;0.0;13.0;19.0;51.0;0.0;0.0;5.0;;11.0;;6.0;;;;;;;;22.0;;
2024;2024/2;GO;413;39.0;119.0;92.0;108.0;43.0;11.0;1.0;;;;;;;;;;;;;;;;;;;;
2024;2024/2;GO;28;0.0;10.0;8.0;5.0;5.0;0.0;0.0;4.0;6.0;18.0;0.0;0.0;2.0;1.0;5.0;;3.0;1.0;;;;;;;;;
2024;2024/2;MA;32;4.0;9.0;5.0;8.0;4.0;2.0;0.0;7.0;3.0;19.0;0.0;0.0;0.0;1.0;2.0;11.0;3.0;0.0;0.0;0.0;0.0;0.0;1.0;0.0;9.0;0.0;0.0
2024;2024/2;MA;73;5.0;10.0;9.0;26.0;22.0;1.0;0.0;7.0;12.0;51.0;3.0;0.0;2.0;0.0;9.0;21.0;11.0;0.0;0.0;0.0;0.0;0.0;5.0;0.0;8.0;0.0;0.0
2024;2024/2;MA;37;2.0;5.0;1.0;13.0;14.0;2.0;0.0;1.0;4.0;31.0;0.0;0.0;1.0;1.0;0.0;1.0;2.0;0.0;0.0;0.0;0.0;0.0;0.0;0.0;8.0;0.0;0.0
2024;2024/2;MA;84;2.0;7.0;12.0;36.0;22.0;4.0;1.0;13.0;22.0;43.0;6.0;0.0;7.0;5.0;10.0;21.0;10.0;1.0;0.0;0.0;0.0;1.0;7.0;0.0;10.0;0.0;0.0
2024;2024/2;MA;59;1.0;4.0;15.0;27.0;8.0;4.0;0.0;10.0;4.0;44.0;0.0;0.0;0.0;0.0;3.0;11.0;9.0;1.0;0.0;0.0;0.0;0.0;3.0;0.0;14.0;0.0;0.0
2024;2024/2;MA;114;8.0;23.0;25.0;37.0;19.0;2.0;0.0;14.0;14.0;77.0;1.0;0.0;5.0;6.0;34.0;49.0;37.0;0.0;0.0;0.0;0.0;2.0;10.0;0.0;28.0;1.0;0.0
2024;2024/2;MA;41;4.0;2.0;7.0;15.0;9.0;4.0;0.0;4.0;10.0;27.0;0.0;0.0;1.0;2.0;1.0;5.0;3.0;0.0;0.0;0.0;0.0;0.0;0.0;0.0;8.0;0.0;0.0
2024;2024/2;MA;16;0.0;3.0;3.0;6.0;4.0;0.0;0.0;1.0;0.0;13.0;2.0;0.0;2.0;2.0;0.0;5.0;2.0;0.0;1.0;0.0;0.0;0.0;1.0;0.0;12.0;0.0;0.0
2024;2024/2;MA;27;2.0;7.0;6.0;11.0;1.0;0.0;0.0;1.0;7.0;18.0;1.0;0.0;8.0;3.0;8.0;26.0;1.0;0.0;0.0;0.0;0.0;1.0;2.0;0.0;12.0;0.0;0.0
2024;2024/2;MA;162;50.0;44.0;23.0;30.0;14.0;1.0;0.0;20.0;39.0;103.0;0.0;0.0;24.0;9.0;46.0;107.0;8.0;3.0;1.0;0.0;0.0;1.0;26.0;0.0;72.0;0.0;0.0
2024;2024/2;MA;323;81.0;70.0;61.0;80.0;27.0;2.0;2.0;42.0;61.0;215.0;4.0;0.0;48.0;36.0;50.0;142.0;13.0;4.0;1.0;5.0;0.0;4.0;27.0;0.0;134.0;0.0;0.0
2024;2024/2;MA;430;50.0;61.0;61.0;140.0;93.0;24.0;1.0;50.0;108.0;260.0;3.0;1.0;53.0;29.0;35.0;84.0;19.0;1.0;0.0;0.0;0.0;0.0;24.0;0.0;82.0;0.0;0.0
2024;2024/2;MA;230;40.0;37.0;45.0;79.0;27.0;2.0;0.0;21.0;37.0;168.0;3.0;1.0;44.0;23.0;58.0;75.0;21.0;7.0;3.0;0.0;0.0;6.0;19.0;0.0;60.0;0.0;0.0
2024;2024/2;MA;345;70.0;82.0;54.0;99.0;38.0;1.0;1.0;43.0;69.0;221.0;12.0;0.0;64.0;40.0;62.0;170.0;21.0;6.0;0.0;0.0;0.0;0.0;35.0;0.0;105.0;0.0;0.0
2024;2024/2;MA;488;154.0;130.0;77.0;85.0;39.0;3.0;0.0;37.0;132.0;313.0;6.0;0.0;72.0;51.0;79.0;186.0;32.0;4.0;1.0;0.0;0.0;0.0;33.0;0.0;311.0;0.0;0.0
2024;2024/2;MA;614;94.0;217.0;168.0;116.0;19.0;0.0;0.0;62.0;146.0;401.0;4.0;0.0;78.0;73.0;242.0;655.0;53.0;10.0;2.0;1.0;0.0;3.0;130.0;0.0;444.0;2.0;0.0
2024;2024/2;MA;399;92.0;124.0;74.0;82.0;21.0;3.0;3.0;25.0;82.0;281.0;6.0;0.0;48.0;39.0;124.0;363.0;44.0;2.0;1.0;0.0;0.0;4.0;84.0;0.0;178.0;0.0;0.0
2024;2024/2;MA;1203;235.0;238.0;187.0;331.0;153.0;36.0;15.0;163.0;167.0;846.0;16.0;0.0;72.0;36.0;113.0;276.0;28.0;2.0;1.0;1.0;0.0;15.0;81.0;0.0;452.0;4.0;0.0
2024;2024/2;MA;51;5.0;13.0;11.0;13.0;8.0;1.0;0.0;7.0;7.0;37.0;0.0;0.0;0.0;1.0;5.0;14.0;2.0;1.0;0.0;0.0;0.0;0.0;4.0;0.0;36.0;0.0;0.0
2024;2024/2;MA;308;70.0;53.0;47.0;88.0;47.0;2.0;0.0;39.0;47.0;218.0;4.0;0.0;23.0;25.0;15.0;74.0;20.0;4.0;1.0;0.0;0.0;14.0;26.0;0.0;268.0;0.0;0.0
2024;2024/2;MA;256;63.0;47.0;39.0;48.0;43.0;12.0;4.0;38.0;50.0;165.0;3.0;0.0;40.0;14.0;32.0;71.0;21.0;1.0;0.0;1.0;0.0;1.0;25.0;0.0;109.0;0.0;0.0
2024;2024/2;MA;309;92.0;75.0;49.0;64.0;24.0;5.0;0.0;53.0;41.0;207.0;4.0;1.0;41.0;34.0;27.0;128.0;20.0;1.0;1.0;0.0;0.0;0.0;27.0;0.0;125.0;0.0;0.0
2024;2024/2;MA;84;13.0;19.0;12.0;21.0;15.0;2.0;1.0;18.0;16.0;44.0;0.0;6.0;13.0;3.0;7.0;11.0;5.0;0.0;0.0;0.0;0.0;0.0;1.0;0.0;25.0;0.0;0.0
2024;2024/2;MA;191;46.0;46.0;26.0;45.0;23.0;4.0;1.0;14.0;38.0;135.0;1.0;0.0;19.0;10.0;37.0;91.0;14.0;0.0;0.0;0.0;0.0;2.0;19.0;0.0;57.0;0.0;0.0
2024;2024/2;MA;216;53.0;43.0;32.0;55.0;24.0;5.0;1.0;36.0;13.0;165.0;2.0;0.0;28.0;13.0;25.0;57.0;6.0;0.0;0.0;0.0;0.0;1.0;18.0;0.0;84.0;0.0;0.0
2024;2024/2;MA;190;39.0;57.0;32.0;47.0;15.0;0.0;0.0;14.0;40.0;133.0;3.0;0.0;21.0;19.0;38.0;83.0;18.0;3.0;0.0;0.0;0.0;1.0;21.0;0.0;52.0;0.0;0.0
2024;2024/2;MA;121;24.0;32.0;22.0;22.0;17.0;4.0;0.0;9.0;16.0;88.0;5.0;0.0;31.0;24.0;11.0;46.0;8.0;1.0;0.0;0.0;0.0;3.0;6.0;0.0;20.0;0.0;0.0
2024;2024/2;MA;192;66.0;47.0;18.0;43.0;18.0;0.0;0.0;28.0;31.0;131.0;2.0;0.0;18.0;11.0;39.0;72.0;15.0;1.0;0.0;0.0;0.0;1.0;17.0;0.0;90.0;0.0;0.0
2024;2024/2;MA;156;18.0;10.0;23.0;48.0;41.0;10.0;6.0;23.0;28.0;102.0;3.0;0.0;17.0;6.0;22.0;24.0;3.0;1.0;0.0;0.0;0.0;2.0;12.0;0.0;50.0;0.0;0.0
2024;2024/2;MA;83;21.0;17.0;13.0;15.0;11.0;4.0;1.0;6.0;19.0;56.0;2.0;0.0;16.0;7.0;11.0;16.0;1.0;0.0;0.0;0.0;0.0;1.0;4.0;0.0;41.0;0.0;0.0
2024;2024/2;MA;51;15.0;5.0;11.0;14.0;5.0;1.0;0.0;7.0;14.0;25.0;1.0;4.0;1.0;2.0;1.0;9.0;5.0;0.0;0.0;0.0;0.0;1.0;5.0;0.0;16.0;0.0;0.0
2024;2024/2;MA;513;174.0;156.0;80.0;81.0;19.0;2.0;1.0;68.0;94.0;336.0;15.0;0.0;34.0;20.0;151.0;335.0;42.0;7.0;2.0;0.0;0.0;2.0;86.0;0.0;265.0;0.0;0.0
2024;2024/2;MA;147;45.0;28.0;20.0;36.0;15.0;3.0;0.0;13.0;35.0;99.0;0.0;0.0;16.0;12.0;11.0;57.0;8.0;0.0;0.0;0.0;0.0;0.0;14.0;0.0;82.0;0.0;0.0
2024;2024/2;MA;11;0.0;2.0;0.0;6.0;1.0;1.0;1.0;6.0;1.0;3.0;1.0;0.0;0.0;0.0;1.0;0.0;0.0;0.0;0.0;0.0;0.0;1.0;0.0;0.0;1.0;0.0;0.0
2024;2024/2;MA;101;4.0;11.0;20.0;40.0;21.0;5.0;0.0;17.0;24.0;57.0;1.0;0.0;12.0;3.0;7.0;12.0;3.0;1.0;0.0;0.0;0.0;1.0;3.0;0.0;9.0;0.0;0.0
2024;2024/2;MA;91;17.0;13.0;13.0;28.0;18.0;1.0;1.0;14.0;16.0;59.0;2.0;0.0;16.0;14.0;14.0;22.0;8.0;2.0;0.0;0.0;0.0;0.0;6.0;0.0;28.0;0.0;0.0
2024;2024/2;MA;158;34.0;23.0;26.0;44.0;27.0;3.0;1.0;18.0;18.0;114.0;8.0;0.0;15.0;8.0;14.0;18.0;2.0;0.0;0.0;0.0;0.0;2.0;10.0;0.0;30.0;0.0;0.0
2024;2024/2;MA;192;31.0;30.0;29.0;62.0;29.0;10.0;1.0;8.0;21.0;161.0;1.0;0.0;24.0;13.0;21.0;37.0;5.0;0.0;0.0;0.0;0.0;3.0;12.0;0.0;64.0;0.0;0.0
2024;2024/2;MA;248;55.0;64.0;29.0;68.0;27.0;5.0;0.0;29.0;43.0;170.0;2.0;1.0;43.0;29.0;36.0;137.0;11.0;4.0;0.0;1.0;0.0;5.0;28.0;0.0;72.0;2.0;0.0
2024;2024/2;MA;102;28.0;20.0;14.0;23.0;12.0;5.0;0.0;11.0;26.0;63.0;2.0;0.0;20.0;17.0;6.0;21.0;4.0;0.0;0.0;0.0;0.0;3.0;3.0;0.0;34.0;0.0;0.0
2024;2024/2;MA;488;37.0;73.0;86.0;180.0;86.0;23.0;3.0;67.0;93.0;320.0;7.0;0.0;62.0;46.0;79.0;143.0;28.0;0.0;0.0;4.0;0.0;4.0;36.0;0.0;100.0;1.0;0.0
2024;2024/2;MA;899;111.0;232.0;200.0;268.0;77.0;10.0;1.0;123.0;170.0;593.0;9.0;0.0;198.0;117.0;265.0;493.0;87.0;8.0;6.0;4.0;0.0;12.0;100.0;0.0;322.0;1.0;0.0
2024;2024/2;MA;455;118.0;143.0;103.0;80.0;11.0;0.0;0.0;70.0;62.0;303.0;16.0;2.0;38.0;35.0;120.0;388.0;78.0;1.0;6.0;0.0;0.0;2.0;70.0;0.0;355.0;8.0;0.0
2024;2024/2;MA;81;7.0;17.0;24.0;28.0;5.0;0.0;0.0;18.0;12.0;50.0;1.0;0.0;13.0;12.0;25.0;75.0;21.0;2.0;5.0;1.0;0.0;2.0;20.0;0.0;45.0;0.0;0.0
2024;2024/2;MA;355;105.0;120.0;63.0;59.0;8.0;0.0;0.0;35.0;89.0;223.0;7.0;0.0;26.0;19.0;103.0;352.0;16.0;2.0;2.0;0.0;0.0;4.0;43.0;0.0;182.0;3.0;0.0
2024;2024/2;MA;610;225.0;187.0;99.0;90.0;8.0;1.0;0.0;64.0;128.0;411.0;7.0;0.0;24.0;24.0;128.0;625.0;61.0;17.0;7.0;0.0;0.0;1.0;69.0;0.0;260.0;0.0;0.0
2024;2024/2;MA;579;147.0;197.0;134.0;94.0;6.0;1.0;0.0;58.0;129.0;377.0;8.0;0.0;34.0;24.0;125.0;438.0;74.0;7.0;10.0;1.0;0.0;1.0;70.0;0.0;449.0;0.0;0.0
2024;2024/2;MA;358;137.0;91.0;39.0;61.0;24.0;6.0;0.0;32.0;57.0;264.0;5.0;0.0;37.0;32.0;78.0;249.0;24.0;1.0;0.0;1.0;0.0;4.0;107.0;0.0;185.0;0.0;0.0
2024;2024/2;MA;111;27.0;32.0;21.0;22.0;9.0;0.0;0.0;11.0;21.0;74.0;5.0;0.0;14.0;9.0;16.0;69.0;12.0;0.0;0.0;0.0;0.0;1.0;17.0;0.0;49.0;0.0;0.0
2024;2024/2;MA;139;28.0;34.0;25.0;31.0;19.0;2.0;0.0;15.0;27.0;96.0;1.0;0.0;12.0;7.0;10.0;43.0;9.0;0.0;0.0;0.0;0.0;2.0;5.0;0.0;66.0;1.0;0.0
2024;2024/2;MA;148;15.0;33.0;41.0;53.0;6.0;0.0;0.0;12.0;37.0;96.0;2.0;1.0;5.0;3.0;32.0;116.0;19.0;0.0;1.0;0.0;0.0;1.0;16.0;0.0;68.0;0.0;0.0
2024;2024/2;MA;121;0.0;26.0;23.0;48.0;24.0;0.0;0.0;25.0;22.0;69.0;2.0;0.0;1.0;6.0;14.0;35.0;12.0;1.0;0.0;0.0;0.0;2.0;6.0;0.0;33.0;0.0;0.0
2024;2024/2;MA;72;5.0;16.0;12.0;22.0;16.0;1.0;0.0;9.0;18.0;43.0;1.0;0.0;14.0;10.0;13.0;36.0;4.0;0.0;3.0;1.0;0.0;0.0;4.0;0.0;11.0;0.0;0.0
2024;2024/2;MA;82;2.0;15.0;29.0;32.0;4.0;0.0;0.0;13.0;12.0;53.0;2.0;0.0;2.0;2.0;13.0;59.0;19.0;1.0;0.0;0.0;0.0;0.0;16.0;0.0;98.0;1.0;0.0
2024;2024/2;MG;42;8.0;7.0;4.0;14.0;7.0;1.0;1.0;3.0;15.0;23.0;1.0;0.0;;;;;;;;;;;;;;;
2024;2024/2;MG;84;8.0;14.0;24.0;28.0;9.0;0.0;1.0;27.0;19.0;38.0;0.0;0.0;;;;;;;;;;;;;;;
2024;2024/2;MG;88;1.0;21.0;17.0;27.0;18.0;4.0;0.0;12.0;21.0;52.0;2.0;0.0;;;;;;;;;;;;;;;
2024;2024/2;MG;116;15.0;20.0;21.0;41.0;17.0;2.0;0.0;40.0;21.0;53.0;2.0;0.0;;;;;;;;;;;;;;;
2024;2024/2;MG;41;0.0;13.0;7.0;16.0;4.0;1.0;0.0;14.0;8.0;19.0;0.0;0.0;;;;;;;;;;;;;;;
2024;2024/2;MG;135;0.0;22.0;19.0;57.0;32.0;5.0;0.0;35.0;29.0;67.0;4.0;0.0;;;;;;;;;;;;;;;
2024;2024/2;MG;163;4.0;23.0;29.0;60.0;36.0;9.0;2.0;30.0;42.0;89.0;2.0;0.0;;;;;;;;;;;;;;;
2024;2024/2;MG;80;7.0;7.0;13.0;37.0;12.0;4.0;0.0;30.0;10.0;38.0;1.0;1.0;;;;;;;;;;;;;;;
2024;2024/2;MG;242;32.0;53.0;50.0;68.0;21.0;11.0;7.0;86.0;75.0;71.0;0.0;2.0;;;;;;;;;;;;;;;
2024;2024/2;MG;98;14.0;26.0;18.0;23.0;15.0;2.0;0.0;30.0;20.0;38.0;2.0;0.0;;;;;;;;;;;;;;;
2024;2024/2;MG;141;25.0;38.0;22.0;39.0;14.0;3.0;0.0;27.0;27.0;82.0;5.0;0.0;;;;;;;;;;;;;;;
2024;2024/2;MG;79;4.0;15.0;15.0;25.0;13.0;4.0;3.0;30.0;11.0;34.0;4.0;0.0;;;;;;;;;;;;;;;
2024;2024/2;MG;105;6.0;23.0;31.0;28.0;13.0;3.0;1.0;35.0;30.0;36.0;4.0;0.0;;;;;;;;;;;;;;;
2024;2024/2;MG;220;31.0;34.0;38.0;65.0;41.0;8.0;3.0;70.0;53.0;95.0;0.0;0.0;;;;;;;;;;;;;;;
2024;2024/2;MG;59;2.0;8.0;5.0;34.0;9.0;1.0;0.0;19.0;12.0;26.0;1.0;0.0;;;;;;;;;;;;;;;
2024;2024/2;MG;67;4.0;6.0;8.0;29.0;18.0;1.0;0.0;11.0;17.0;36.0;1.0;0.0;;;;;;;;;;;;;;;
2024;2024/2;MG;74;4.0;14.0;15.0;25.0;11.0;3.0;2.0;21.0;16.0;36.0;0.0;0.0;;;;;;;;;;;;;;;
2024;2024/2;MG;90;2.0;9.0;23.0;31.0;21.0;3.0;1.0;19.0;29.0;39.0;3.0;0.0;;;;;;;;;;;;;;;
2024;2024/2;MG;68;7.0;7.0;19.0;22.0;13.0;0.0;0.0;14.0;12.0;35.0;3.0;0.0;;;;;;;;;;;;;;;
2024;2024/2;MG;133;7.0;27.0;29.0;53.0;14.0;1.0;2.0;44.0;28.0;59.0;1.0;0.0;;;;;;;;;;;;;;;
2024;2024/2;MG;36;2.0;6.0;5.0;14.0;7.0;1.0;1.0;12.0;4.0;20.0;0.0;0.0;;;;;;;;;;;;;;;
2024;2024/2;MG;69;14.0;12.0;10.0;17.0;12.0;4.0;0.0;24.0;9.0;33.0;2.0;0.0;;;;;;;;;;;;;;;
2024;2024/2;MG;101;4.0;20.0;16.0;33.0;18.0;9.0;1.0;11.0;26.0;58.0;0.0;2.0;;;;;;;;;;;;;;;
2024;2024/2;MG;137;10.0;37.0;23.0;39.0;23.0;4.0;1.0;50.0;19.0;65.0;2.0;0.0;;;;;;;;;;;;;;;
2024;2024/2;MG;132;15.0;15.0;23.0;41.0;27.0;8.0;3.0;51.0;19.0;59.0;3.0;0.0;;;;;;;;;;;;;;;
2024;2024/2;MG;80;18.0;14.0;8.0;24.0;11.0;4.0;1.0;30.0;10.0;39.0;1.0;0.0;;;;;;;;;;;;;;;
2024;2024/2;MG;52;5.0;9.0;14.0;17.0;6.0;1.0;0.0;16.0;11.0;25.0;0.0;0.0;;;;;;;;;;;;;;;
2024;2024/2;MG;120;2.0;10.0;16.0;46.0;30.0;13.0;3.0;29.0;20.0;69.0;0.0;0.0;;;;;;;;;;;;;;;
2024;2024/2;MG;191;17.0;47.0;51.0;51.0;18.0;4.0;3.0;47.0;45.0;95.0;4.0;0.0;;;;;;;;;;;;;;;
2024;2024/2;MG;141;20.0;36.0;30.0;29.0;14.0;9.0;3.0;45.0;30.0;49.0;2.0;0.0;;;;;;;;;;;;;;;
2024;2024/2;MG;135;20.0;24.0;27.0;43.0;13.0;7.0;1.0;44.0;23.0;65.0;3.0;0.0;;;;;;;;;;;;;;;
2024;2024/2;MG;138;16.0;29.0;29.0;40.0;20.0;3.0;1.0;36.0;29.0;69.0;2.0;0.0;;;;;;;;;;;;;;;
2024;2024/2;MG;40;7.0;12.0;7.0;11.0;3.0;0.0;0.0;6.0;13.0;21.0;0.0;0.0;;;;;;;;;;;;;;;
2024;2024/2;MG;79;13.0;13.0;17.0;25.0;9.0;1.0;1.0;15.0;27.0;37.0;0.0;0.0;;;;;;;;;;;;;;;
2024;2024/2;MG;136;19.0;28.0;25.0;44.0;17.0;2.0;1.0;16.0;49.0;71.0;0.0;0.0;;;;;;;;;;;;;;;
2024;2024/2;MG;189;12.0;31.0;44.0;62.0;30.0;9.0;1.0;98.0;26.0;57.0;4.0;0.0;;;;;;;;;;;;;;;
2024;2024/2;MG;33;2.0;7.0;8.0;12.0;4.0;0.0;0.0;17.0;5.0;9.0;1.0;0.0;;;;;;;;;;;;;;;
2024;2024/2;MG;52;6.0;12.0;9.0;15.0;10.0;0.0;0.0;16.0;9.0;25.0;1.0;0.0;;;;;;;;;;;;;;;
2024;2024/2;MG;85;10.0;13.0;15.0;25.0;16.0;4.0;2.0;6.0;10.0;28.0;3.0;0.0;;;;;;;;;;;;;;;
2024;2024/2;MG;43;4.0;9.0;11.0;9.0;7.0;3.0;0.0;7.0;16.0;19.0;0.0;0.0;;;;;;;;;;;;;;;
2024;2024/2;MG;192;1.0;12.0;31.0;94.0;43.0;9.0;2.0;45.0;37.0;105.0;4.0;0.0;;;;;;;;;;;;;;;
2024;2024/2;MG;48;2.0;6.0;7.0;20.0;9.0;3.0;1.0;9.0;13.0;24.0;0.0;0.0;;;;;;;;;;;;;;;
2024;2024/2;MG;116;14.0;30.0;30.0;27.0;14.0;1.0;0.0;16.0;20.0;78.0;2.0;0.0;;;;;;;;;;;;;;;
2024;2024/2;MG;344;16.0;64.0;65.0;124.0;58.0;11.0;6.0;104.0;67.0;160.0;3.0;0.0;;;;;;;;;;;;;;;
2024;2024/2;MG;80;4.0;15.0;23.0;25.0;12.0;1.0;0.0;17.0;10.0;17.0;2.0;0.0;;;;;;;;;;;;;;;
2024;2024/2;MG;38;0.0;1.0;4.0;18.0;13.0;2.0;0.0;6.0;9.0;22.0;0.0;0.0;;;;;;;;;;;;;;;
2024;2024/2;MG;39;4.0;12.0;5.0;13.0;5.0;0.0;0.0;16.0;9.0;14.0;0.0;0.0;;;;;;;;;;;;;;;
2024;2024/2;MG;89;3.0;15.0;16.0;33.0;18.0;3.0;1.0;19.0;19.0;44.0;4.0;0.0;;;;;;;;;;;;;;;
2024;2024/2;MG;39;3.0;12.0;9.0;6.0;8.0;1.0;0.0;17.0;6.0;16.0;0.0;0.0;;;;;;;;;;;;;;;
2024;2024/2;MG;30;0.0;1.0;2.0;20.0;7.0;0.0;0.0;13.0;5.0;11.0;0.0;0.0;0.0;0.0;1.0;0.0;0.0;0.0;0.0;0.0;0.0;0.0;0.0;0.0;1.0;4.0;0.0
2024;2024/2;MG;40;6.0;6.0;7.0;12.0;9.0;0.0;0.0;7.0;8.0;24.0;0.0;0.0;0.0;0.0;3.0;7.0;0.0;0.0;0.0;0.0;0.0;0.0;0.0;0.0;3.0;0.0;0.0
2024;2024/2;MG;42;7.0;12.0;5.0;12.0;4.0;2.0;0.0;16.0;5.0;18.0;0.0;0.0;1.0;1.0;2.0;2.0;;;;;;;;;2.0;;
2024;2024/2;MG;17;4.0;8.0;2.0;3.0;0.0;0.0;0.0;4.0;6.0;7.0;0.0;0.0;0.0;0.0;0.0;0.0;0.0;0.0;0.0;0.0;0.0;0.0;0.0;0.0;3.0;0.0;0.0
2024;2024/2;MG;811;271.0;196.0;142.0;157.0;39.0;5.0;1.0;107.0;239.0;457.0;7.0;1.0;5.0;8.0;4.0;12.0;0.0;0.0;0.0;0.0;0.0;0.0;4.0;0.0;30.0;0.0;0.0
2024;2024/2;MG;98;1.0;15.0;23.0;44.0;14.0;1.0;0.0;10.0;36.0;50.0;2.0;0.0;;;;;;;;;;;;;;;
2024;2024/2;MG;1147;389.0;236.0;182.0;256.0;75.0;8.0;1.0;147.0;385.0;599.0;13.0;3.0;0.0;0.0;3.0;2.0;0.0;0.0;0.0;0.0;0.0;0.0;0.0;0.0;0.0;0.0;0.0
2024;2024/2;MG;379;94.0;72.0;74.0;99.0;37.0;3.0;0.0;70.0;97.0;205.0;7.0;0.0;0.0;10.0;9.0;10.0;0.0;0.0;0.0;0.0;0.0;0.0;2.0;0.0;4.0;0.0;0.0
2024;2024/2;MG;694;153.0;145.0;126.0;196.0;62.0;11.0;1.0;173.0;252.0;265.0;2.0;0.0;14.0;10.0;5.0;6.0;0.0;0.0;1.0;0.0;0.0;0.0;2.0;0.0;45.0;0.0;0.0
2024;2024/2;MG;896;130.0;212.0;181.0;253.0;96.0;21.0;3.0;245.0;199.0;414.0;34.0;2.0;3.0;2.0;24.0;9.0;0.0;1.0;2.0;0.0;0.0;0.0;0.0;0.0;56.0;6.0;0.0
2024;2024/2;MG;398;31.0;84.0;81.0;138.0;56.0;7.0;1.0;78.0;111.0;204.0;2.0;2.0;14.0;6.0;13.0;25.0;0.0;2.0;3.0;0.0;0.0;1.0;2.0;0.0;88.0;3.0;0.0
2024;2024/2;MG;2616;328.0;706.0;638.0;734.0;189.0;17.0;3.0;435.0;698.0;1442.0;38.0;3.0;26.0;20.0;108.0;152.0;0.0;1.0;3.0;0.0;0.0;1.0;12.0;0.0;352.0;15.0;9.0
2024;2024/2;MG;478;56.0;99.0;90.0;162.0;58.0;9.0;4.0;141.0;103.0;230.0;3.0;1.0;22.0;24.0;37.0;42.0;0.0;3.0;0.0;0.0;0.0;0.0;5.0;0.0;47.0;1.0;0.0
2024;2024/2;MG;1057;180.0;246.0;233.0;283.0;91.0;18.0;6.0;117.0;126.0;756.0;30.0;0.0;18.0;8.0;8.0;49.0;0.0;0.0;0.0;0.0;0.0;0.0;0.0;0.0;67.0;0.0;0.0
2024;2024/2;MG;670;39.0;135.0;175.0;265.0;51.0;5.0;0.0;138.0;164.0;360.0;7.0;0.0;64.0;15.0;159.0;173.0;0.0;2.0;7.0;0.0;0.0;5.0;20.0;4.0;373.0;25.0;0.0
2024;2024/2;MG;668;47.0;168.0;181.0;224.0;47.0;1.0;0.0;129.0;166.0;356.0;17.0;0.0;30.0;37.0;214.0;179.0;0.0;4.0;1.0;4.0;0.0;0.0;29.0;0.0;319.0;7.0;4.0
2024;2024/2;MG;753;79.0;165.0;171.0;267.0;65.0;4.0;2.0;127.0;199.0;408.0;17.0;2.0;76.0;44.0;183.0;236.0;0.0;6.0;2.0;0.0;0.0;0.0;26.0;6.0;646.0;15.0;3.0
2024;2024/2;MG;7895;;;;;;;;1953.0;1598.0;3901.0;5.0;12.0;;;;;;;;;;;;;;;
2024;2024/2;MG;180;12.0;31.0;30.0;63.0;41.0;2.0;1.0;44.0;42.0;92.0;2.0;0.0;35.0;6.0;6.0;6.0;0.0;0.0;0.0;0.0;0.0;0.0;0.0;0.0;8.0;5.0;0.0
2024;2024/2;MG;913;87.0;183.0;189.0;290.0;129.0;26.0;9.0;177.0;185.0;538.0;13.0;0.0;134.0;33.0;131.0;131.0;0.0;3.0;0.0;0.0;0.0;2.0;12.0;0.0;318.0;11.0;2.0
2024;2024/2;MG;1153;137.0;274.0;269.0;369.0;89.0;12.0;3.0;320.0;239.0;585.0;9.0;0.0;30.0;15.0;51.0;96.0;0.0;1.0;3.0;0.0;0.0;0.0;10.0;0.0;160.0;6.0;0.0
2024;2024/2;MG;731;160.0;188.0;163.0;156.0;56.0;7.0;1.0;153.0;220.0;339.0;17.0;0.0;27.0;54.0;39.0;166.0;0.0;7.0;0.0;1.0;0.0;1.0;25.0;1.0;182.0;38.0;8.0
2024;2024/2;MG;1392;189.0;323.0;274.0;402.0;163.0;35.0;6.0;234.0;416.0;698.0;32.0;0.0;48.0;24.0;94.0;73.0;0.0;0.0;0.0;3.0;0.0;0.0;8.0;1.0;343.0;6.0;3.0
2024;2024/2;MG;1246;129.0;295.0;276.0;387.0;136.0;19.0;4.0;208.0;316.0;709.0;10.0;3.0;8.0;10.0;12.0;29.0;0.0;0.0;2.0;0.0;0.0;0.0;0.0;0.0;112.0;6.0;0.0
2024;2024/2;MG;1284;127.0;305.0;288.0;392.0;156.0;15.0;1.0;306.0;430.0;512.0;25.0;2.0;41.0;18.0;134.0;66.0;0.0;2.0;0.0;0.0;0.0;2.0;13.0;0.0;397.0;17.0;3.0
2024;2024/2;MG;1080;142.0;271.0;257.0;325.0;83.0;2.0;0.0;188.0;321.0;557.0;12.0;2.0;26.0;6.0;30.0;21.0;0.0;0.0;0.0;0.0;0.0;0.0;6.0;0.0;84.0;4.0;1.0
2024;2024/2;MG;1380;170.0;309.0;302.0;425.0;147.0;23.0;4.0;413.0;292.0;659.0;15.0;1.0;78.0;60.0;125.0;132.0;0.0;4.0;9.0;0.0;0.0;2.0;34.0;0.0;370.0;14.0;4.0
2024;2024/2;MG;843;139.0;199.0;185.0;218.0;93.0;9.0;0.0;175.0;266.0;335.0;10.0;0.0;28.0;23.0;39.0;66.0;0.0;2.0;1.0;0.0;0.0;0.0;1.0;0.0;225.0;7.0;3.0
2024;2024/2;MG;432;40.0;115.0;131.0;121.0;25.0;0.0;0.0;68.0;139.0;219.0;5.0;1.0;59.0;70.0;121.0;103.0;0.0;8.0;1.0;0.0;0.0;1.0;1.0;0.0;169.0;1.0;0.0
2024;2024/2;MG;385;35.0;83.0;97.0;129.0;33.0;8.0;0.0;131.0;65.0;186.0;2.0;1.0;18.0;11.0;45.0;28.0;0.0;6.0;0.0;0.0;0.0;0.0;5.0;0.0;105.0;3.0;0.0
2024;2024/2;MG;742;75.0;157.0;193.0;247.0;63.0;7.0;0.0;217.0;175.0;339.0;11.0;0.0;17.0;6.0;24.0;58.0;0.0;0.0;4.0;0.0;0.0;0.0;16.0;0.0;231.0;6.0;3.0
2024;2024/2;MG;462;10.0;88.0;117.0;197.0;47.0;3.0;0.0;153.0;79.0;221.0;8.0;0.0;1.0;0.0;2.0;8.0;0.0;0.0;0.0;0.0;0.0;0.0;2.0;0.0;9.0;2.0;0.0
2024;2024/2;MG;166;18.0;29.0;39.0;44.0;25.0;10.0;1.0;20.0;36.0;107.0;3.0;0.0;29.0;13.0;24.0;15.0;0.0;0.0;0.0;0.0;0.0;0.0;7.0;0.0;42.0;0.0;1.0
2024;2024/2;MG;1093;162.0;280.0;228.0;299.0;104.0;18.0;2.0;292.0;268.0;522.0;8.0;0.0;3.0;4.0;16.0;29.0;0.0;0.0;3.0;0.0;0.0;1.0;4.0;0.0;103.0;3.0;0.0
2024;2024/2;MG;487;72.0;119.0;116.0;135.0;38.0;5.0;2.0;171.0;105.0;199.0;3.0;0.0;0.0;1.0;4.0;3.0;0.0;0.0;0.0;0.0;0.0;0.0;0.0;0.0;8.0;0.0;0.0
2024;2024/2;MG;331;30.0;62.0;81.0;111.0;38.0;8.0;1.0;44.0;75.0;178.0;8.0;1.0;23.0;6.0;25.0;16.0;0.0;1.0;0.0;0.0;0.0;0.0;6.0;0.0;29.0;2.0;0.0
2024;2024/2;MG;1853;343.0;533.0;373.0;496.0;95.0;12.0;1.0;275.0;517.0;1028.0;27.0;4.0;31.0;4.0;122.0;90.0;0.0;0.0;0.0;0.0;0.0;0.0;8.0;0.0;367.0;13.0;6.0
2024;2024/2;MG;284;60.0;74.0;53.0;71.0;23.0;3.0;0.0;57.0;98.0;126.0;3.0;0.0;0.0;0.0;0.0;0.0;0.0;0.0;0.0;0.0;0.0;0.0;0.0;0.0;1.0;0.0;0.0
2024;2024/2;MG;116;17.0;17.0;21.0;36.0;23.0;2.0;0.0;10.0;28.0;76.0;2.0;0.0;5.0;1.0;3.0;11.0;0.0;2.0;0.0;0.0;0.0;0.0;0.0;0.0;14.0;0.0;0.0
2024;2024/2;MG;1787;154.0;268.0;266.0;559.0;406.0;106.0;27.0;304.0;507.0;908.0;23.0;6.0;3.0;0.0;26.0;4.0;0.0;0.0;0.0;0.0;0.0;1.0;5.0;0.0;33.0;0.0;2.0
2024;2024/2;MG;215;26.0;54.0;60.0;54.0;18.0;3.0;0.0;35.0;59.0;117.0;4.0;0.0;;;;;;;;;;;;;;;
2024;2024/2;MG;1896;217.0;420.0;412.0;610.0;208.0;22.0;7.0;591.0;381.0;911.0;10.0;1.0;24.0;37.0;131.0;115.0;0.0;2.0;2.0;0.0;0.0;0.0;22.0;0.0;315.0;2.0;0.0
2024;2024/2;MG;570;143.0;115.0;127.0;138.0;42.0;4.0;1.0;78.0;151.0;335.0;5.0;0.0;18.0;29.0;21.0;45.0;0.0;4.0;4.0;0.0;0.0;2.0;7.0;0.0;144.0;7.0;0.0
2024;2024/2;MG;1118;148.0;240.0;258.0;337.0;115.0;18.0;1.0;192.0;241.0;581.0;17.0;0.0;4.0;1.0;16.0;17.0;0.0;3.0;0.0;0.0;0.0;0.0;0.0;0.0;30.0;0.0;1.0
2024;2024/2;MG;114;8.0;29.0;20.0;37.0;14.0;6.0;0.0;45.0;16.0;51.0;2.0;0.0;2.0;8.0;14.0;5.0;0.0;0.0;0.0;0.0;0.0;0.0;0.0;1.0;0.0;1.0;0.0
2024;2024/2;MG;197;35.0;51.0;43.0;48.0;17.0;3.0;0.0;50.0;63.0;71.0;8.0;0.0;;;;;;;;;;;;;;;
2024;2024/2;MG;197;28.0;46.0;37.0;57.0;27.0;1.0;1.0;50.0;46.0;87.0;8.0;1.0;;;;;;;;;;;;;;;
2024;2024/2;MG;210;29.0;49.0;27.0;58.0;39.0;6.0;2.0;42.0;51.0;111.0;3.0;2.0;2.0;8.0;2.0;19.0;1.0;2.0;0.0;0.0;0.0;0.0;0.0;0.0;52.0;6.0;0.0
2024;2024/2;MG;176;39.0;37.0;28.0;38.0;31.0;2.0;0.0;27.0;45.0;96.0;2.0;0.0;;;;;;;;;;;;;;;
2024;2024/2;MG;216;58.0;37.0;34.0;59.0;23.0;4.0;1.0;19.0;43.0;149.0;2.0;0.0;19.0;10.0;8.0;0.0;3.0;3.0;0.0;0.0;0.0;0.0;2.0;0.0;68.0;0.0;0.0
2024;2024/2;MG;161;31.0;47.0;25.0;36.0;18.0;4.0;0.0;24.0;50.0;33.0;4.0;1.0;3.0;0.0;3.0;0.0;0.0;0.0;0.0;0.0;0.0;0.0;0.0;0.0;14.0;1.0;0.0
2024;2024/2;MG;231;35.0;39.0;50.0;73.0;33.0;1.0;0.0;128.0;31.0;70.0;0.0;1.0;38.0;29.0;67.0;3.0;0.0;0.0;1.0;0.0;0.0;0.0;13.0;0.0;66.0;0.0;0.0
2024;2024/2;MG;349;42.0;60.0;64.0;133.0;41.0;8.0;1.0;118.0;67.0;164.0;0.0;0.0;47.0;39.0;28.0;54.0;0.0;2.0;0.0;0.0;0.0;3.0;5.0;0.0;131.0;3.0;0.0
2024;2024/2;MG;338;70.0;60.0;56.0;114.0;36.0;2.0;0.0;107.0;80.0;149.0;2.0;0.0;37.0;14.0;42.0;23.0;0.0;0.0;2.0;0.0;0.0;3.0;7.0;0.0;66.0;0.0;0.0
2024;2024/2;MG;219;31.0;53.0;48.0;61.0;21.0;5.0;0.0;53.0;49.0;112.0;5.0;0.0;3.0;4.0;1.0;3.0;0.0;0.0;0.0;0.0;0.0;0.0;0.0;0.0;0.0;1.0;0.0
2024;2024/2;MG;125;22.0;33.0;20.0;29.0;16.0;4.0;1.0;14.0;44.0;67.0;0.0;0.0;0.0;0.0;0.0;0.0;0.0;0.0;0.0;0.0;0.0;0.0;0.0;0.0;2.0;0.0;0.0
2024;2024/2;MG;315;41.0;55.0;58.0;111.0;42.0;7.0;1.0;126.0;61.0;99.0;1.0;0.0;39.0;35.0;21.0;27.0;0.0;0.0;0.0;2.0;0.0;0.0;5.0;0.0;92.0;6.0;1.0
2024;2024/2;MG;117;24.0;32.0;21.0;28.0;12.0;0.0;0.0;11.0;34.0;62.0;1.0;0.0;;;;;;;;;;;;;;;
2024;2024/2;MG;131;16.0;24.0;30.0;42.0;14.0;4.0;1.0;27.0;41.0;32.0;0.0;0.0;0.0;0.0;0.0;0.0;0.0;0.0;0.0;0.0;0.0;0.0;0.0;0.0;1.0;0.0;0.0
2024;2024/2;MG;136;24.0;27.0;21.0;40.0;19.0;5.0;0.0;46.0;27.0;57.0;1.0;0.0;15.0;7.0;29.0;8.0;0.0;0.0;0.0;0.0;0.0;0.0;0.0;0.0;56.0;1.0;1.0
2024;2024/2;MG;132;27.0;25.0;28.0;35.0;16.0;1.0;0.0;25.0;22.0;57.0;1.0;0.0;2.0;0.0;4.0;4.0;0.0;0.0;0.0;0.0;0.0;0.0;0.0;0.0;39.0;0.0;0.0
2024;2024/2;MG;165;46.0;31.0;32.0;32.0;19.0;5.0;0.0;43.0;26.0;61.0;0.0;0.0;0.0;7.0;1.0;7.0;0.0;0.0;0.0;0.0;0.0;0.0;2.0;0.0;34.0;1.0;1.0
2024;2024/2;MG;124;21.0;23.0;21.0;42.0;14.0;3.0;0.0;13.0;27.0;77.0;1.0;0.0;2.0;0.0;1.0;2.0;0.0;0.0;0.0;0.0;0.0;0.0;0.0;0.0;3.0;0.0;1.0
2024;2024/2;MG;98;21.0;26.0;18.0;20.0;10.0;2.0;1.0;17.0;15.0;43.0;2.0;0.0;;;;;;;;;;;;;;;
2024;2024/2;MG;243;43.0;59.0;44.0;72.0;23.0;2.0;0.0;66.0;62.0;94.0;0.0;0.0;;;;;;;;;;;;;;;
2024;2024/2;MG;202;33.0;36.0;41.0;56.0;28.0;8.0;0.0;77.0;36.0;85.0;1.0;0.0;24.0;4.0;16.0;14.0;0.0;2.0;0.0;0.0;0.0;0.0;3.0;0.0;62.0;1.0;0.0
2024;2024/2;MG;86;9.0;16.0;10.0;33.0;13.0;5.0;0.0;16.0;6.0;64.0;0.0;0.0;;;;;;;;;;;;;;;
2024;2024/2;MG;163;25.0;27.0;28.0;50.0;29.0;4.0;0.0;13.0;25.0;49.0;1.0;0.0;6.0;0.0;4.0;1.0;0.0;1.0;2.0;0.0;0.0;0.0;0.0;0.0;10.0;1.0;0.0
2024;2024/2;MG;163;50.0;35.0;28.0;27.0;18.0;3.0;2.0;41.0;38.0;66.0;5.0;0.0;10.0;2.0;17.0;9.0;0.0;1.0;3.0;0.0;0.0;0.0;2.0;0.0;47.0;1.0;0.0
2024;2024/2;MG;404;80.0;89.0;80.0;112.0;40.0;3.0;0.0;69.0;115.0;206.0;10.0;0.0;47.0;15.0;41.0;34.0;;2.0;;;;;6.0;;82.0;;
2024;2024/2;MG;69;20.0;11.0;10.0;15.0;11.0;2.0;0.0;7.0;16.0;45.0;0.0;0.0;0.0;0.0;0.0;0.0;0.0;0.0;0.0;0.0;0.0;0.0;0.0;0.0;2.0;0.0;0.0
2024;2024/2;MG;254;40.0;53.0;45.0;85.0;25.0;4.0;2.0;70.0;75.0;85.0;23.0;0.0;4.0;7.0;2.0;4.0;0.0;1.0;0.0;0.0;0.0;0.0;3.0;0.0;5.0;0.0;0.0
2024;2024/2;MG;256;47.0;59.0;63.0;65.0;18.0;4.0;0.0;61.0;64.0;115.0;2.0;0.0;3.0;1.0;3.0;7.0;0.0;0.0;0.0;0.0;0.0;1.0;0.0;0.0;38.0;3.0;0.0
2024;2024/2;MG;274;77.0;55.0;50.0;71.0;18.0;3.0;0.0;80.0;72.0;109.0;0.0;0.0;19.0;23.0;7.0;29.0;0.0;1.0;0.0;1.0;0.0;2.0;4.0;0.0;81.0;2.0;0.0
2024;2024/2;MG;138;35.0;33.0;19.0;37.0;14.0;0.0;0.0;20.0;42.0;75.0;0.0;1.0;1.0;7.0;5.0;1.0;0.0;0.0;0.0;0.0;0.0;0.0;3.0;0.0;11.0;1.0;0.0
2024;2024/2;MG;103;12.0;22.0;14.0;39.0;14.0;1.0;1.0;12.0;27.0;64.0;0.0;0.0;0.0;1.0;0.0;0.0;0.0;0.0;0.0;0.0;0.0;0.0;0.0;0.0;3.0;0.0;0.0
2024;2024/2;MG;462;98.0;110.0;83.0;116.0;47.0;8.0;0.0;62.0;148.0;235.0;5.0;0.0;10.0;9.0;13.0;20.0;0.0;0.0;0.0;0.0;0.0;0.0;1.0;0.0;113.0;5.0;0.0
2024;2024/2;MG;204;41.0;40.0;34.0;55.0;26.0;7.0;1.0;36.0;39.0;108.0;2.0;0.0;0.0;7.0;11.0;9.0;0.0;0.0;1.0;0.0;0.0;0.0;0.0;0.0;28.0;0.0;0.0
2024;2024/2;MG;177;18.0;46.0;33.0;65.0;13.0;2.0;0.0;16.0;51.0;97.0;3.0;0.0;5.0;0.0;0.0;1.0;0.0;0.0;0.0;1.0;0.0;0.0;0.0;0.0;8.0;2.0;0.0
2024;2024/2;MG;182;34.0;52.0;33.0;41.0;15.0;5.0;2.0;49.0;53.0;77.0;1.0;0.0;0.0;1.0;5.0;2.0;0.0;0.0;0.0;0.0;0.0;0.0;0.0;0.0;3.0;0.0;0.0
2024;2024/2;MG;130;31.0;21.0;21.0;38.0;15.0;4.0;0.0;35.0;28.0;50.0;4.0;0.0;;;;;;;;;;;;;;;
2024;2024/2;MG;96;15.0;20.0;21.0;35.0;5.0;0.0;0.0;34.0;21.0;40.0;1.0;0.0;;;;;;;;;;;;;;;
2024;2024/2;MG;844;132.0;182.0;180.0;253.0;86.0;10.0;1.0;211.0;220.0;400.0;12.0;1.0;86.0;55.0;108.0;47.0;0.0;2.0;0.0;0.0;0.0;0.0;29.0;0.0;240.0;7.0;1.0
2024;2024/2;MG;267;58.0;44.0;1.0;53.0;80.0;28.0;3.0;86.0;55.0;123.0;2.0;0.0;2.0;0.0;0.0;5.0;0.0;0.0;0.0;0.0;0.0;0.0;0.0;0.0;0.0;0.0;0.0
2024;2024/2;MG;593;137.0;122.0;94.0;172.0;58.0;9.0;1.0;68.0;165.0;354.0;4.0;2.0;60.0;55.0;64.0;36.0;0.0;0.0;0.0;0.0;0.0;0.0;5.0;0.0;151.0;7.0;0.0
2024;2024/2;MG;113;12.0;28.0;18.0;33.0;19.0;1.0;2.0;10.0;37.0;61.0;1.0;0.0;;;;;;;;;;;;;;;
2024;2024/2;MG;389;59.0;71.0;85.0;118.0;48.0;7.0;1.0;140.0;61.0;182.0;3.0;0.0;33.0;30.0;31.0;18.0;0.0;2.0;1.0;0.0;0.0;2.0;4.0;0.0;80.0;1.0;0.0
2024;2024/2;MG;154;29.0;29.0;21.0;42.0;23.0;9.0;1.0;31.0;25.0;92.0;1.0;0.0;;;;;;;;;;;;;;;
2024;2024/2;MG;94;16.0;16.0;25.0;22.0;12.0;2.0;1.0;12.0;23.0;55.0;0.0;1.0;;;;;;;;;;;;;;;
2024;2024/2;MG;1121;134.0;247.0;247.0;336.0;126.0;27.0;4.0;478.0;181.0;443.0;17.0;1.0;61.0;27.0;63.0;50.0;0.0;7.0;0.0;0.0;0.0;5.0;14.0;0.0;337.0;31.0;11.0
2024;2024/2;MG;85;10.0;16.0;15.0;24.0;16.0;4.0;0.0;21.0;12.0;48.0;1.0;0.0;1.0;1.0;1.0;2.0;0.0;0.0;0.0;0.0;0.0;0.0;2.0;0.0;10.0;0.0;0.0
2024;2024/2;MG;163;17.0;26.0;25.0;49.0;35.0;10.0;1.0;16.0;48.0;82.0;2.0;0.0;0.0;0.0;1.0;0.0;0.0;0.0;0.0;0.0;0.0;0.0;0.0;0.0;0.0;0.0;0.0
2024;2024/2;MG;163;31.0;31.0;30.0;39.0;23.0;7.0;2.0;18.0;21.0;97.0;4.0;0.0;2.0;2.0;0.0;2.0;0.0;0.0;0.0;0.0;0.0;0.0;0.0;0.0;8.0;0.0;0.0
2024;2024/2;MG;147;33.0;29.0;20.0;52.0;11.0;2.0;0.0;41.0;22.0;75.0;3.0;0.0;3.0;0.0;4.0;2.0;0.0;0.0;0.0;0.0;0.0;0.0;3.0;0.0;24.0;5.0;0.0
2024;2024/2;MG;126;19.0;32.0;28.0;33.0;13.0;1.0;0.0;26.0;27.0;71.0;1.0;0.0;4.0;1.0;2.0;2.0;0.0;0.0;0.0;0.0;0.0;0.0;0.0;0.0;21.0;0.0;0.0
2024;2024/2;MG;294;54.0;68.0;55.0;74.0;39.0;4.0;0.0;90.0;44.0;156.0;4.0;0.0;;;;;;;;;;;;;;;
2024;2024/2;MG;60;0.0;0.0;2.0;18.0;35.0;2.0;3.0;15.0;13.0;29.0;0.0;0.0;0.0;0.0;0.0;1.0;0.0;0.0;0.0;0.0;0.0;0.0;0.0;0.0;0.0;0.0;0.0
2024;2024/2;MG;86;16.0;12.0;15.0;19.0;20.0;2.0;2.0;12.0;29.0;43.0;1.0;0.0;;;;;;;;;;;;;;;
2024;2024/2;MG;369;80.0;89.0;68.0;102.0;25.0;4.0;1.0;43.0;56.0;118.0;1.0;0.0;13.0;2.0;33.0;19.0;0.0;0.0;0.0;0.0;0.0;0.0;7.0;0.0;108.0;0.0;0.0
2024;2024/2;MG;136;37.0;32.0;18.0;39.0;8.0;1.0;1.0;17.0;38.0;46.0;1.0;0.0;;;;;;;;;;;;;;;
2024;2024/2;MG;160;47.0;34.0;16.0;35.0;19.0;6.0;3.0;13.0;38.0;108.0;1.0;0.0;5.0;7.0;0.0;2.0;0.0;0.0;0.0;0.0;0.0;0.0;4.0;0.0;19.0;0.0;0.0
2024;2024/2;MG;185;45.0;36.0;34.0;50.0;15.0;5.0;0.0;26.0;49.0;66.0;4.0;0.0;0.0;12.0;0.0;20.0;0.0;0.0;0.0;0.0;0.0;0.0;6.0;0.0;56.0;15.0;0.0
2024;2024/2;MG;225;42.0;51.0;48.0;45.0;32.0;5.0;2.0;36.0;63.0;118.0;6.0;1.0;2.0;6.0;3.0;4.0;0.0;0.0;0.0;0.0;0.0;0.0;0.0;0.0;10.0;0.0;0.0
2024;2024/2;MG;135;9.0;40.0;36.0;37.0;13.0;0.0;0.0;27.0;37.0;70.0;1.0;0.0;;;;;;;;;;;;;;;
2024;2024/2;MG;99;37.0;23.0;14.0;18.0;7.0;0.0;0.0;17.0;26.0;49.0;4.0;0.0;0.0;0.0;0.0;0.0;0.0;0.0;0.0;0.0;0.0;0.0;0.0;0.0;2.0;0.0;0.0
2024;2024/2;MG;181;24.0;36.0;41.0;62.0;17.0;1.0;0.0;47.0;46.0;79.0;4.0;0.0;3.0;8.0;13.0;4.0;0.0;0.0;0.0;0.0;0.0;0.0;0.0;0.0;4.0;0.0;0.0
2024;2024/2;MG;258;62.0;56.0;44.0;76.0;16.0;2.0;2.0;54.0;95.0;107.0;1.0;0.0;45.0;45.0;14.0;22.0;0.0;0.0;0.0;0.0;0.0;1.0;2.0;0.0;65.0;2.0;0.0
2024;2024/2;MG;112;12.0;26.0;23.0;29.0;20.0;1.0;1.0;21.0;42.0;43.0;4.0;0.0;;;;;;;;;;;;;;;
2024;2024/2;MG;162;33.0;27.0;33.0;42.0;24.0;0.0;3.0;42.0;35.0;81.0;4.0;0.0;0.0;0.0;0.0;0.0;0.0;0.0;0.0;0.0;0.0;0.0;0.0;0.0;0.0;0.0;0.0
2024;2024/2;MG;118;23.0;24.0;20.0;30.0;18.0;3.0;0.0;34.0;27.0;44.0;3.0;0.0;1.0;1.0;5.0;1.0;0.0;0.0;0.0;0.0;0.0;0.0;0.0;0.0;9.0;0.0;0.0
2024;2024/2;MG;78;9.0;14.0;9.0;24.0;17.0;5.0;0.0;13.0;19.0;39.0;0.0;0.0;;;;;;;;;;;;;;;
2024;2024/2;MG;174;30.0;43.0;29.0;48.0;17.0;6.0;1.0;17.0;49.0;77.0;8.0;10.0;;;;;;;;;;;;;;;
2024;2024/2;MG;236;56.0;54.0;34.0;61.0;26.0;5.0;0.0;55.0;57.0;113.0;5.0;0.0;;;;;;;;;;;;;;;
2024;2024/2;MG;139;34.0;28.0;22.0;39.0;15.0;1.0;0.0;32.0;40.0;67.0;0.0;0.0;;;;;;;;;;;;;;;
2024;2024/2;MG;152;25.0;40.0;22.0;44.0;19.0;0.0;2.0;24.0;47.0;77.0;0.0;2.0;;;;;;;;;;;;;;;
2024;2024/2;MG;128;12.0;25.0;34.0;38.0;17.0;2.0;0.0;23.0;31.0;35.0;2.0;1.0;0.0;0.0;0.0;0.0;0.0;0.0;0.0;0.0;0.0;0.0;0.0;0.0;3.0;0.0;0.0
2024;2024/2;MG;113;20.0;23.0;22.0;34.0;12.0;2.0;0.0;18.0;27.0;55.0;0.0;0.0;8.0;1.0;4.0;10.0;0.0;0.0;0.0;0.0;0.0;0.0;1.0;0.0;22.0;4.0;0.0
2024;2024/2;MG;144;24.0;31.0;28.0;39.0;21.0;1.0;0.0;49.0;30.0;64.0;1.0;0.0;;;;;;;;;;;;;;;
2024;2024/2;MG;274;28.0;54.0;50.0;98.0;31.0;10.0;3.0;116.0;28.0;129.0;1.0;0.0;6.0;3.0;8.0;6.0;0.0;0.0;0.0;0.0;0.0;0.0;1.0;0.0;23.0;0.0;0.0
2024;2024/2;MG;57;7.0;14.0;8.0;18.0;8.0;1.0;1.0;11.0;9.0;29.0;1.0;0.0;0.0;5.0;0.0;0.0;0.0;0.0;0.0;0.0;0.0;0.0;0.0;0.0;1.0;0.0;0.0
2024;2024/2;MG;156;29.0;26.0;27.0;39.0;26.0;8.0;1.0;13.0;39.0;81.0;1.0;0.0;0.0;4.0;1.0;4.0;0.0;0.0;0.0;0.0;0.0;0.0;0.0;0.0;20.0;0.0;0.0
2024;2024/2;MG;67;8.0;16.0;15.0;24.0;4.0;0.0;0.0;10.0;17.0;39.0;1.0;0.0;;;;;;;;;;;;;;;
2024;2024/2;MG;118;26.0;30.0;20.0;32.0;9.0;1.0;0.0;20.0;32.0;65.0;1.0;0.0;;;;;;;;;;;;;;;
2024;2024/2;MG;275;86.0;60.0;38.0;69.0;16.0;4.0;2.0;55.0;55.0;105.0;7.0;0.0;0.0;0.0;12.0;3.0;0.0;0.0;0.0;0.0;0.0;0.0;0.0;0.0;3.0;1.0;0.0
2024;2024/2;MG;99;9.0;19.0;12.0;29.0;24.0;5.0;1.0;13.0;33.0;39.0;0.0;0.0;6.0;5.0;2.0;5.0;2.0;0.0;0.0;0.0;0.0;0.0;0.0;0.0;11.0;2.0;0.0
2024;2024/2;MG;73;10.0;11.0;28.0;18.0;5.0;1.0;0.0;14.0;12.0;32.0;0.0;0.0;2.0;0.0;0.0;2.0;0.0;3.0;0.0;0.0;0.0;0.0;0.0;0.0;21.0;0.0;0.0
2024;2024/2;MG;293;61.0;55.0;70.0;73.0;31.0;2.0;1.0;64.0;74.0;143.0;2.0;0.0;30.0;26.0;21.0;35.0;0.0;1.0;0.0;0.0;0.0;0.0;0.0;0.0;57.0;0.0;0.0
2024;2024/2;MG;395;89.0;79.0;75.0;117.0;30.0;5.0;0.0;128.0;82.0;158.0;3.0;0.0;1.0;6.0;5.0;4.0;0.0;1.0;0.0;0.0;0.0;0.0;2.0;0.0;9.0;0.0;0.0
2024;2024/2;MG;110;19.0;26.0;13.0;29.0;16.0;6.0;1.0;20.0;20.0;63.0;3.0;0.0;;;;;;;;;;;;;;;
2024;2024/2;MG;115;23.0;27.0;24.0;29.0;12.0;0.0;0.0;11.0;25.0;76.0;2.0;0.0;9.0;10.0;14.0;11.0;0.0;0.0;0.0;0.0;0.0;0.0;0.0;0.0;40.0;0.0;0.0
2024;2024/2;MG;107;31.0;23.0;21.0;25.0;7.0;0.0;0.0;10.0;35.0;58.0;4.0;0.0;4.0;9.0;11.0;1.0;0.0;0.0;0.0;0.0;0.0;0.0;0.0;0.0;15.0;4.0;0.0
2024;2024/2;MG;106;22.0;20.0;20.0;28.0;14.0;2.0;0.0;26.0;27.0;52.0;1.0;0.0;0.0;2.0;2.0;4.0;0.0;0.0;0.0;0.0;0.0;0.0;0.0;0.0;38.0;4.0;0.0
2024;2024/2;MG;183;37.0;48.0;42.0;46.0;7.0;3.0;0.0;14.0;55.0;113.0;0.0;0.0;20.0;0.0;37.0;0.0;0.0;1.0;1.0;0.0;0.0;1.0;1.0;0.0;0.0;0.0;45.0
2024;2024/2;MG;199;16.0;30.0;50.0;70.0;26.0;5.0;2.0;97.0;36.0;61.0;4.0;0.0;56.0;;18.0;38.0;6.0;;;;;;;;46.0;;
2024;2024/2;MG;123;17.0;23.0;31.0;29.0;20.0;3.0;0.0;20.0;35.0;63.0;2.0;3.0;;;;;;;;;;;;;;;
2024;2024/2;MG;799;124.0;148.0;171.0;252.0;95.0;7.0;2.0;330.0;132.0;322.0;8.0;2.0;100.0;52.0;129.0;105.0;0.0;3.0;0.0;0.0;0.0;3.0;23.0;3.0;490.0;4.0;6.0
2024;2024/2;MG;171;56.0;34.0;29.0;39.0;13.0;0.0;0.0;63.0;36.0;61.0;1.0;0.0;4.0;10.0;7.0;5.0;0.0;0.0;0.0;0.0;0.0;0.0;2.0;0.0;11.0;1.0;0.0
2024;2024/2;MG;96;16.0;16.0;23.0;31.0;8.0;2.0;0.0;20.0;24.0;51.0;1.0;0.0;0.0;0.0;1.0;0.0;0.0;0.0;0.0;0.0;0.0;0.0;0.0;0.0;0.0;0.0;0.0
2024;2024/2;MG;83;14.0;21.0;15.0;27.0;5.0;1.0;0.0;20.0;18.0;45.0;0.0;0.0;6.0;1.0;0.0;3.0;0.0;0.0;0.0;0.0;0.0;0.0;0.0;0.0;18.0;0.0;0.0
2024;2024/2;MG;80;10.0;12.0;18.0;21.0;14.0;4.0;1.0;27.0;15.0;38.0;0.0;0.0;0.0;4.0;0.0;0.0;0.0;0.0;0.0;0.0;0.0;0.0;1.0;0.0;1.0;0.0;0.0
2024;2024/2;MG;154;19.0;34.0;35.0;50.0;13.0;3.0;0.0;40.0;40.0;47.0;0.0;1.0;2.0;0.0;4.0;5.0;0.0;0.0;0.0;0.0;0.0;1.0;1.0;0.0;7.0;2.0;0.0
2024;2024/2;MG;173;23.0;38.0;37.0;41.0;24.0;8.0;2.0;56.0;23.0;93.0;1.0;0.0;7.0;17.0;11.0;12.0;0.0;0.0;0.0;0.0;0.0;4.0;4.0;0.0;31.0;0.0;0.0
2024;2024/2;MG;96;7.0;25.0;15.0;30.0;14.0;4.0;1.0;13.0;11.0;41.0;0.0;0.0;;;;;;;;;;;;;;;
2024;2024/2;MG;135;43.0;32.0;28.0;21.0;9.0;0.0;2.0;22.0;39.0;74.0;0.0;0.0;11.0;11.0;8.0;6.0;0.0;1.0;0.0;0.0;0.0;0.0;0.0;0.0;78.0;0.0;0.0
2024;2024/2;MG;129;15.0;25.0;25.0;45.0;18.0;1.0;0.0;65.0;16.0;46.0;2.0;0.0;5.0;5.0;11.0;11.0;0.0;1.0;0.0;0.0;0.0;1.0;0.0;0.0;48.0;8.0;2.0
2024;2024/2;MG;80;10.0;14.0;18.0;23.0;13.0;2.0;0.0;17.0;16.0;45.0;2.0;0.0;11.0;1.0;2.0;5.0;0.0;0.0;0.0;0.0;0.0;0.0;0.0;0.0;33.0;0.0;0.0
2024;2024/2;MG;159;11.0;30.0;33.0;55.0;23.0;6.0;1.0;52.0;35.0;60.0;3.0;0.0;26.0;11.0;12.0;19.0;0.0;3.0;0.0;0.0;0.0;0.0;0.0;0.0;35.0;6.0;7.0
2024;2024/2;MG;310;62.0;59.0;59.0;92.0;32.0;5.0;1.0;99.0;54.0;156.0;1.0;0.0;100.0;80.0;53.0;56.0;0.0;5.0;2.0;0.0;0.0;9.0;13.0;0.0;110.0;2.0;0.0
2024;2024/2;MG;191;42.0;29.0;42.0;46.0;22.0;9.0;1.0;23.0;58.0;93.0;0.0;0.0;7.0;4.0;2.0;4.0;0.0;0.0;0.0;0.0;0.0;1.0;2.0;0.0;54.0;1.0;1.0
2024;2024/2;MG;95;19.0;28.0;25.0;19.0;3.0;1.0;0.0;9.0;31.0;52.0;2.0;0.0;;;;;;;;;;;;;;;
2024;2024/2;MG;1269;161.0;354.0;314.0;350.0;84.0;6.0;0.0;179.0;360.0;716.0;9.0;2.0;9.0;3.0;48.0;44.0;0.0;1.0;1.0;0.0;0.0;1.0;8.0;1.0;205.0;9.0;2.0
2024;2024/2;MG;1292;189.0;377.0;307.0;333.0;82.0;3.0;1.0;196.0;380.0;697.0;19.0;0.0;10.0;6.0;40.0;22.0;0.0;0.0;1.0;0.0;0.0;1.0;7.0;0.0;172.0;2.0;3.0
2024;2024/2;MG;670;115.0;117.0;140.0;222.0;68.0;8.0;0.0;178.0;197.0;288.0;3.0;2.0;;;;;;;;;;;;;;;
2024;2024/2;MG;130;22.0;24.0;19.0;33.0;28.0;3.0;1.0;22.0;29.0;77.0;0.0;0.0;;;;;;;;;;;;;;;
2024;2024/2;MG;99;20.0;18.0;20.0;23.0;14.0;4.0;0.0;9.0;26.0;50.0;3.0;0.0;;;;;;;;;;;;;;;
2024;2024/2;MG;494;70.0;89.0;114.0;143.0;62.0;13.0;3.0;189.0;91.0;200.0;4.0;0.0;4.0;6.0;17.0;26.0;0.0;8.0;0.0;0.0;0.0;0.0;4.0;0.0;188.0;7.0;2.0
2024;2024/2;MG;311;35.0;72.0;57.0;112.0;32.0;3.0;0.0;119.0;53.0;131.0;3.0;0.0;11.0;6.0;12.0;13.0;0.0;0.0;0.0;0.0;0.0;1.0;4.0;0.0;33.0;1.0;0.0
2024;2024/2;MG;103;24.0;30.0;14.0;26.0;7.0;2.0;0.0;14.0;23.0;61.0;0.0;0.0;9.0;7.0;4.0;1.0;0.0;0.0;0.0;0.0;0.0;1.0;3.0;1.0;10.0;4.0;0.0
2024;2024/2;MG;105;31.0;14.0;12.0;31.0;11.0;4.0;2.0;16.0;34.0;53.0;1.0;1.0;;;;;;;;;;;;;;;
2024;2024/2;MG;669;153.0;154.0;117.0;155.0;74.0;14.0;2.0;66.0;151.0;347.0;11.0;2.0;21.0;8.0;21.0;26.0;0.0;1.0;0.0;0.0;0.0;1.0;1.0;0.0;74.0;3.0;0.0
2024;2024/2;MG;189;35.0;36.0;35.0;59.0;23.0;1.0;0.0;34.0;60.0;94.0;1.0;0.0;11.0;4.0;5.0;13.0;0.0;0.0;0.0;0.0;0.0;2.0;0.0;0.0;40.0;4.0;1.0
2024;2024/2;MG;56;16.0;12.0;5.0;15.0;8.0;0.0;0.0;12.0;8.0;31.0;0.0;0.0;0.0;0.0;0.0;1.0;0.0;0.0;0.0;0.0;0.0;0.0;0.0;0.0;1.0;0.0;0.0
2024;2024/2;MG;182;23.0;38.0;35.0;54.0;24.0;7.0;1.0;47.0;45.0;89.0;1.0;0.0;25.0;17.0;24.0;27.0;0.0;0.0;0.0;0.0;0.0;0.0;0.0;0.0;64.0;0.0;0.0
2024;2024/2;MG;110;27.0;21.0;26.0;23.0;12.0;1.0;0.0;48.0;11.0;51.0;0.0;0.0;0.0;0.0;2.0;0.0;0.0;0.0;0.0;0.0;0.0;0.0;0.0;0.0;6.0;0.0;0.0
2024;2024/2;MG;84;15.0;12.0;11.0;30.0;13.0;2.0;1.0;18.0;13.0;44.0;4.0;0.0;0.0;0.0;0.0;2.0;0.0;0.0;0.0;0.0;0.0;0.0;0.0;0.0;1.0;1.0;0.0
2024;2024/2;MG;448;98.0;108.0;91.0;101.0;46.0;4.0;0.0;115.0;137.0;174.0;8.0;1.0;;;;;;;;;;;;;;;
2024;2024/2;MG;214;48.0;43.0;39.0;50.0;31.0;2.0;1.0;25.0;34.0;148.0;5.0;0.0;14.0;6.0;4.0;10.0;0.0;4.0;0.0;0.0;0.0;0.0;2.0;5.0;31.0;5.0;0.0
2024;2024/2;MG;287;40.0;70.0;49.0;92.0;29.0;6.0;1.0;93.0;65.0;128.0;1.0;0.0;5.0;11.0;7.0;5.0;0.0;0.0;0.0;0.0;0.0;0.0;0.0;0.0;22.0;0.0;0.0
2024;2024/2;MG;209;49.0;35.0;40.0;56.0;27.0;2.0;0.0;41.0;63.0;103.0;2.0;0.0;0.0;0.0;0.0;0.0;0.0;0.0;0.0;0.0;0.0;0.0;0.0;0.0;0.0;0.0;0.0
2024;2024/2;MG;246;48.0;74.0;45.0;50.0;23.0;3.0;3.0;62.0;89.0;92.0;2.0;0.0;;;;;;;;;;;;;;;
2024;2024/2;MG;100;25.0;24.0;9.0;27.0;14.0;1.0;0.0;9.0;28.0;49.0;1.0;0.0;4.0;0.0;0.0;1.0;0.0;0.0;0.0;0.0;0.0;0.0;0.0;0.0;9.0;1.0;0.0
2024;2024/2;MG;122;23.0;26.0;17.0;34.0;18.0;3.0;1.0;13.0;28.0;46.0;3.0;2.0;;;;;;;;;;;;;;;
2024;2024/2;MS;12;5.0;2.0;2.0;1.0;1.0;1.0;0.0;8.0;0.0;2.0;0.0;2.0;1.0;;1.0;;;;;;;;;;5.0;;
2024;2024/2;MS;1312;109.0;253.0;283.0;446.0;176.0;40.0;5.0;435.0;136.0;663.0;2.0;7.0;;;;;;;;;;;;;;;
2024;2024/2;MS;163;12.0;16.0;24.0;62.0;40.0;9.0;0.0;52.0;17.0;94.0;0.0;0.0;3.0;0.0;5.0;5.0;2.0;0.0;1.0;0.0;0.0;4.0;5.0;2.0;25.0;9.0;0.0
2024;2024/2;MS;169;9.0;27.0;30.0;63.0;36.0;4.0;0.0;61.0;21.0;87.0;0.0;0.0;26.0;22.0;0.0;0.0;0.0;0.0;0.0;0.0;0.0;0.0;0.0;0.0;99.0;0.0;0.0
2024;2024/2;MS;24;2.0;9.0;6.0;5.0;2.0;;;11.0;7.0;6.0;;;1.0;;5.0;;;;;;;1.0;1.0;;15.0;;
2024;2024/2;MS;41;;;;;;;;;;;;;;;;;;;;;;;;;;;
2024;2024/2;MS;2355;232.0;550.0;531.0;817.0;206.0;18.0;1.0;708.0;304.0;1327.0;5.0;6.0;211.0;190.0;202.0;185.0;52.0;3.0;0.0;0.0;0.0;10.0;33.0;5.0;563.0;209.0;2.0
2024;2024/2;MS;288;40.0;52.0;47.0;68.0;62.0;14.0;5.0;80.0;41.0;153.0;1.0;13.0;41.0;;17.0;;;;;;;;;;62.0;;
2024;2024/2;MS;131;20.0;24.0;41.0;34.0;12.0;0.0;0.0;19.0;12.0;97.0;0.0;3.0;1.0;2.0;4.0;3.0;4.0;0.0;0.0;0.0;0.0;0.0;0.0;0.0;80.0;0.0;0.0
2024;2024/2;MS;287;33.0;63.0;48.0;100.0;40.0;3.0;0.0;73.0;30.0;181.0;0.0;3.0;5.0;5.0;2.0;6.0;1.0;0.0;0.0;0.0;0.0;1.0;5.0;0.0;65.0;3.0;2.0
2024;2024/2;MS;60;11.0;13.0;11.0;17.0;8.0;0.0;0.0;11.0;8.0;41.0;0.0;0.0;0.0;0.0;3.0;0.0;0.0;0.0;0.0;0.0;0.0;0.0;1.0;0.0;32.0;0.0;0.0
2024;2024/2;MS;110;17.0;22.0;26.0;29.0;15.0;1.0;0.0;27.0;9.0;64.0;1.0;9.0;2.0;3.0;2.0;4.0;4.0;3.0;1.0;0.0;0.0;0.0;3.0;0.0;67.0;17.0;12.0
2024;2024/2;MS;73;10.0;18.0;17.0;16.0;10.0;1.0;1.0;26.0;6.0;35.0;0.0;6.0;2.0;;3.0;1.0;;;;;;;;;55.0;;
2024;2024/2;MS;96;7.0;10.0;21.0;32.0;25.0;1.0;0.0;47.0;14.0;35.0;0.0;0.0;1.0;6.0;0.0;4.0;1.0;0.0;0.0;0.0;0.0;0.0;2.0;0.0;65.0;8.0;
2024;2024/2;MS;44;4.0;4.0;6.0;19.0;10.0;1.0;0.0;7.0;18.0;19.0;0.0;0.0;0.0;2.0;2.0;0.0;1.0;0.0;0.0;0.0;0.0;1.0;4.0;0.0;17.0;16.0;4.0
2024;2024/2;MS;11;5.0;0.0;1.0;3.0;0.0;1.0;1.0;0.0;0.0;11.0;0.0;0.0;3.0;1.0;0.0;0.0;0.0;0.0;0.0;0.0;0.0;0.0;0.0;0.0;7.0;0.0;0.0
2024;2024/2;MS;41;5.0;7.0;8.0;14.0;7.0;0.0;0.0;14.0;2.0;24.0;0.0;1.0;2.0;0.0;0.0;3.0;0.0;0.0;0.0;0.0;0.0;0.0;0.0;0.0;35.0;0.0;0.0
2024;2024/2;MS;100;10.0;21.0;26.0;29.0;14.0;0.0;0.0;25.0;8.0;55.0;1.0;4.0;;;;;;;;;;;;;;;
2024;2024/2;MS;94;12.0;18.0;22.0;34.0;5.0;2.0;1.0;38.0;6.0;46.0;0.0;1.0;0.0;6.0;3.0;4.0;4.0;1.0;0.0;0.0;0.0;0.0;0.0;0.0;19.0;9.0;7.0
2024;2024/2;MS;286;27.0;48.0;41.0;83.0;71.0;13.0;3.0;86.0;38.0;112.0;;;65.0;;;;;;;;;;1.0;;69.0;;
2024;2024/2;MS;144;21.0;35.0;22.0;35.0;27.0;4.0;0.0;29.0;7.0;57.0;;;;;;;;;;;;;;;;;
2024;2024/2;MS;99;14.0;21.0;12.0;30.0;19.0;1.0;2.0;16.0;3.0;46.0;0.0;26.0;13.0;4.0;4.0;2.0;0.0;0.0;0.0;0.0;0.0;0.0;3.0;0.0;24.0;2.0;5.0
2024;2024/2;MS;79;10.0;16.0;15.0;30.0;6.0;1.0;1.0;25.0;19.0;35.0;0.0;0.0;;;;;;;;;;;;;;;
2024;2024/2;MS;481;33.0;61.0;91.0;170.0;70.0;12.0;;143.0;41.0;240.0;2.0;4.0;;;;;;;;;;;;;;;
2024;2024/2;MS;161;33.0;35.0;26.0;42.0;24.0;1.0;0.0;45.0;11.0;84.0;1.0;18.0;31.0;4.0;11.0;9.0;;;;;;;11.0;3.0;102.0;2.0;3.0
2024;2024/2;MS;36;2.0;0.0;15.0;11.0;8.0;0.0;0.0;9.0;1.0;17.0;0.0;1.0;2.0;2.0;3.0;;;;;;;1.0;4.0;;19.0;;
2024;2024/2;MS;229;34.0;26.0;37.0;75.0;44.0;12.0;1.0;14.0;8.0;195.0;0.0;12.0;16.0;18.0;13.0;9.0;5.0;0.0;0.0;0.0;0.0;2.0;2.0;0.0;68.0;0.0;0.0
2024;2024/2;MS;137;3.0;14.0;18.0;50.0;40.0;11.0;1.0;32.0;24.0;78.0;0.0;3.0;4.0;0.0;0.0;0.0;0.0;0.0;0.0;0.0;0.0;0.0;1.0;0.0;9.0;0.0;0.0
2024;2024/2;MS;186;10.0;36.0;24.0;60.0;42.0;14.0;0.0;99.0;26.0;61.0;0.0;0.0;;;;;;;;;;;;;;;
2024;2024/2;MS;668;63.0;133.0;133.0;210.0;109.0;19.0;1.0;104.0;54.0;509.0;0.0;0.0;59.0;;130.0;;11.0;;;;;;5.0;;28.0;;209.0
2024;2024/2;MS;307;20.0;56.0;58.0;104.0;55.0;13.0;1.0;141.0;32.0;120.0;1.0;;13.0;18.0;14.0;32.0;3.0;;;;;1.0;4.0;;110.0;;
2024;2024/2;MS;63;5.0;12.0;12.0;20.0;9.0;2.0;0.0;21.0;12.0;24.0;0.0;3.0;;;;;;;;;;;;;;;
2024;2024/2;MS;115;3.0;17.0;22.0;42.0;23.0;7.0;1.0;12.0;5.0;89.0;0.0;9.0;;;;;;;;;;;;;;;
2024;2024/2;MS;253;40.0;45.0;52.0;76.0;38.0;2.0;0.0;;;;;;0.0;22.0;0.0;24.0;0.0;0.0;0.0;0.0;0.0;0.0;0.0;0.0;100.0;0.0;0.0
2024;2024/2;MS;1391;80.0;240.0;260.0;532.0;210.0;44.0;25.0;420.0;168.0;780.0;21.0;2.0;60.0;119.0;130.0;165.0;92.0;7.0;5.0;3.0;;11.0;110.0;1.0;;66.0;362.0
2024;2024/2;MS;59;3.0;7.0;16.0;14.0;18.0;1.0;0.0;0.0;0.0;0.0;0.0;59.0;;;;;;;;;;;;;;;
2024;2024/2;MS;13;0.0;3.0;3.0;2.0;3.0;1.0;0.0;4.0;2.0;7.0;0.0;0.0;;;1.0;;;;;;;;;;8.0;;
2024;2024/2;MS;1272;145.0;325.0;238.0;303.0;224.0;37.0;0.0;;;;;;;;;;;;;;;;;;;;
2024;2024/2;MS;57;1.0;11.0;10.0;26.0;7.0;2.0;0.0;28.0;10.0;19.0;0.0;0.0;5.0;;5.0;4.0;;;;;;;1.0;1.0;17.0;;
2024;2024/2;MS;91;17.0;21.0;16.0;19.0;8.0;5.0;2.0;;;;;;;;;;;;;;;;;;;;
2024;2024/2;MS;87;3.0;17.0;21.0;31.0;13.0;2.0;0.0;40.0;5.0;42.0;0.0;0.0;5.0;3.0;5.0;3.0;1.0;0.0;1.0;0.0;0.0;0.0;0.0;0.0;35.0;0.0;0.0
2024;2024/2;MS;195;15.0;27.0;43.0;39.0;48.0;16.0;0.0;136.0;6.0;35.0;;;9.0;;1.0;;;;;;;;6.0;;106.0;2.0;2.0
2024;2024/2;MS;508;;;;;;;;;;;;;;;;;;;;;;;;;;;
2024;2024/2;MS;704;87.0;137.0;140.0;229.0;95.0;16.0;0.0;162.0;63.0;427.0;2.0;50.0;24.0;71.0;17.0;99.0;18.0;3.0;1.0;4.0;0.0;61.0;47.0;2.0;83.0;16.0;17.0
2024;2024/2;MS;514;41.0;115.0;127.0;179.0;49.0;3.0;0.0;81.0;37.0;314.0;0.0;0.0;4.0;60.0;27.0;147.0;4.0;2.0;1.0;2.0;0.0;2.0;24.0;21.0;250.0;27.0;34.0
2024;2024/2;MS;527;67.0;99.0;116.0;191.0;49.0;5.0;0.0;136.0;78.0;310.0;1.0;2.0;54.0;94.0;45.0;146.0;29.0;4.0;2.0;4.0;0.0;4.0;66.0;1.0;290.0;48.0;0.0
2024;2024/2;MS;2480;297.0;512.0;515.0;760.0;339.0;57.0;;648.0;191.0;1453.0;;188.0;41.0;289.0;25.0;121.0;185.0;7.0;4.0;59.0;33.0;29.0;51.0;32.0;739.0;5.0;9.0
2024;2024/2;MS;129;1.0;4.0;22.0;60.0;33.0;2.0;0.0;37.0;11.0;74.0;2.0;0.0;10.0;5.0;53.0;108.0;15.0;2.0;2.0;0.0;0.0;0.0;19.0;0.0;195.0;58.0;23.0
2024;2024/2;MS;637;80.0;100.0;96.0;223.0;116.0;19.0;3.0;;122.0;499.0;;16.0;82.0;;73.0;;;;;;;;;;186.0;;7.0
2024;2024/2;MS;756;98.0;144.0;189.0;233.0;83.0;9.0;0.0;244.0;76.0;433.0;0.0;3.0;96.0;7.0;78.0;10.0;2.0;2.0;0.0;0.0;0.0;0.0;8.0;0.0;356.0;0.0;0.0
2024;2024/2;MS;670;162.0;127.0;128.0;148.0;55.0;11.0;2.0;189.0;59.0;368.0;0.0;6.0;0.0;0.0;0.0;0.0;0.0;0.0;0.0;0.0;0.0;0.0;0.0;0.0;;;
2024;2024/2;MS;10144;1169.0;1844.0;1782.0;3120.0;1663.0;393.0;167.0;1701.0;604.0;4080.0;7.0;44.0;556.0;109.0;566.0;26.0;34.0;9.0;3.0;7.0;0.0;25.0;54.0;56.0;3482.0;101.0;3214.0
2024;2024/2;MS;500;88.0;115.0;102.0;115.0;65.0;13.0;2.0;92.0;35.0;120.0;2.0;9.0;0.0;38.0;0.0;42.0;0.0;0.0;0.0;0.0;0.0;0.0;0.0;0.0;263.0;75.0;32.0
2024;2024/2;MT;232;55.0;47.0;35.0;44.0;41.0;10.0;0.0;42.0;36.0;154.0;0.0;0.0;;;;;;;;;;;;;;;
2024;2024/2;MT;102;18.0;24.0;13.0;29.0;13.0;5.0;0.0;27.0;14.0;60.0;1.0;0.0;;;;;;;;;;;;;;;
2024;2024/2;MT;129;34.0;26.0;17.0;30.0;18.0;4.0;0.0;46.0;34.0;49.0;0.0;0.0;3.0;7.0;5.0;3.0;0.0;0.0;0.0;0.0;0.0;2.0;3.0;0.0;37.0;21.0;0.0
2024;2024/2;MT;74;24.0;13.0;12.0;11.0;11.0;3.0;0.0;12.0;10.0;52.0;0.0;0.0;;;5.0;3.0;;;;;;;;;14.0;6.0;
2024;2024/2;MT;144;42.0;26.0;18.0;39.0;13.0;3.0;3.0;19.0;24.0;98.0;3.0;0.0;2.0;2.0;5.0;5.0;1.0;;;;;;3.0;;64.0;;
2024;2024/2;MT;231;27.0;52.0;39.0;63.0;40.0;10.0;0.0;43.0;30.0;151.0;2.0;5.0;;;;;;;;;;;;;;;
2024;2024/2;MT;209;54.0;51.0;37.0;39.0;19.0;6.0;3.0;46.0;42.0;119.0;2.0;0.0;;;;;;;;;;;;;;;
2024;2024/2;MT;44;0.0;0.0;4.0;13.0;25.0;2.0;0.0;13.0;8.0;23.0;0.0;0.0;;;;;;;;;;;;;;;
2024;2024/2;MT;116;20.0;20.0;19.0;40.0;15.0;2.0;0.0;23.0;75.0;18.0;0.0;0.0;;;;;;;;;;;;;;;
2024;2024/2;MT;88;10.0;13.0;16.0;27.0;17.0;4.0;0.0;18.0;13.0;57.0;0.0;0.0;;;;;;;;;;;;;;;
2024;2024/2;MT;394;81.0;71.0;78.0;115.0;41.0;8.0;0.0;46.0;56.0;291.0;1.0;0.0;;;;;;;;;;;;;;;
2024;2024/2;MT;91;31.0;19.0;19.0;8.0;9.0;4.0;1.0;31.0;15.0;40.0;5.0;0.0;;;;;;;;;;;;;;;
2024;2024/2;MT;145;25.0;16.0;15.0;56.0;28.0;5.0;0.0;29.0;24.0;89.0;2.0;1.0;;;;;;;;;;;;;;;
2024;2024/2;MT;110;22.0;18.0;16.0;28.0;19.0;7.0;0.0;22.0;17.0;68.0;1.0;2.0;;;;;;;;;;;;;;;
2024;2024/2;MT;204;;;;;;;;;;;;;;;;;;;;;;;;;;;
2024;2024/2;MT;96;20.0;30.0;10.0;22.0;8.0;5.0;1.0;;;;;;;;;;;;;;;;;;;;
2024;2024/2;MT;93;33.0;24.0;6.0;13.0;14.0;3.0;0.0;15.0;22.0;56.0;0.0;0.0;;;;;;;;;;;;;;;
2024;2024/2;MT;129;32.0;18.0;21.0;34.0;17.0;7.0;0.0;20.0;17.0;86.0;5.0;0.0;;;;;;;;;;;;;;;
2024;2024/2;MT;68;22.0;14.0;7.0;12.0;12.0;1.0;0.0;19.0;6.0;40.0;1.0;1.0;;;;;;;;;;;;;;;
2024;2024/2;MT;288;42.0;41.0;70.0;74.0;51.0;8.0;2.0;25.0;73.0;190.0;0.0;0.0;;;;;;;;;;;;;;;
2024;2024/2;MT;312;76.0;52.0;47.0;83.0;50.0;4.0;0.0;94.0;33.0;183.0;1.0;0.0;;;;;;;;;;;;;;;
2024;2024/2;MT;87;29.0;16.0;12.0;16.0;12.0;2.0;0.0;13.0;19.0;52.0;1.0;2.0;;;;;;;;;;;;;;;
2024;2024/2;MT;97;19.0;15.0;15.0;30.0;13.0;5.0;0.0;7.0;22.0;67.0;0.0;1.0;;;;;;;;;;;;;;;
2024;2024/2;MT;89;27.0;18.0;15.0;16.0;12.0;1.0;0.0;16.0;16.0;57.0;0.0;0.0;;;;;;;;;;;;;;;
2024;2024/2;MT;88;21.0;23.0;21.0;18.0;5.0;0.0;0.0;25.0;9.0;54.0;0.0;0.0;;;;;;;;;;;;;;;
2024;2024/2;MT;121;45.0;27.0;11.0;28.0;10.0;0.0;0.0;25.0;21.0;74.0;0.0;1.0;;;;3.0;4.0;;1.0;;;;;;70.0;30.0;
2024;2024/2;MT;48;12.0;10.0;8.0;12.0;5.0;1.0;0.0;13.0;6.0;29.0;0.0;0.0;2.0;0.0;0.0;1.0;1.0;0.0;0.0;0.0;0.0;1.0;0.0;0.0;27.0;0.0;0.0
2024;2024/2;MT;131;30.0;25.0;26.0;34.0;16.0;0.0;0.0;31.0;25.0;75.0;0.0;0.0;;4.0;5.0;7.0;2.0;;1.0;;;;3.0;;91.0;29.0;
2024;2024/2;MT;244;59.0;48.0;39.0;67.0;22.0;9.0;0.0;53.0;41.0;147.0;2.0;1.0;;;;;;;;;;;;;;;
2024;2024/2;MT;264;68.0;42.0;36.0;75.0;37.0;6.0;0.0;60.0;49.0;154.0;1.0;0.0;;;;;;;;;;;;;;;
2024;2024/2;MT;301;67.0;58.0;40.0;85.0;39.0;9.0;3.0;71.0;59.0;166.0;0.0;0.0;;;;;;;;;;;;;;;
2024;2024/2;MT;328;59.0;67.0;47.0;104.0;37.0;14.0;0.0;72.0;50.0;195.0;11.0;;;;;;;;;;;;;;;;
2024;2024/2;MT;447;101.0;105.0;60.0;117.0;49.0;15.0;0.0;102.0;76.0;261.0;7.0;0.0;;;;;;;;;;;;;;;
2024;2024/2;MT;384;112.0;111.0;81.0;67.0;10.0;3.0;0.0;74.0;52.0;255.0;2.0;0.0;;;;;;;;;;;;;;;
2024;2024/2;MT;984;62.0;174.0;186.0;330.0;177.0;55.0;0.0;191.0;190.0;566.0;5.0;1.0;;;;;;;;;;;;;;;
2024;2024/2;MT;19;0.0;0.0;1.0;3.0;12.0;3.0;0.0;6.0;8.0;5.0;0.0;0.0;2.0;;;1.0;;;;;;1.0;;;4.0;;
2024;2024/2;MT;5813;691.0;1190.0;1122.0;1713.0;836.0;156.0;74.0;1292.0;710.0;3149.0;52.0;6.0;;;;;;;;;;;;;;;
2024;2024/2;MT;2953;453.0;745.0;680.0;829.0;224.0;22.0;0.0;547.0;551.0;1744.0;30.0;1.0;;;;;;;;;;;;;;;
2024;2024/2;MT;1708;298.0;435.0;324.0;446.0;168.0;37.0;0.0;361.0;266.0;1061.0;5.0;2.0;;;;;;;;;;;;;;;
2024;2024/2;MT;1226;363.0;292.0;183.0;242.0;86.0;30.0;0.0;298.0;222.0;656.0;8.0;2.0;;;;;;;;;;;;;;;
2024;2024/2;MT;566;109.0;128.0;91.0;146.0;78.0;14.0;0.0;103.0;84.0;367.0;4.0;3.0;;;;;;;;;;;;;;;
2024;2024/2;MT;351;58.0;90.0;70.0;101.0;30.0;2.0;0.0;79.0;59.0;211.0;2.0;0.0;;;;;;;;;;;;;;;
2024;2024/2;PA;4;0.0;1.0;0.0;1.0;2.0;0.0;0.0;0.0;0.0;4.0;0.0;0.0;0.0;0.0;0.0;0.0;2.0;0.0;0.0;0.0;0.0;0.0;0.0;0.0;2.0;0.0;0.0
2024;2024/2;PA;61;4.0;15.0;22.0;12.0;6.0;2.0;0.0;7.0;20.0;34.0;0.0;0.0;5.0;0.0;7.0;3.0;2.0;0.0;0.0;1.0;0.0;2.0;1.0;0.0;3.0;0.0;0.0
2024;2024/2;PA;106;50.0;20.0;11.0;20.0;5.0;0.0;0.0;23.0;10.0;73.0;0.0;0.0;10.0;23.0;33.0;0.0;0.0;0.0;0.0;0.0;0.0;7.0;0.0;0.0;28.0;0.0;0.0
2024;2024/2;PA;59;22.0;19.0;12.0;6.0;0.0;0.0;0.0;23.0;12.0;24.0;0.0;0.0;0.0;7.0;1.0;24.0;0.0;0.0;0.0;0.0;0.0;0.0;0.0;0.0;21.0;0.0;0.0
2024;2024/2;PA;116;34.0;41.0;16.0;19.0;6.0;0.0;0.0;20.0;52.0;44.0;0.0;0.0;15.0;2.0;23.0;14.0;0.0;0.0;0.0;0.0;2.0;1.0;0.0;0.0;20.0;3.0;0.0
2024;2024/2;PA;293;95.0;73.0;58.0;45.0;16.0;3.0;3.0;29.0;90.0;170.0;3.0;1.0;14.0;7.0;14.0;9.0;0.0;0.0;0.0;0.0;0.0;9.0;8.0;0.0;47.0;11.0;0.0
2024;2024/2;PA;349;210.0;89.0;19.0;18.0;8.0;0.0;0.0;20.0;95.0;229.0;0.0;5.0;42.0;58.0;80.0;91.0;26.0;0.0;0.0;0.0;0.0;30.0;9.0;0.0;186.0;80.0;0.0
2024;2024/2;PA;254;101.0;71.0;30.0;20.0;10.0;8.0;0.0;12.0;90.0;142.0;0.0;0.0;20.0;23.0;9.0;13.0;11.0;0.0;0.0;0.0;0.0;0.0;0.0;0.0;70.0;20.0;0.0
2024;2024/2;PA;594;172.0;183.0;109.0;69.0;36.0;17.0;8.0;140.0;166.0;237.0;51.0;0.0;36.0;29.0;14.0;21.0;12.0;4.0;0.0;0.0;0.0;2.0;15.0;0.0;150.0;41.0;15.0
2024;2024/2;PA;202;51.0;36.0;32.0;34.0;10.0;15.0;0.0;80.0;54.0;53.0;0.0;0.0;10.0;0.0;10.0;10.0;0.0;2.0;0.0;0.0;0.0;2.0;0.0;0.0;43.0;15.0;13.0
2024;2024/2;PA;246;43.0;66.0;55.0;44.0;21.0;12.0;5.0;34.0;95.0;112.0;5.0;0.0;18.0;20.0;18.0;27.0;5.0;0.0;0.0;0.0;0.0;0.0;0.0;0.0;48.0;10.0;0.0
2024;2024/2;PA;98;29.0;36.0;17.0;11.0;4.0;1.0;0.0;6.0;25.0;67.0;0.0;0.0;13.0;16.0;9.0;10.0;8.0;0.0;0.0;0.0;0.0;1.0;2.0;0.0;24.0;0.0;0.0
2024;2024/2;PA;4428;1116.0;1115.0;872.0;756.0;476.0;74.0;19.0;328.0;435.0;3271.0;18.0;0.0;402.0;29.0;392.0;1290.0;32.0;23.0;7.0;0.0;0.0;55.0;44.0;4.0;1003.0;51.0;27.0
2024;2024/2;PA;31;3.0;6.0;6.0;5.0;11.0;0.0;0.0;8.0;6.0;17.0;0.0;0.0;0.0;0.0;0.0;4.0;2.0;0.0;0.0;0.0;0.0;0.0;0.0;0.0;3.0;0.0;0.0
2024;2024/2;PA;402;65.0;126.0;124.0;52.0;30.0;5.0;0.0;95.0;99.0;208.0;0.0;0.0;5.0;18.0;9.0;152.0;26.0;4.0;0.0;0.0;0.0;0.0;4.0;0.0;125.0;17.0;0.0
2024;2024/2;PA;423;19.0;36.0;50.0;160.0;139.0;17.0;2.0;7.0;6.0;410.0;0.0;0.0;0.0;0.0;0.0;2.0;1.0;0.0;0.0;0.0;0.0;0.0;0.0;0.0;2.0;0.0;0.0
2024;2024/2;PA;243;50.0;62.0;46.0;54.0;28.0;3.0;0.0;31.0;13.0;199.0;0.0;0.0;7.0;16.0;24.0;31.0;5.0;0.0;0.0;0.0;0.0;2.0;0.0;0.0;42.0;14.0;0.0
2024;2024/2;PA;173;52.0;45.0;24.0;30.0;17.0;5.0;0.0;12.0;42.0;119.0;0.0;0.0;0.0;3.0;4.0;29.0;4.0;0.0;0.0;0.0;0.0;1.0;0.0;0.0;25.0;0.0;0.0
2024;2024/2;PA;117;52.0;42.0;17.0;1.0;4.0;1.0;0.0;32.0;31.0;54.0;0.0;0.0;12.0;20.0;14.0;22.0;3.0;0.0;0.0;0.0;0.0;0.0;0.0;4.0;13.0;0.0;0.0
2024;2024/2;PA;153;76.0;24.0;27.0;16.0;10.0;0.0;0.0;38.0;45.0;70.0;0.0;0.0;0.0;18.0;26.0;17.0;3.0;0.0;0.0;0.0;0.0;2.0;0.0;0.0;48.0;8.0;0.0
2024;2024/2;PA;429;157.0;126.0;75.0;42.0;23.0;6.0;0.0;64.0;142.0;171.0;52.0;0.0;29.0;27.0;88.0;92.0;33.0;0.0;0.0;0.0;0.0;3.0;4.0;0.0;104.0;0.0;0.0
2024;2024/2;PA;263;20.0;20.0;51.0;60.0;70.0;30.0;12.0;40.0;50.0;173.0;0.0;0.0;0.0;0.0;4.0;0.0;0.0;1.0;0.0;0.0;0.0;2.0;4.0;0.0;0.0;1.0;0.0
2024;2024/2;PA;341;132.0;107.0;33.0;29.0;26.0;11.0;3.0;115.0;97.0;126.0;0.0;3.0;15.0;22.0;23.0;72.0;2.0;0.0;0.0;0.0;0.0;0.0;4.0;0.0;35.0;0.0;0.0
2024;2024/2;PA;486;108.0;94.0;102.0;95.0;50.0;36.0;1.0;87.0;109.0;284.0;5.0;1.0;12.0;10.0;35.0;130.0;9.0;1.0;3.0;0.0;0.0;2.0;15.0;2.0;43.0;0.0;0.0
2024;2024/2;PA;597;125.0;153.0;101.0;77.0;72.0;68.0;1.0;56.0;134.0;407.0;0.0;0.0;13.0;99.0;39.0;133.0;44.0;0.0;0.0;0.0;0.0;10.0;21.0;18.0;95.0;6.0;1.0
2024;2024/2;PA;271;12.0;69.0;81.0;93.0;15.0;1.0;0.0;36.0;6.0;229.0;0.0;0.0;21.0;15.0;17.0;23.0;20.0;12.0;0.0;8.0;0.0;3.0;9.0;5.0;16.0;18.0;4.0
2024;2024/2;PA;296;62.0;57.0;63.0;32.0;44.0;38.0;0.0;125.0;14.0;157.0;0.0;0.0;14.0;9.0;17.0;12.0;3.0;0.0;0.0;0.0;0.0;0.0;0.0;0.0;9.0;0.0;0.0
2024;2024/2;PA;91;21.0;26.0;14.0;23.0;7.0;0.0;0.0;19.0;14.0;58.0;0.0;0.0;7.0;11.0;5.0;26.0;1.0;0.0;0.0;0.0;0.0;0.0;0.0;0.0;22.0;0.0;0.0
2024;2024/2;PA;69;17.0;16.0;13.0;11.0;7.0;5.0;0.0;6.0;9.0;54.0;0.0;0.0;3.0;5.0;3.0;11.0;2.0;0.0;0.0;0.0;0.0;1.0;1.0;0.0;14.0;8.0;0.0
2024;2024/2;PA;533;80.0;128.0;121.0;104.0;60.0;40.0;0.0;130.0;113.0;290.0;0.0;0.0;40.0;19.0;20.0;20.0;43.0;14.0;0.0;0.0;0.0;2.0;0.0;10.0;35.0;8.0;0.0
2024;2024/2;PA;324;105.0;90.0;76.0;40.0;10.0;3.0;0.0;28.0;130.0;166.0;0.0;0.0;12.0;24.0;26.0;2.0;0.0;0.0;0.0;0.0;0.0;0.0;0.0;1.0;54.0;15.0;0.0
2024;2024/2;PA;552;109.0;124.0;107.0;110.0;56.0;4.0;1.0;39.0;154.0;326.0;0.0;0.0;3.0;30.0;23.0;64.0;17.0;3.0;2.0;3.0;0.0;2.0;9.0;4.0;86.0;10.0;0.0
2024;2024/2;PA;179;23.0;43.0;35.0;45.0;25.0;7.0;1.0;5.0;22.0;152.0;0.0;0.0;1.0;9.0;5.0;18.0;12.0;1.0;0.0;0.0;0.0;1.0;2.0;0.0;41.0;5.0;0.0
2024;2024/2;PA;143;3.0;16.0;39.0;42.0;37.0;6.0;0.0;36.0;25.0;82.0;0.0;0.0;0.0;0.0;3.0;15.0;0.0;2.0;1.0;0.0;0.0;1.0;0.0;0.0;3.0;4.0;1.0
2024;2024/2;PA;277;84.0;81.0;47.0;45.0;20.0;0.0;0.0;112.0;55.0;110.0;0.0;0.0;0.0;21.0;27.0;16.0;12.0;0.0;0.0;0.0;0.0;0.0;0.0;0.0;39.0;0.0;0.0
2024;2024/2;PA;1087;162.0;328.0;247.0;219.0;131.0;0.0;0.0;318.0;334.0;345.0;90.0;0.0;188.0;260.0;246.0;143.0;162.0;22.0;1.0;3.0;0.0;20.0;27.0;15.0;205.0;78.0;4.0
2024;2024/2;PA;329;9.0;180.0;110.0;30.0;0.0;0.0;0.0;50.0;79.0;190.0;10.0;0.0;0.0;0.0;94.0;110.0;10.0;0.0;2.0;0.0;0.0;0.0;0.0;0.0;32.0;46.0;0.0
2024;2024/2;PA;708;271.0;210.0;153.0;55.0;19.0;0.0;0.0;116.0;163.0;429.0;0.0;0.0;20.0;31.0;89.0;64.0;68.0;6.0;5.0;0.0;0.0;16.0;20.0;0.0;20.0;26.0;4.0
2024;2024/2;PA;91;6.0;36.0;30.0;14.0;4.0;1.0;0.0;11.0;23.0;57.0;0.0;0.0;5.0;5.0;14.0;26.0;11.0;1.0;0.0;0.0;0.0;1.0;3.0;0.0;10.0;0.0;1.0
2024;2024/2;PA;896;243.0;171.0;215.0;184.0;68.0;13.0;2.0;165.0;184.0;506.0;41.0;0.0;55.0;45.0;43.0;35.0;40.0;0.0;0.0;0.0;0.0;0.0;0.0;0.0;260.0;34.0;29.0
2024;2024/2;PA;169;35.0;34.0;37.0;52.0;5.0;4.0;2.0;55.0;22.0;83.0;9.0;0.0;11.0;6.0;15.0;11.0;2.0;0.0;0.0;0.0;0.0;1.0;0.0;3.0;7.0;5.0;0.0
2024;2024/2;PA;119;30.0;27.0;20.0;28.0;11.0;3.0;0.0;9.0;18.0;92.0;0.0;0.0;3.0;10.0;5.0;37.0;4.0;1.0;0.0;0.0;0.0;0.0;10.0;0.0;79.0;5.0;0.0
2024;2024/2;PA;457;132.0;113.0;119.0;52.0;22.0;19.0;0.0;55.0;137.0;229.0;36.0;0.0;104.0;79.0;95.0;236.0;6.0;2.0;2.0;0.0;0.0;3.0;7.0;0.0;295.0;52.0;0.0
2024;2024/2;PA;136;32.0;49.0;26.0;27.0;2.0;0.0;0.0;8.0;16.0;112.0;0.0;0.0;2.0;3.0;7.0;49.0;2.0;0.0;0.0;0.0;0.0;0.0;2.0;0.0;26.0;0.0;0.0
2024;2024/2;PA;344;5.0;23.0;69.0;140.0;83.0;20.0;4.0;44.0;41.0;224.0;2.0;0.0;3.0;18.0;8.0;80.0;37.0;1.0;0.0;0.0;0.0;2.0;5.0;0.0;47.0;9.0;1.0
2024;2024/2;PA;434;172.0;137.0;48.0;51.0;18.0;5.0;0.0;127.0;42.0;265.0;0.0;0.0;29.0;20.0;45.0;39.0;11.0;0.0;2.0;0.0;0.0;6.0;13.0;0.0;311.0;76.0;1.0
2024;2024/2;PA;97;20.0;24.0;29.0;21.0;3.0;0.0;0.0;10.0;9.0;78.0;0.0;0.0;5.0;3.0;1.0;13.0;1.0;0.0;0.0;0.0;0.0;2.0;0.0;0.0;33.0;8.0;0.0
2024;2024/2;PA;64;16.0;16.0;13.0;15.0;4.0;0.0;0.0;21.0;19.0;24.0;0.0;0.0;3.0;0.0;2.0;0.0;4.0;0.0;0.0;0.0;0.0;0.0;0.0;1.0;17.0;9.0;0.0
2024;2024/2;PA;31;9.0;8.0;7.0;7.0;0.0;0.0;0.0;5.0;9.0;17.0;0.0;0.0;4.0;1.0;2.0;1.0;1.0;0.0;0.0;0.0;0.0;0.0;0.0;0.0;8.0;1.0;0.0
2024;2024/2;PA;463;138.0;140.0;90.0;40.0;35.0;20.0;0.0;49.0;50.0;305.0;57.0;2.0;14.0;13.0;25.0;47.0;11.0;0.0;1.0;0.0;0.0;4.0;8.0;5.0;53.0;14.0;0.0
2024;2024/2;PA;40;7.0;9.0;7.0;9.0;5.0;3.0;0.0;7.0;11.0;22.0;0.0;0.0;2.0;2.0;2.0;15.0;5.0;0.0;0.0;0.0;0.0;0.0;2.0;0.0;11.0;0.0;0.0
2024;2024/2;PA;230;22.0;58.0;70.0;53.0;19.0;8.0;0.0;35.0;78.0;106.0;11.0;0.0;24.0;25.0;40.0;18.0;0.0;0.0;0.0;0.0;0.0;0.0;5.0;0.0;10.0;0.0;0.0
2024;2024/2;PA;115;36.0;27.0;25.0;18.0;7.0;1.0;1.0;29.0;21.0;65.0;0.0;0.0;18.0;9.0;13.0;20.0;4.0;0.0;0.0;0.0;0.0;0.0;0.0;0.0;8.0;4.0;0.0
2024;2024/2;PA;1662;508.0;491.0;398.0;224.0;27.0;14.0;0.0;506.0;632.0;524.0;0.0;0.0;383.0;312.0;575.0;293.0;99.0;0.0;0.0;0.0;5.0;16.0;14.0;0.0;1480.0;0.0;0.0
2024;2024/2;PA;95;18.0;16.0;12.0;30.0;17.0;2.0;0.0;25.0;50.0;20.0;0.0;0.0;21.0;18.0;21.0;13.0;5.0;0.0;0.0;0.0;0.0;0.0;3.0;0.0;5.0;3.0;0.0
2024;2024/2;PA;243;52.0;76.0;63.0;41.0;11.0;0.0;0.0;72.0;76.0;80.0;15.0;0.0;21.0;12.0;12.0;71.0;25.0;0.0;8.0;0.0;0.0;0.0;0.0;0.0;0.0;0.0;0.0
2024;2024/2;PA;53;5.0;15.0;11.0;13.0;9.0;0.0;0.0;15.0;18.0;20.0;0.0;0.0;3.0;6.0;2.0;5.0;0.0;0.0;0.0;0.0;0.0;0.0;5.0;0.0;0.0;0.0;0.0
2024;2024/2;PB;102;4.0;23.0;14.0;31.0;26.0;4.0;;43.0;15.0;44.0;;;4.0;9.0;2.0;4.0;1.0;;;;;;;;10.0;1.0;
2024;2024/2;PB;95;16.0;17.0;14.0;25.0;20.0;3.0;;34.0;6.0;55.0;;;5.0;14.0;4.0;24.0;0.0;1.0;1.0;0.0;0.0;0.0;2.0;3.0;25.0;1.0;0.0
2024;2024/2;PB;20;6.0;3.0;2.0;4.0;3.0;2.0;0.0;2.0;2.0;16.0;0.0;0.0;1.0;1.0;;7.0;;;;;;;1.0;;9.0;5.0;
2024;2024/2;PB;67;11.0;10.0;8.0;15.0;7.0;1.0;1.0;8.0;3.0;42.0;0.0;0.0;;;;;;;;;;;;;;;
2024;2024/2;PB;45;9.0;9.0;11.0;10.0;5.0;0.0;1.0;7.0;6.0;31.0;1.0;;12.0;4.0;7.0;6.0;2.0;;;;;;;;;;
2024;2024/2;PB;31;10.0;4.0;2.0;6.0;6.0;2.0;1.0;6.0;9.0;16.0;0.0;0.0;6.0;5.0;2.0;11.0;2.0;0.0;0.0;0.0;0.0;0.0;1.0;0.0;0.0;0.0;4.0
2024;2024/2;PB;57;9.0;17.0;10.0;11.0;9.0;1.0;0.0;13.0;38.0;6.0;0.0;0.0;0.0;0.0;0.0;9.0;0.0;0.0;0.0;0.0;0.0;0.0;0.0;1.0;27.0;15.0;0.0
2024;2024/2;PB;34;7.0;5.0;6.0;6.0;8.0;2.0;0.0;12.0;6.0;16.0;0.0;0.0;0.0;1.0;2.0;7.0;0.0;0.0;0.0;0.0;0.0;1.0;3.0;0.0;4.0;0.0;0.0
2024;2024/2;PB;62;7.0;11.0;11.0;22.0;6.0;5.0;0.0;16.0;20.0;26.0;;;3.0;5.0;4.0;8.0;5.0;0.0;0.0;0.0;0.0;5.0;3.0;1.0;18.0;15.0;3.0
2024;2024/2;PB;19;8.0;1.0;0.0;2.0;4.0;1.0;0.0;10.0;0.0;6.0;0.0;0.0;0.0;1.0;0.0;4.0;2.0;0.0;0.0;0.0;0.0;0.0;1.0;0.0;3.0;0.0;0.0
2024;2024/2;PB;47;10.0;7.0;5.0;13.0;9.0;3.0;0.0;10.0;4.0;33.0;0.0;0.0;1.0;2.0;8.0;2.0;2.0;0.0;0.0;0.0;0.0;0.0;1.0;0.0;5.0;2.0;0.0
2024;2024/2;PB;264;58.0;52.0;52.0;66.0;26.0;6.0;4.0;4.0;160.0;100.0;0.0;0.0;;;;;;;;;;;;;;;
2024;2024/2;PB;74;15.0;12.0;16.0;15.0;15.0;0.0;1.0;9.0;8.0;57.0;0.0;0.0;0.0;0.0;6.0;3.0;2.0;0.0;0.0;0.0;0.0;0.0;0.0;0.0;12.0;4.0;0.0
2024;2024/2;PB;189;20.0;39.0;38.0;69.0;23.0;0.0;0.0;57.0;34.0;98.0;0.0;0.0;;;;;;;;;;;;;;;
2024;2024/2;PB;73;11.0;20.0;7.0;20.0;10.0;5.0;0.0;12.0;49.0;12.0;0.0;0.0;;;;;;;;;;;;;;;
2024;2024/2;PB;65;13.0;17.0;11.0;13.0;7.0;4.0;0.0;26.0;4.0;35.0;0.0;0.0;;1.0;1.0;17.0;;;;;;;;;15.0;;
2024;2024/2;PB;37;8.0;10.0;3.0;13.0;2.0;1.0;0.0;15.0;1.0;21.0;0.0;0.0;0.0;0.0;2.0;3.0;0.0;0.0;0.0;0.0;0.0;0.0;0.0;0.0;3.0;0.0;0.0
2024;2024/2;PB;119;15.0;20.0;17.0;32.0;29.0;5.0;1.0;36.0;8.0;75.0;0.0;0.0;3.0;1.0;5.0;19.0;3.0;0.0;0.0;0.0;0.0;0.0;2.0;0.0;9.0;2.0;0.0
2024;2024/2;PB;42;7.0;10.0;5.0;11.0;5.0;2.0;;8.0;3.0;31.0;;;;1.0;1.0;11.0;;;;;;;2.0;;5.0;;
2024;2024/2;PB;53;9.0;11.0;13.0;16.0;3.0;1.0;0.0;3.0;6.0;44.0;0.0;0.0;3.0;0.0;6.0;0.0;0.0;0.0;0.0;0.0;0.0;0.0;0.0;0.0;18.0;7.0;0.0
2024;2024/2;PB;73;16.0;14.0;22.0;11.0;3.0;5.0;1.0;23.0;15.0;34.0;0.0;0.0;5.0;0.0;5.0;0.0;0.0;0.0;0.0;0.0;0.0;0.0;0.0;0.0;30.0;30.0;0.0
2024;2024/2;PB;74;16.0;14.0;12.0;18.0;7.0;7.0;0.0;16.0;4.0;54.0;0.0;0.0;8.0;6.0;5.0;3.0;1.0;0.0;0.0;0.0;0.0;0.0;1.0;0.0;16.0;12.0;0.0
2024;2024/2;PB;55;9.0;17.0;8.0;14.0;6.0;1.0;0.0;10.0;5.0;39.0;1.0;0.0;0.0;0.0;1.0;14.0;0.0;0.0;0.0;0.0;0.0;0.0;1.0;0.0;15.0;3.0;0.0
2024;2024/2;PB;67;12.0;16.0;11.0;13.0;12.0;1.0;2.0;19.0;3.0;45.0;0.0;0.0;4.0;2.0;5.0;13.0;3.0;0.0;0.0;0.0;0.0;0.0;0.0;1.0;8.0;5.0;0.0
2024;2024/2;PB;64;5.0;6.0;8.0;20.0;17.0;8.0;0.0;14.0;8.0;42.0;0.0;0.0;2.0;3.0;;3.0;1.0;;;;;;;;6.0;5.0;
2024;2024/2;PB;90;22.0;16.0;14.0;22.0;11.0;2.0;1.0;14.0;11.0;60.0;1.0;2.0;;;;;;;;;;;;;;;
2024;2024/2;PB;233;26.0;43.0;48.0;66.0;37.0;8.0;5.0;44.0;73.0;116.0;0.0;0.0;9.0;35.0;6.0;45.0;9.0;0.0;1.0;0.0;0.0;5.0;2.0;0.0;99.0;68.0;0.0
2024;2024/2;PB;89;20.0;9.0;4.0;11.0;3.0;0.0;1.0;6.0;8.0;34.0;0.0;0.0;;;;;;;;;;;;;;;
2024;2024/2;PB;65;14.0;10.0;12.0;18.0;8.0;2.0;1.0;21.0;7.0;37.0;0.0;0.0;;2.0;;7.0;;;;;;;;;9.0;;
2024;2024/2;PB;52;14.0;18.0;9.0;7.0;4.0;0.0;0.0;15.0;5.0;32.0;0.0;0.0;;;;;;;;;;;;;;;
2024;2024/2;PB;169;49.0;37.0;25.0;28.0;27.0;3.0;0.0;49.0;47.0;73.0;0.0;0.0;9.0;11.0;13.0;13.0;1.0;0.0;0.0;0.0;0.0;1.0;1.0;0.0;28.0;6.0;0.0
2024;2024/2;PB;94;18.0;14.0;17.0;24.0;18.0;2.0;1.0;41.0;47.0;6.0;0.0;0.0;4.0;8.0;6.0;4.0;0.0;0.0;0.0;0.0;0.0;0.0;0.0;0.0;15.0;10.0;0.0
2024;2024/2;PB;120;10.0;26.0;18.0;45.0;15.0;3.0;3.0;43.0;11.0;65.0;0.0;1.0;0.0;3.0;7.0;21.0;1.0;0.0;0.0;0.0;0.0;0.0;0.0;0.0;13.0;0.0;0.0
2024;2024/2;PB;35;6.0;12.0;7.0;5.0;3.0;2.0;;;1.0;34.0;;;;;;;;;;;;;;;;;
2024;2024/2;PB;35;6.0;6.0;3.0;8.0;8.0;4.0;;12.0;2.0;21.0;;;;2.0;;6.0;;;;;;;;;8.0;;
2024;2024/2;PB;72;21.0;15.0;12.0;16.0;6.0;2.0;;12.0;19.0;40.0;1.0;;1.0;1.0;3.0;5.0;3.0;;;;;;2.0;;13.0;2.0;
2024;2024/2;PB;36;11.0;3.0;5.0;12.0;4.0;1.0;;4.0;2.0;30.0;;;;;;5.0;1.0;;;;;;;;2.0;;
2024;2024/2;PB;194;32.0;45.0;23.0;59.0;30.0;5.0;0.0;44.0;19.0;130.0;1.0;0.0;11.0;12.0;27.0;50.0;0.0;0.0;0.0;0.0;0.0;0.0;5.0;2.0;;;
2024;2024/2;PB;30;3.0;6.0;6.0;9.0;3.0;0.0;1.0;0.0;0.0;0.0;0.0;0.0;;;;;;;;;;;;;;;
2024;2024/2;PB;76;13.0;16.0;15.0;13.0;15.0;4.0;0.0;10.0;11.0;55.0;0.0;0.0;4.0;2.0;14.0;1.0;3.0;0.0;0.0;0.0;0.0;0.0;2.0;0.0;16.0;11.0;0.0
2024;2024/2;PB;48;3.0;8.0;2.0;9.0;4.0;0.0;0.0;6.0;4.0;16.0;0.0;0.0;;;;;;;;;;;;;;;
2024;2024/2;PB;28;3.0;5.0;4.0;12.0;2.0;0.0;2.0;3.0;3.0;22.0;;;;;2.0;;;;;;;;;;7.0;2.0;
2024;2024/2;PB;3179;553.0;779.0;791.0;803.0;208.0;45.0;0.0;595.0;694.0;1890.0;0.0;0.0;;;;;;;;;;;;;;;
2024;2024/2;PB;384;50.0;81.0;80.0;108.0;55.0;7.0;3.0;49.0;48.0;287.0;0.0;0.0;16.0;6.0;7.0;11.0;5.0;4.0;0.0;0.0;0.0;7.0;3.0;0.0;265.0;63.0;0.0
2024;2024/2;PB;251;45.0;41.0;41.0;84.0;28.0;10.0;2.0;61.0;44.0;146.0;0.0;0.0;18.0;56.0;24.0;133.0;13.0;4.0;0.0;0.0;0.0;0.0;3.0;2.0;48.0;9.0;0.0
2024;2024/2;PB;677;266.0;156.0;90.0;117.0;41.0;7.0;0.0;102.0;101.0;474.0;0.0;0.0;;;;;;;;;;;;;;;
2024;2024/2;PB;431;155.0;112.0;72.0;45.0;38.0;9.0;;98.0;130.0;198.0;;5.0;20.0;85.0;60.0;90.0;;;;;;5.0;6.0;;30.0;;
2024;2024/2;PB;188;19.0;51.0;40.0;65.0;12.0;0.0;1.0;19.0;20.0;149.0;0.0;0.0;34.0;33.0;33.0;189.0;15.0;3.0;2.0;0.0;0.0;0.0;13.0;0.0;65.0;10.0;0.0
2024;2024/2;PB;2296;308.0;666.0;534.0;555.0;194.0;31.0;8.0;376.0;241.0;1676.0;3.0;0.0;149.0;195.0;248.0;1634.0;105.0;19.0;0.0;3.0;1.0;14.0;121.0;7.0;654.0;119.0;46.0
2024;2024/2;PB;25;3.0;9.0;9.0;3.0;1.0;;;3.0;4.0;18.0;;;15.0;2.0;3.0;2.0;;;;;;;;;;;
2024;2024/2;PB;96;12.0;19.0;22.0;34.0;8.0;1.0;;22.0;7.0;67.0;;;7.0;12.0;0.0;36.0;10.0;2.0;1.0;0.0;0.0;4.0;1.0;0.0;49.0;13.0;8.0
2024;2024/2;PB;38;3.0;7.0;10.0;12.0;6.0;0.0;0.0;6.0;8.0;24.0;0.0;0.0;1.0;4.0;11.0;;;;;;;1.0;2.0;;2.0;1.0;7.0
2024;2024/2;PB;255;39.0;52.0;47.0;72.0;38.0;6.0;1.0;67.0;31.0;151.0;5.0;1.0;;;;;;;;;;;;;;;
2024;2024/2;PB;373;78.0;118.0;58.0;85.0;32.0;2.0;0.0;85.0;31.0;253.0;2.0;1.0;23.0;8.0;28.0;73.0;11.0;4.0;0.0;0.0;0.0;1.0;14.0;0.0;126.0;40.0;0.0
2024;2024/2;PB;413;115.0;84.0;50.0;98.0;46.0;8.0;2.0;84.0;25.0;293.0;1.0;0.0;13.0;10.0;22.0;55.0;1.0;0.0;2.0;0.0;0.0;2.0;5.0;2.0;30.0;5.0;0.0
2024;2024/2;PB;338;46.0;90.0;59.0;104.0;32.0;6.0;1.0;93.0;42.0;203.0;0.0;0.0;;;;;;;;;;;;;;;
2024;2024/2;PB;399;59.0;117.0;97.0;98.0;23.0;3.0;2.0;70.0;40.0;286.0;1.0;2.0;11.0;20.0;99.0;160.0;21.0;2.0;0.0;0.0;0.0;0.0;10.0;1.0;82.0;16.0;0.0
2024;2024/2;PB;390;102.0;121.0;60.0;78.0;25.0;4.0;0.0;75.0;71.0;244.0;0.0;0.0;21.0;;121.0;7.0;8.0;;;;;1.0;5.0;;127.0;52.0;
2024;2024/2;PB;1323;129.0;352.0;290.0;393.0;130.0;21.0;8.0;230.0;78.0;1011.0;4.0;0.0;158.0;29.0;587.0;134.0;24.0;13.0;10.0;0.0;0.0;23.0;76.0;0.0;338.0;152.0;21.0
2024;2024/2;PB;209;29.0;53.0;38.0;52.0;34.0;2.0;1.0;40.0;24.0;145.0;0.0;0.0;;;;;;;;;;;;;;;
2024;2024/2;PB;222;12.0;23.0;34.0;81.0;59.0;8.0;5.0;71.0;42.0;109.0;0.0;0.0;10.0;22.0;2.0;42.0;2.0;2.0;1.0;0.0;0.0;1.0;4.0;0.0;22.0;5.0;0.0
2024;2024/2;PB;36;2.0;3.0;3.0;15.0;11.0;2.0;0.0;6.0;6.0;24.0;0.0;0.0;1.0;3.0;1.0;;;;;;;;;;;;
2024;2024/2;PB;497;32.0;89.0;133.0;198.0;45.0;;;144.0;34.0;319.0;;;12.0;50.0;35.0;280.0;28.0;10.0;3.0;0.0;0.0;5.0;34.0;0.0;134.0;34.0;8.0
2024;2024/2;PB;14;0.0;2.0;3.0;4.0;4.0;1.0;0.0;8.0;0.0;5.0;0.0;1.0;;;;;;;;;;;;;;;
2024;2024/2;PB;63;5.0;14.0;16.0;21.0;7.0;0.0;0.0;12.0;10.0;41.0;0.0;0.0;7.0;;3.0;5.0;;;;;;1.0;;1.0;38.0;2.0;
2024;2024/2;PB;198;36.0;48.0;26.0;53.0;26.0;5.0;0.0;25.0;19.0;150.0;0.0;0.0;9.0;17.0;4.0;72.0;13.0;2.0;0.0;1.0;0.0;0.0;6.0;0.0;72.0;18.0;0.0
2024;2024/2;PE;20;10.0;3.0;4.0;3.0;0.0;0.0;0.0;1.0;3.0;16.0;0.0;0.0;0.0;1.0;0.0;3.0;0.0;0.0;0.0;0.0;0.0;0.0;0.0;0.0;6.0;0.0;0.0
2024;2024/2;PE;8;0.0;1.0;1.0;3.0;2.0;0.0;1.0;2.0;2.0;4.0;0.0;0.0;;;;;;;;;;;;;;;
2024;2024/2;PE;13;7.0;2.0;0.0;3.0;1.0;0.0;0.0;0.0;0.0;10.0;3.0;0.0;0.0;0.0;0.0;0.0;0.0;0.0;0.0;0.0;0.0;0.0;1.0;0.0;5.0;0.0;0.0
2024;2024/2;PE;2;1.0;1.0;0.0;0.0;0.0;0.0;0.0;1.0;0.0;1.0;0.0;0.0;;;;;1.0;;;;;;;;;;
2024;2024/2;PE;74;16.0;17.0;7.0;21.0;11.0;2.0;0.0;6.0;23.0;44.0;1.0;0.0;10.0;1.0;9.0;1.0;;3.0;;;;2.0;1.0;;6.0;2.0;
2024;2024/2;PE;19;10.0;4.0;2.0;2.0;;;1.0;9.0;5.0;5.0;;;;2.0;;;;;;;;;;;13.0;;
2024;2024/2;PE;15;0.0;7.0;5.0;3.0;0.0;0.0;0.0;1.0;0.0;14.0;0.0;0.0;4.0;0.0;0.0;0.0;0.0;0.0;0.0;;;;;;2.0;;
2024;2024/2;PE;17;6.0;5.0;4.0;2.0;0.0;0.0;0.0;3.0;2.0;12.0;0.0;0.0;1.0;2.0;1.0;4.0;1.0;;;;;;;;10.0;3.0;
2024;2024/2;PE;20;6.0;5.0;5.0;2.0;2.0;;;8.0;4.0;8.0;;;;;1.0;3.0;;;;;;1.0;2.0;;5.0;1.0;
2024;2024/2;PE;34;5.0;4.0;7.0;11.0;7.0;0.0;0.0;10.0;0.0;24.0;0.0;0.0;0.0;0.0;1.0;0.0;0.0;0.0;0.0;0.0;0.0;0.0;0.0;0.0;;;
2024;2024/2;PE;4;0.0;3.0;1.0;0.0;0.0;0.0;0.0;1.0;1.0;2.0;0.0;0.0;0.0;0.0;0.0;0.0;0.0;0.0;0.0;0.0;0.0;0.0;0.0;0.0;0.0;0.0;0.0
2024;2024/2;PE;10;4.0;3.0;2.0;1.0;0.0;0.0;0.0;1.0;4.0;5.0;0.0;0.0;;;1.0;1.0;;;;;;;;;1.0;;
2024;2024/2;PE;110;49.0;25.0;18.0;13.0;4.0;1.0;0.0;19.0;23.0;68.0;0.0;0.0;18.0;5.0;6.0;5.0;0.0;0.0;0.0;0.0;0.0;0.0;1.0;0.0;81.0;23.0;0.0
2024;2024/2;PE;1;1.0;;;;;;;;;1.0;;;;;;;;;;;;;;;1.0;;
2024;2024/2;PE;64;21.0;16.0;9.0;14.0;4.0;;;1.0;63.0;;;;1.0;;6.0;;;;;;;;;;29.0;8.0;
2024;2024/2;PE;40;8.0;8.0;9.0;9.0;5.0;1.0;0.0;5.0;14.0;19.0;2.0;0.0;4.0;;1.0;;;;;;;;;;8.0;5.0;0.0
2024;2024/2;PE;28;13.0;9.0;2.0;2.0;2.0;;;6.0;7.0;15.0;;;3.0;7.0;1.0;14.0;;;;;;;;2.0;12.0;3.0;1.0
2024;2024/2;PE;31;9.0;4.0;7.0;5.0;6.0;;;3.0;2.0;26.0;;;;;1.0;;;;;;;;;;9.0;;
2024;2024/2;PE;5;2.0;1.0;0.0;1.0;1.0;0.0;0.0;0.0;0.0;5.0;0.0;0.0;0.0;0.0;0.0;0.0;0.0;0.0;0.0;0.0;0.0;0.0;0.0;0.0;0.0;0.0;0.0
2024;2024/2;PE;6;5.0;1.0;;;;;;2.0;1.0;3.0;;;1.0;;;;;;;;;;;;3.0;;
2024;2024/2;PE;1;0.0;1.0;0.0;0.0;0.0;0.0;0.0;0.0;0.0;1.0;0.0;0.0;0.0;0.0;0.0;0.0;0.0;0.0;0.0;0.0;0.0;0.0;0.0;0.0;0.0;0.0;0.0
2024;2024/2;PE;2;1.0;0.0;1.0;0.0;0.0;0.0;0.0;1.0;0.0;0.0;0.0;0.0;;;;;;;;;;;;;;;
2024;2024/2;PE;10;3.0;3.0;3.0;1.0;;;;2.0;;8.0;;;1.0;;1.0;;;;;;;;;;4.0;;
2024;2024/2;PE;12;3.0;6.0;2.0;0.0;1.0;0.0;0.0;0.0;7.0;5.0;0.0;0.0;;;;;;;;;;;;;8.0;;
2024;2024/2;PE;38;2.0;6.0;5.0;20.0;5.0;0.0;0.0;3.0;16.0;16.0;3.0;0.0;3.0;0.0;5.0;0.0;1.0;0.0;0.0;0.0;0.0;0.0;0.0;0.0;12.0;4.0;0.0
2024;2024/2;PE;1;;;;;;;;;;;;;;;;;;;;;;;;;;;
2024;2024/2;PE;25;3.0;8.0;3.0;8.0;2.0;1.0;0.0;1.0;7.0;16.0;0.0;0.0;0.0;2.0;2.0;2.0;1.0;0.0;0.0;0.0;0.0;0.0;0.0;1.0;2.0;0.0;2.0
2024;2024/2;PE;14;1.0;5.0;3.0;4.0;0.0;1.0;0.0;4.0;3.0;7.0;0.0;0.0;1.0;0.0;1.0;0.0;0.0;0.0;0.0;0.0;0.0;0.0;1.0;0.0;7.0;3.0;0.0
2024;2024/2;PE;2;0.0;1.0;0.0;0.0;1.0;0.0;0.0;0.0;0.0;2.0;0.0;0.0;;;;;;;;;;;;;;;
2024;2024/2;PE;277;30.0;71.0;72.0;77.0;21.0;5.0;1.0;33.0;99.0;145.0;0.0;0.0;;;;;;;;;;;;;;;
2024;2024/2;PE;111;;;;;;;;;;;;;;;;;;;;;;;;;;;
2024;2024/2;PE;38;1.0;7.0;14.0;12.0;4.0;0.0;0.0;6.0;1.0;31.0;0.0;0.0;2.0;0.0;1.0;4.0;0.0;0.0;0.0;0.0;0.0;0.0;1.0;0.0;10.0;1.0;0.0
2024;2024/2;PE;13;7.0;2.0;0.0;3.0;1.0;0.0;0.0;0.0;0.0;10.0;3.0;0.0;;;;;;;;;;;1.0;;5.0;;
2024;2024/2;PE;14;1.0;5.0;3.0;4.0;1.0;;;4.0;1.0;9.0;0.0;0.0;0.0;0.0;0.0;0.0;1.0;0.0;0.0;0.0;0.0;0.0;0.0;0.0;;;
2024;2024/2;PE;5;1.0;2.0;;1.0;1.0;;;;;5.0;;;0.0;0.0;0.0;1.0;0.0;0.0;0.0;0.0;0.0;0.0;0.0;0.0;1.0;0.0;0.0
2024;2024/2;PE;8;2.0;2.0;0.0;1.0;2.0;1.0;0.0;0.0;1.0;7.0;0.0;0.0;0.0;0.0;0.0;0.0;0.0;2.0;0.0;0.0;0.0;0.0;0.0;0.0;0.0;0.0;0.0
2024;2024/2;PE;206;64.0;39.0;34.0;48.0;19.0;1.0;1.0;42.0;30.0;134.0;0.0;0.0;22.0;15.0;23.0;32.0;10.0;3.0;2.0;0.0;0.0;5.0;4.0;1.0;;;
2024;2024/2;PE;13;0.0;4.0;5.0;2.0;1.0;1.0;0.0;1.0;1.0;11.0;0.0;0.0;;;;;;;;;;;;;5.0;2.0;
2024;2024/2;PE;78;24.0;24.0;13.0;8.0;8.0;1.0;0.0;7.0;6.0;63.0;1.0;1.0;6.0;9.0;9.0;36.0;1.0;0.0;0.0;0.0;0.0;0.0;6.0;1.0;23.0;5.0;0.0
2024;2024/2;PE;11;0.0;5.0;2.0;4.0;0.0;0.0;0.0;0.0;1.0;10.0;0.0;0.0;2.0;;;;;;;;;;;;1.0;;
2024;2024/2;PE;25;6.0;5.0;3.0;5.0;6.0;0.0;0.0;1.0;2.0;22.0;0.0;0.0;0.0;0.0;0.0;0.0;0.0;0.0;0.0;0.0;0.0;0.0;1.0;0.0;5.0;;
2024;2024/2;PE;5;0.0;0.0;2.0;0.0;2.0;0.0;1.0;1.0;1.0;3.0;0.0;0.0;0.0;0.0;0.0;0.0;0.0;0.0;0.0;0.0;0.0;0.0;0.0;0.0;2.0;0.0;0.0
2024;2024/2;PE;52;11.0;12.0;12.0;10.0;5.0;2.0;0.0;8.0;9.0;35.0;0.0;0.0;5.0;0.0;4.0;6.0;0.0;0.0;0.0;0.0;0.0;0.0;1.0;0.0;12.0;5.0;0.0
2024;2024/2;PE;100;11.0;24.0;19.0;32.0;13.0;0.0;1.0;8.0;12.0;78.0;0.0;2.0;3.0;7.0;4.0;7.0;3.0;2.0;0.0;0.0;0.0;0.0;0.0;0.0;15.0;3.0;0.0
2024;2024/2;PE;18;0.0;2.0;4.0;5.0;7.0;0.0;0.0;3.0;0.0;15.0;0.0;0.0;0.0;0.0;2.0;0.0;0.0;0.0;0.0;0.0;0.0;0.0;0.0;0.0;5.0;2.0;0.0
2024;2024/2;PE;5;0.0;0.0;1.0;3.0;1.0;0.0;0.0;2.0;0.0;3.0;0.0;0.0;2.0;;;;;;;;;;;;;;
2024;2024/2;PE;17;0.0;3.0;8.0;5.0;1.0;0.0;0.0;1.0;0.0;16.0;0.0;0.0;;2.0;2.0;;;;;;;;;;3.0;;
2024;2024/2;PE;24;0.0;7.0;9.0;6.0;2.0;0.0;0.0;2.0;1.0;21.0;;;2.0;;;1.0;;;;;;;;;2.0;;
2024;2024/2;PE;1;0.0;0.0;1.0;0.0;0.0;0.0;0.0;0.0;0.0;1.0;0.0;0.0;;;;;;;;;;;;;;;
2024;2024/2;PE;5;1.0;2.0;1.0;1.0;0.0;0.0;0.0;4.0;1.0;0.0;0.0;0.0;;;;;;;;;;;;;1.0;;
2024;2024/2;PE;3905;1247.0;970.0;718.0;662.0;247.0;45.0;16.0;262.0;543.0;3098.0;2.0;;258.0;445.0;605.0;1660.0;77.0;30.0;10.0;9.0;;23.0;211.0;13.0;1928.0;2.0;1918.0
2024;2024/2;PE;1701;221.0;532.0;455.0;176.0;234.0;59.0;24.0;373.0;301.0;958.0;16.0;2.0;96.0;58.0;302.0;565.0;91.0;3.0;6.0;;16.0;17.0;175.0;13.0;623.0;325.0;23.0
2024;2024/2;PE;1701;;;;;;;;;;;;;;;;;;;;;;;;;;;
2024;2024/2;PE;227;40.0;44.0;38.0;67.0;32.0;6.0;;55.0;14.0;135.0;22.0;1.0;26.0;27.0;5.0;47.0;16.0;4.0;2.0;;;11.0;17.0;19.0;180.0;63.0;2.0
2024;2024/2;PE;352;85.0;83.0;59.0;94.0;30.0;1.0;0.0;32.0;45.0;275.0;0.0;0.0;36.0;50.0;35.0;66.0;13.0;7.0;2.0;0.0;0.0;8.0;13.0;2.0;170.0;60.0;0.0
2024;2024/2;PE;75;6.0;13.0;16.0;31.0;8.0;1.0;0.0;4.0;13.0;57.0;0.0;1.0;6.0;3.0;3.0;2.0;1.0;0.0;0.0;0.0;0.0;0.0;1.0;0.0;4.0;2.0;0.0
2024;2024/2;PE;5703;994.0;1178.0;972.0;1535.0;741.0;177.0;77.0;783.0;577.0;4021.0;27.0;15.0;163.0;29.0;345.0;507.0;96.0;11.0;8.0;0.0;0.0;38.0;77.0;6.0;1593.0;26.0;0.0
2024;2024/2;PE;1477;156.0;303.0;310.0;461.0;198.0;37.0;12.0;253.0;363.0;847.0;0.0;3.0;;;;;;;;;;;;;;;
2024;2024/2;PE;474;17.0;96.0;129.0;158.0;70.0;4.0;0.0;48.0;70.0;337.0;4.0;1.0;27.0;39.0;77.0;334.0;79.0;7.0;15.0;1.0;0.0;4.0;31.0;2.0;13.0;2.0;
2024;2024/2;PE;581;35.0;89.0;115.0;190.0;75.0;7.0;3.0;115.0;75.0;370.0;7.0;1.0;;;;;;;;;;;;;;;
2024;2024/2;PE;2817;275.0;627.0;644.0;847.0;336.0;67.0;21.0;288.0;439.0;2051.0;10.0;2.0;20.0;19.0;71.0;218.0;37.0;2.0;3.0;0.0;0.0;0.0;20.0;1.0;326.0;38.0;0.0
2024;2024/2;PE;1030;145.0;222.0;199.0;318.0;114.0;23.0;9.0;180.0;175.0;669.0;;6.0;17.0;38.0;16.0;42.0;2.0;2.0;;;;2.0;7.0;;230.0;3.0;
2024;2024/2;PE;1671;349.0;381.0;405.0;336.0;131.0;62.0;7.0;450.0;417.0;700.0;49.0;0.0;67.0;131.0;157.0;966.0;151.0;12.0;14.0;3.0;0.0;7.0;109.0;1.0;701.0;215.0;20.0
2024;2024/2;PE;19;1.0;6.0;5.0;3.0;2.0;0.0;2.0;8.0;3.0;8.0;0.0;0.0;2.0;4.0;4.0;15.0;1.0;0.0;0.0;0.0;0.0;0.0;1.0;0.0;6.0;1.0;0.0
2024;2024/2;PE;1622;344.0;429.0;301.0;354.0;158.0;25.0;11.0;170.0;403.0;1049.0;0.0;0.0;127.0;145.0;216.0;795.0;126.0;8.0;9.0;2.0;0.0;13.0;138.0;9.0;659.0;118.0;25.0
2024;2024/2;PE;307;37.0;122.0;83.0;51.0;13.0;1.0;0.0;19.0;68.0;220.0;0.0;0.0;4.0;9.0;4.0;187.0;22.0;4.0;1.0;0.0;0.0;4.0;24.0;1.0;247.0;45.0;0.0
2024;2024/2;PE;8;2.0;;;4.0;2.0;;;1.0;2.0;5.0;;;;;;1.0;;;;;;;;;3.0;;
2024;2024/2;PE;1127;223.0;230.0;210.0;332.0;104.0;24.0;4.0;232.0;210.0;671.0;10.0;4.0;131.0;93.0;111.0;132.0;27.0;0.0;0.0;0.0;0.0;3.0;54.0;15.0;305.0;93.0;0.0
2024;2024/2;PE;199;5.0;21.0;39.0;49.0;34.0;33.0;18.0;53.0;36.0;77.0;29.0;4.0;14.0;10.0;41.0;13.0;2.0;0.0;0.0;0.0;0.0;0.0;0.0;2.0;;;
2024;2024/2;PE;617;161.0;155.0;112.0;137.0;46.0;5.0;1.0;130.0;34.0;448.0;4.0;0.0;24.0;53.0;49.0;297.0;42.0;3.0;0.0;1.0;0.0;2.0;55.0;9.0;225.0;46.0;0.0
2024;2024/2;PE;679;132.0;185.0;128.0;146.0;69.0;15.0;3.0;90.0;64.0;478.0;2.0;3.0;15.0;8.0;26.0;104.0;20.0;1.0;0.0;1.0;0.0;0.0;6.0;0.0;121.0;1.0;0.0
2024;2024/2;PE;964;233.0;260.0;161.0;171.0;104.0;27.0;8.0;103.0;120.0;741.0;0.0;0.0;;;;;;;;;;;;;;;
2024;2024/2;PE;221;21.0;112.0;54.0;19.0;12.0;3.0;0.0;12.0;44.0;163.0;0.0;0.0;2.0;7.0;10.0;38.0;1.0;0.0;0.0;0.0;0.0;0.0;4.0;0.0;16.0;1.0;0.0
2024;2024/2;PE;1;;;;1.0;;;;1.0;;;;;;;;;;;;;;;;;;;
2024;2024/2;PE;372;51.0;102.0;66.0;91.0;45.0;10.0;3.0;31.0;53.0;274.0;3.0;0.0;14.0;8.0;65.0;134.0;25.0;8.0;4.0;0.0;0.0;2.0;23.0;2.0;112.0;27.0;0.0
2024;2024/2;PE;7;0.0;0.0;2.0;3.0;1.0;1.0;0.0;4.0;0.0;2.0;1.0;0.0;;;;;;;;;;;;;;;
2024;2024/2;PE;5510;1297.0;1481.0;1141.0;1082.0;422.0;75.0;12.0;1234.0;2048.0;1848.0;77.0;0.0;15.0;11.0;20.0;28.0;0.0;6.0;6.0;4.0;0.0;20.0;325.0;29.0;2784.0;847.0;84.0
2024;2024/2;PE;1;0.0;1.0;0.0;0.0;0.0;0.0;0.0;0.0;0.0;1.0;0.0;0.0;;;;;;;;;;;;;0.0;0.0;0.0
2024;2024/2;PE;646;93.0;139.0;135.0;206.0;66.0;7.0;;65.0;94.0;477.0;2.0;2.0;;;;;;;;;;;;;;;
2024;2024/2;PE;880;96.0;123.0;118.0;254.0;134.0;39.0;9.0;93.0;85.0;627.0;3.0;9.0;;;;;;;;;;;;;;;
2024;2024/2;PE;468;198.0;145.0;79.0;22.0;11.0;11.0;2.0;58.0;46.0;364.0;;;18.0;17.0;30.0;69.0;21.0;3.0;1.0;0.0;0.0;3.0;23.0;3.0;199.0;54.0;0.0
2024;2024/2;PE;1;;;;1.0;;;;;;1.0;;;;;;;;;;;;;;;1.0;;
2024;2024/2;PE;1252;135.0;248.0;365.0;398.0;106.0;0.0;0.0;118.0;255.0;842.0;8.0;5.0;1472.0;181.0;8.0;255.0;796.0;63.0;13.0;23.0;0.0;0.0;13.0;87.0;38.0;0.0;0.0
2024;2024/2;PE;54;;5.0;6.0;17.0;22.0;4.0;;6.0;9.0;39.0;;;2.0;3.0;7.0;0.0;1.0;1.0;0.0;0.0;0.0;0.0;0.0;0.0;2.0;1.0;0.0
2024;2024/2;PI;1176;479.0;266.0;157.0;217.0;54.0;3.0;0.0;137.0;258.0;777.0;3.0;1.0;36.0;25.0;113.0;307.0;18.0;2.0;0.0;0.0;0.0;8.0;31.0;1.0;281.0;17.0;0.0
2024;2024/2;PI;1172;248.0;237.0;200.0;295.0;141.0;34.0;17.0;133.0;114.0;597.0;0.0;0.0;58.0;34.0;161.0;78.0;9.0;3.0;0.0;0.0;0.0;15.0;22.0;1.0;348.0;39.0;0.0
2024;2024/2;PI;848;56.0;156.0;187.0;258.0;153.0;19.0;3.0;75.0;73.0;384.0;0.0;0.0;40.0;30.0;190.0;209.0;8.0;2.0;1.0;2.0;0.0;4.0;6.0;1.0;141.0;6.0;7.0
2024;2024/2;PI;305;113.0;114.0;26.0;47.0;5.0;0.0;0.0;33.0;30.0;242.0;0.0;0.0;2.0;7.0;6.0;147.0;27.0;0.0;0.0;0.0;0.0;0.0;7.0;0.0;60.0;10.0;0.0
2024;2024/2;PI;179;19.0;45.0;22.0;52.0;32.0;8.0;0.0;10.0;22.0;52.0;4.0;0.0;6.0;10.0;2.0;4.0;14.0;0.0;0.0;0.0;0.0;0.0;0.0;0.0;25.0;0.0;0.0
2024;2024/2;PI;205;39.0;48.0;32.0;60.0;21.0;4.0;0.0;16.0;24.0;89.0;0.0;0.0;3.0;22.0;7.0;37.0;6.0;0.0;0.0;0.0;0.0;1.0;7.0;0.0;40.0;17.0;0.0
2024;2024/2;PI;30;3.0;8.0;7.0;6.0;6.0;0.0;0.0;5.0;8.0;16.0;1.0;0.0;2.0;1.0;0.0;2.0;3.0;0.0;0.0;0.0;0.0;0.0;2.0;0.0;13.0;5.0;0.0
2024;2024/2;PI;169;32.0;30.0;23.0;56.0;20.0;5.0;0.0;17.0;33.0;99.0;0.0;0.0;4.0;4.0;4.0;19.0;4.0;0.0;0.0;0.0;0.0;6.0;1.0;1.0;66.0;3.0;0.0
2024;2024/2;PI;316;57.0;76.0;63.0;66.0;33.0;11.0;3.0;48.0;74.0;184.0;3.0;0.0;15.0;15.0;17.0;55.0;12.0;0.0;0.0;0.0;0.0;0.0;7.0;1.0;56.0;12.0;0.0
2024;2024/2;PI;118;6.0;8.0;13.0;39.0;28.0;15.0;9.0;30.0;15.0;63.0;0.0;0.0;5.0;1.0;8.0;11.0;3.0;0.0;0.0;0.0;0.0;1.0;3.0;0.0;13.0;4.0;0.0
2024;2024/2;PI;338;71.0;91.0;53.0;95.0;25.0;3.0;0.0;75.0;61.0;202.0;0.0;0.0;0.0;17.0;6.0;42.0;8.0;0.0;0.0;0.0;0.0;4.0;0.0;8.0;88.0;36.0;0.0
2024;2024/2;PI;560;72.0;102.0;103.0;157.0;109.0;15.0;2.0;112.0;101.0;343.0;4.0;0.0;80.0;24.0;13.0;161.0;23.0;1.0;0.0;1.0;0.0;4.0;9.0;1.0;140.0;3.0;13.0
2024;2024/2;PI;341;91.0;79.0;36.0;82.0;39.0;14.0;0.0;26.0;98.0;217.0;0.0;0.0;0.0;34.0;0.0;83.0;1.0;0.0;0.0;0.0;0.0;1.0;0.0;2.0;43.0;0.0;0.0
2024;2024/2;PI;701;134.0;133.0;115.0;213.0;90.0;15.0;1.0;79.0;48.0;499.0;0.0;0.0;51.0;20.0;61.0;144.0;13.0;2.0;2.0;4.0;0.0;8.0;22.0;0.0;342.0;5.0;5.0
2024;2024/2;PI;1176;154.0;363.0;276.0;303.0;67.0;10.0;3.0;87.0;115.0;544.0;1.0;0.0;9.0;55.0;22.0;380.0;43.0;0.0;0.0;0.0;0.0;1.0;17.0;2.0;104.0;8.0;10.0
2024;2024/2;PI;636;73.0;161.0;118.0;199.0;78.0;6.0;1.0;66.0;93.0;388.0;0.0;0.0;37.0;48.0;81.0;235.0;21.0;1.0;1.0;0.0;0.0;1.0;17.0;1.0;102.0;2.0;6.0
2024;2024/2;PI;100;9.0;22.0;22.0;25.0;18.0;4.0;0.0;15.0;45.0;39.0;1.0;0.0;1.0;2.0;1.0;6.0;3.0;0.0;0.0;0.0;0.0;0.0;1.0;0.0;9.0;0.0;0.0
2024;2024/2;PR;124;0.0;0.0;0.0;0.0;0.0;0.0;0.0;0.0;0.0;0.0;0.0;0.0;0.0;0.0;0.0;0.0;0.0;0.0;0.0;0.0;0.0;0.0;0.0;0.0;0.0;0.0;0.0
2024;2024/2;PR;385;75.0;68.0;73.0;93.0;60.0;13.0;3.0;0.0;0.0;0.0;0.0;0.0;0.0;0.0;0.0;0.0;0.0;0.0;0.0;0.0;0.0;0.0;0.0;0.0;0.0;0.0;0.0
2024;2024/2;PR;60;7.0;32.0;13.0;8.0;0.0;0.0;0.0;31.0;23.0;6.0;0.0;0.0;10.0;0.0;5.0;5.0;0.0;0.0;0.0;0.0;0.0;1.0;0.0;0.0;10.0;10.0;0.0
2024;2024/2;PR;94;0.0;0.0;0.0;0.0;0.0;0.0;0.0;0.0;0.0;0.0;0.0;0.0;0.0;0.0;0.0;0.0;0.0;0.0;0.0;0.0;0.0;0.0;0.0;0.0;0.0;0.0;0.0
2024;2024/2;PR;46;5.0;6.0;15.0;10.0;10.0;0.0;0.0;22.0;9.0;15.0;0.0;0.0;0.0;0.0;0.0;0.0;0.0;0.0;0.0;0.0;0.0;0.0;0.0;0.0;0.0;0.0;0.0
2024;2024/2;PR;114;1.0;13.0;13.0;41.0;41.0;5.0;0.0;0.0;0.0;0.0;0.0;0.0;0.0;0.0;0.0;0.0;0.0;0.0;0.0;0.0;0.0;0.0;0.0;0.0;0.0;0.0;0.0
2024;2024/2;PR;115;0.0;0.0;0.0;0.0;0.0;0.0;0.0;0.0;0.0;0.0;0.0;0.0;0.0;0.0;0.0;0.0;0.0;0.0;0.0;0.0;0.0;0.0;0.0;0.0;0.0;0.0;0.0
2024;2024/2;PR;115;0.0;0.0;0.0;0.0;0.0;0.0;0.0;0.0;0.0;0.0;0.0;0.0;0.0;0.0;0.0;0.0;0.0;0.0;0.0;0.0;0.0;0.0;0.0;0.0;0.0;0.0;0.0
2024;2024/2;PR;127;0.0;0.0;0.0;0.0;0.0;0.0;0.0;0.0;0.0;0.0;0.0;0.0;0.0;0.0;0.0;0.0;0.0;0.0;0.0;0.0;0.0;0.0;0.0;0.0;0.0;0.0;0.0
2024;2024/2;PR;189;0.0;0.0;0.0;0.0;0.0;0.0;0.0;0.0;0.0;0.0;0.0;0.0;0.0;0.0;0.0;0.0;0.0;0.0;0.0;0.0;0.0;0.0;0.0;0.0;0.0;0.0;0.0
2024;2024/2;PR;386;59.0;101.0;82.0;94.0;39.0;9.0;2.0;0.0;0.0;0.0;0.0;0.0;0.0;0.0;0.0;0.0;0.0;0.0;0.0;0.0;0.0;0.0;0.0;0.0;0.0;0.0;0.0
2024;2024/2;PR;310;0.0;0.0;0.0;0.0;0.0;0.0;0.0;0.0;0.0;0.0;0.0;0.0;0.0;0.0;0.0;0.0;0.0;0.0;0.0;0.0;0.0;0.0;0.0;0.0;0.0;0.0;0.0
2024;2024/2;PR;367;76.0;90.0;69.0;87.0;35.0;9.0;1.0;237.0;11.0;115.0;4.0;0.0;0.0;0.0;0.0;0.0;0.0;0.0;0.0;0.0;0.0;0.0;0.0;0.0;0.0;0.0;0.0
2024;2024/2;PR;128;0.0;0.0;0.0;0.0;0.0;0.0;0.0;0.0;0.0;0.0;0.0;0.0;0.0;0.0;0.0;0.0;0.0;0.0;0.0;0.0;0.0;0.0;0.0;0.0;0.0;0.0;0.0
2024;2024/2;PR;146;46.0;40.0;20.0;24.0;15.0;0.0;1.0;31.0;35.0;80.0;0.0;0.0;0.0;0.0;0.0;0.0;0.0;0.0;0.0;0.0;0.0;0.0;0.0;0.0;0.0;0.0;0.0
2024;2024/2;PR;166;0.0;0.0;0.0;0.0;0.0;0.0;0.0;0.0;0.0;0.0;0.0;0.0;0.0;0.0;0.0;0.0;0.0;0.0;0.0;0.0;0.0;0.0;0.0;0.0;0.0;0.0;0.0
2024;2024/2;PR;151;0.0;0.0;0.0;0.0;0.0;0.0;0.0;50.0;0.0;99.0;0.0;2.0;0.0;0.0;0.0;0.0;0.0;0.0;0.0;0.0;0.0;0.0;0.0;0.0;0.0;0.0;0.0
2024;2024/2;PR;64;2.0;4.0;3.0;19.0;30.0;5.0;1.0;15.0;4.0;45.0;0.0;0.0;0.0;0.0;0.0;0.0;0.0;0.0;0.0;0.0;0.0;0.0;0.0;0.0;0.0;0.0;0.0
2024;2024/2;PR;81;12.0;12.0;11.0;25.0;19.0;1.0;1.0;62.0;1.0;17.0;0.0;1.0;4.0;1.0;4.0;2.0;0.0;0.0;0.0;0.0;0.0;0.0;0.0;1.0;9.0;0.0;0.0
2024;2024/2;PR;66;0.0;0.0;0.0;0.0;0.0;0.0;0.0;0.0;0.0;0.0;0.0;0.0;0.0;0.0;0.0;0.0;0.0;0.0;0.0;0.0;0.0;0.0;0.0;0.0;0.0;0.0;0.0
2024;2024/2;PR;201;18.0;36.0;45.0;66.0;32.0;3.0;1.0;81.0;27.0;87.0;3.0;0.0;0.0;0.0;0.0;0.0;0.0;0.0;0.0;0.0;0.0;0.0;0.0;0.0;0.0;0.0;0.0
2024;2024/2;PR;110;21.0;35.0;19.0;27.0;6.0;2.0;0.0;47.0;10.0;49.0;2.0;2.0;0.0;0.0;0.0;0.0;0.0;0.0;0.0;0.0;0.0;0.0;0.0;0.0;0.0;0.0;0.0
2024;2024/2;PR;191;0.0;0.0;0.0;0.0;0.0;0.0;0.0;0.0;0.0;0.0;0.0;0.0;0.0;0.0;0.0;0.0;0.0;0.0;0.0;0.0;0.0;0.0;0.0;0.0;0.0;0.0;0.0
2024;2024/2;PR;105;5.0;10.0;40.0;20.0;15.0;12.0;3.0;35.0;15.0;53.0;1.0;1.0;0.0;0.0;0.0;0.0;0.0;0.0;0.0;0.0;0.0;0.0;0.0;0.0;0.0;0.0;0.0
2024;2024/2;PR;51;12.0;8.0;8.0;15.0;6.0;1.0;1.0;20.0;4.0;27.0;0.0;0.0;0.0;0.0;0.0;0.0;0.0;0.0;0.0;0.0;0.0;0.0;0.0;0.0;0.0;0.0;0.0
2024;2024/2;PR;321;53.0;70.0;72.0;84.0;36.0;5.0;1.0;126.0;33.0;120.0;2.0;0.0;0.0;0.0;0.0;0.0;0.0;0.0;0.0;0.0;0.0;0.0;0.0;0.0;0.0;0.0;0.0
2024;2024/2;PR;886;38.0;53.0;64.0;148.0;138.0;46.0;17.0;0.0;0.0;0.0;0.0;11.0;0.0;0.0;0.0;0.0;0.0;0.0;0.0;0.0;0.0;0.0;0.0;0.0;0.0;0.0;0.0
2024;2024/2;PR;60;0.0;0.0;0.0;0.0;0.0;0.0;0.0;0.0;0.0;0.0;0.0;0.0;0.0;0.0;0.0;0.0;0.0;0.0;0.0;0.0;0.0;0.0;0.0;0.0;0.0;0.0;0.0
2024;2024/2;PR;116;16.0;21.0;18.0;34.0;16.0;7.0;4.0;30.0;7.0;33.0;0.0;1.0;0.0;0.0;0.0;0.0;0.0;0.0;0.0;0.0;0.0;0.0;0.0;0.0;0.0;0.0;0.0
2024;2024/2;PR;57;2.0;13.0;12.0;15.0;8.0;2.0;1.0;50.0;1.0;3.0;0.0;0.0;0.0;0.0;0.0;0.0;0.0;0.0;0.0;0.0;0.0;0.0;0.0;0.0;0.0;0.0;0.0
2024;2024/2;PR;201;31.0;42.0;39.0;61.0;19.0;5.0;4.0;47.0;19.0;57.0;2.0;0.0;0.0;0.0;0.0;0.0;0.0;0.0;0.0;0.0;0.0;0.0;0.0;0.0;0.0;0.0;0.0
2024;2024/2;PR;120;12.0;23.0;19.0;28.0;11.0;2.0;0.0;26.0;19.0;39.0;0.0;0.0;0.0;0.0;0.0;0.0;0.0;0.0;0.0;0.0;0.0;0.0;0.0;0.0;0.0;0.0;0.0
2024;2024/2;PR;195;0.0;0.0;0.0;0.0;0.0;0.0;0.0;0.0;0.0;0.0;0.0;0.0;0.0;0.0;0.0;0.0;0.0;0.0;0.0;0.0;0.0;0.0;0.0;0.0;0.0;0.0;0.0
2024;2024/2;PR;78;0.0;0.0;0.0;0.0;0.0;0.0;0.0;0.0;0.0;0.0;0.0;0.0;0.0;0.0;0.0;0.0;0.0;0.0;0.0;0.0;0.0;0.0;0.0;0.0;0.0;0.0;0.0
2024;2024/2;PR;278;54.0;51.0;52.0;73.0;37.0;9.0;2.0;134.0;28.0;108.0;5.0;3.0;0.0;0.0;0.0;0.0;0.0;0.0;0.0;0.0;0.0;0.0;0.0;0.0;0.0;0.0;0.0
2024;2024/2;PR;154;0.0;0.0;0.0;0.0;0.0;0.0;0.0;0.0;0.0;0.0;0.0;0.0;0.0;0.0;0.0;0.0;0.0;0.0;0.0;0.0;0.0;0.0;0.0;0.0;0.0;0.0;0.0
2024;2024/2;PR;147;0.0;0.0;0.0;0.0;0.0;0.0;0.0;34.0;26.0;86.0;1.0;0.0;0.0;0.0;0.0;0.0;0.0;0.0;0.0;0.0;0.0;0.0;0.0;0.0;0.0;0.0;0.0
2024;2024/2;PR;188;0.0;0.0;0.0;0.0;0.0;0.0;0.0;0.0;0.0;0.0;0.0;0.0;0.0;0.0;0.0;0.0;0.0;0.0;0.0;0.0;0.0;0.0;0.0;0.0;0.0;0.0;0.0
2024;2024/2;PR;289;0.0;0.0;0.0;0.0;0.0;0.0;0.0;0.0;0.0;0.0;0.0;0.0;0.0;0.0;0.0;0.0;0.0;0.0;0.0;0.0;0.0;0.0;0.0;0.0;0.0;0.0;0.0
2024;2024/2;PR;63;16.0;9.0;15.0;17.0;6.0;0.0;0.0;7.0;7.0;49.0;0.0;0.0;0.0;0.0;0.0;0.0;0.0;0.0;0.0;0.0;0.0;0.0;0.0;0.0;0.0;0.0;0.0
2024;2024/2;PR;43;2.0;5.0;9.0;11.0;4.0;0.0;0.0;11.0;6.0;14.0;0.0;0.0;0.0;0.0;0.0;0.0;0.0;0.0;0.0;0.0;0.0;0.0;0.0;0.0;0.0;0.0;0.0
2024;2024/2;PR;352;0.0;0.0;0.0;0.0;0.0;0.0;0.0;0.0;0.0;0.0;0.0;0.0;0.0;0.0;0.0;0.0;0.0;0.0;0.0;0.0;0.0;0.0;0.0;0.0;0.0;0.0;0.0
2024;2024/2;PR;92;16.0;17.0;20.0;27.0;12.0;0.0;0.0;15.0;4.0;13.0;1.0;0.0;0.0;0.0;0.0;0.0;0.0;0.0;0.0;0.0;0.0;0.0;0.0;0.0;0.0;0.0;0.0
2024;2024/2;PR;66;0.0;0.0;0.0;0.0;0.0;0.0;0.0;30.0;0.0;0.0;0.0;0.0;0.0;0.0;0.0;0.0;0.0;0.0;0.0;0.0;0.0;0.0;0.0;0.0;0.0;0.0;0.0
2024;2024/2;PR;145;0.0;0.0;0.0;0.0;0.0;0.0;0.0;0.0;0.0;0.0;0.0;0.0;0.0;0.0;0.0;0.0;0.0;0.0;0.0;0.0;0.0;0.0;0.0;0.0;0.0;0.0;0.0
2024;2024/2;PR;138;21.0;27.0;21.0;36.0;27.0;5.0;1.0;21.0;2.0;23.0;0.0;0.0;0.0;0.0;0.0;0.0;0.0;0.0;0.0;0.0;0.0;0.0;0.0;0.0;0.0;0.0;0.0
2024;2024/2;PR;99;21.0;15.0;19.0;27.0;12.0;1.0;0.0;31.0;8.0;47.0;1.0;2.0;1.0;0.0;6.0;0.0;1.0;0.0;0.0;0.0;0.0;0.0;9.0;0.0;63.0;13.0;0.0
2024;2024/2;PR;485;71.0;113.0;106.0;117.0;72.0;6.0;0.0;220.0;30.0;113.0;1.0;0.0;0.0;0.0;0.0;0.0;0.0;0.0;0.0;0.0;0.0;0.0;0.0;0.0;0.0;0.0;0.0
2024;2024/2;PR;57;11.0;18.0;7.0;14.0;5.0;2.0;0.0;15.0;2.0;4.0;1.0;0.0;0.0;0.0;0.0;0.0;0.0;0.0;0.0;0.0;0.0;0.0;0.0;0.0;0.0;0.0;0.0
2024;2024/2;PR;37;2.0;5.0;7.0;10.0;9.0;3.0;1.0;0.0;0.0;0.0;0.0;0.0;0.0;0.0;0.0;0.0;0.0;0.0;0.0;0.0;0.0;0.0;0.0;0.0;0.0;0.0;0.0
2024;2024/2;PR;58;10.0;10.0;10.0;14.0;14.0;0.0;0.0;24.0;3.0;31.0;0.0;0.0;0.0;0.0;0.0;0.0;0.0;0.0;0.0;0.0;0.0;0.0;0.0;0.0;0.0;0.0;0.0
2024;2024/2;PR;115;28.0;24.0;22.0;23.0;15.0;3.0;0.0;0.0;0.0;0.0;0.0;0.0;0.0;0.0;0.0;0.0;0.0;0.0;0.0;0.0;0.0;0.0;0.0;0.0;0.0;0.0;0.0
2024;2024/2;PR;64;15.0;14.0;11.0;13.0;9.0;2.0;0.0;36.0;7.0;16.0;3.0;0.0;0.0;0.0;0.0;0.0;0.0;0.0;0.0;0.0;0.0;0.0;0.0;0.0;0.0;0.0;0.0
2024;2024/2;PR;72;10.0;13.0;10.0;24.0;12.0;3.0;0.0;32.0;28.0;12.0;0.0;0.0;0.0;0.0;0.0;0.0;0.0;0.0;0.0;0.0;0.0;0.0;0.0;0.0;0.0;0.0;0.0
2024;2024/2;PR;105;1.0;29.0;20.0;35.0;17.0;3.0;0.0;40.0;6.0;23.0;0.0;0.0;0.0;0.0;0.0;0.0;0.0;0.0;0.0;0.0;0.0;0.0;0.0;0.0;0.0;0.0;0.0
2024;2024/2;PR;126;28.0;19.0;28.0;30.0;16.0;1.0;0.0;0.0;27.0;91.0;0.0;4.0;0.0;0.0;0.0;0.0;0.0;0.0;0.0;0.0;0.0;0.0;0.0;0.0;0.0;0.0;0.0
2024;2024/2;PR;252;10.0;13.0;20.0;22.0;12.0;0.0;0.0;50.0;13.0;14.0;0.0;0.0;1.0;1.0;0.0;6.0;2.0;0.0;0.0;0.0;0.0;0.0;0.0;0.0;64.0;0.0;0.0
2024;2024/2;PR;71;0.0;0.0;0.0;0.0;0.0;0.0;0.0;0.0;0.0;0.0;0.0;0.0;0.0;0.0;0.0;0.0;0.0;0.0;0.0;0.0;0.0;0.0;0.0;0.0;0.0;0.0;0.0
2024;2024/2;PR;158;33.0;34.0;35.0;43.0;10.0;2.0;1.0;30.0;10.0;30.0;1.0;0.0;0.0;0.0;0.0;0.0;0.0;0.0;0.0;0.0;0.0;0.0;0.0;0.0;0.0;0.0;0.0
2024;2024/2;PR;50;0.0;14.0;28.0;7.0;1.0;0.0;0.0;5.0;6.0;39.0;0.0;0.0;0.0;0.0;0.0;8.0;0.0;0.0;0.0;0.0;0.0;0.0;0.0;0.0;34.0;0.0;0.0
2024;2024/2;PR;130;17.0;22.0;19.0;41.0;24.0;7.0;0.0;68.0;2.0;44.0;0.0;1.0;19.0;3.0;5.0;7.0;0.0;1.0;0.0;0.0;0.0;2.0;7.0;0.0;19.0;11.0;0.0
2024;2024/2;PR;156;0.0;0.0;0.0;0.0;0.0;0.0;0.0;0.0;0.0;0.0;0.0;0.0;0.0;0.0;0.0;0.0;0.0;0.0;0.0;0.0;0.0;0.0;0.0;0.0;0.0;0.0;0.0
2024;2024/2;PR;68;3.0;11.0;18.0;21.0;13.0;2.0;0.0;27.0;11.0;30.0;0.0;0.0;0.0;0.0;0.0;0.0;0.0;0.0;0.0;0.0;0.0;0.0;0.0;0.0;0.0;0.0;0.0
2024;2024/2;PR;142;6.0;10.0;19.0;39.0;45.0;19.0;4.0;60.0;4.0;77.0;0.0;1.0;0.0;0.0;0.0;0.0;0.0;0.0;0.0;0.0;0.0;0.0;0.0;0.0;0.0;0.0;0.0
2024;2024/2;PR;96;6.0;14.0;15.0;32.0;20.0;4.0;5.0;0.0;0.0;0.0;0.0;0.0;0.0;0.0;0.0;0.0;0.0;0.0;0.0;0.0;0.0;0.0;0.0;0.0;0.0;0.0;0.0
2024;2024/2;PR;90;15.0;12.0;20.0;19.0;15.0;8.0;1.0;40.0;15.0;27.0;1.0;0.0;0.0;0.0;0.0;0.0;0.0;0.0;0.0;0.0;0.0;0.0;0.0;0.0;0.0;0.0;0.0
2024;2024/2;PR;74;0.0;0.0;0.0;0.0;0.0;0.0;0.0;0.0;0.0;0.0;0.0;0.0;0.0;0.0;0.0;0.0;0.0;0.0;0.0;0.0;0.0;0.0;0.0;0.0;0.0;0.0;0.0
2024;2024/2;PR;88;0.0;0.0;0.0;0.0;0.0;0.0;0.0;0.0;0.0;0.0;0.0;0.0;0.0;0.0;0.0;0.0;0.0;0.0;0.0;0.0;0.0;0.0;0.0;0.0;0.0;0.0;0.0
2024;2024/2;PR;70;13.0;16.0;10.0;14.0;8.0;1.0;0.0;40.0;20.0;0.0;0.0;2.0;0.0;0.0;0.0;0.0;0.0;0.0;0.0;0.0;0.0;0.0;0.0;0.0;0.0;0.0;0.0
2024;2024/2;PR;45;4.0;7.0;7.0;13.0;12.0;2.0;0.0;21.0;3.0;21.0;0.0;0.0;0.0;0.0;0.0;0.0;0.0;0.0;0.0;0.0;0.0;0.0;0.0;0.0;0.0;0.0;0.0
2024;2024/2;PR;256;13.0;14.0;10.0;16.0;9.0;0.0;0.0;21.0;3.0;34.0;0.0;0.0;0.0;0.0;0.0;0.0;0.0;0.0;0.0;0.0;0.0;0.0;0.0;0.0;0.0;0.0;0.0
2024;2024/2;PR;781;153.0;208.0;146.0;199.0;66.0;8.0;1.0;0.0;0.0;0.0;0.0;0.0;0.0;0.0;0.0;0.0;0.0;0.0;0.0;0.0;0.0;0.0;0.0;0.0;0.0;0.0;0.0
2024;2024/2;PR;98;3.0;11.0;25.0;44.0;10.0;5.0;0.0;81.0;3.0;9.0;5.0;0.0;0.0;0.0;0.0;0.0;0.0;0.0;0.0;0.0;0.0;0.0;0.0;0.0;0.0;0.0;0.0
2024;2024/2;PR;92;0.0;0.0;0.0;0.0;0.0;0.0;0.0;0.0;0.0;0.0;0.0;0.0;0.0;0.0;0.0;0.0;0.0;0.0;0.0;0.0;0.0;0.0;0.0;0.0;0.0;0.0;0.0
2024;2024/2;PR;93;19.0;13.0;12.0;25.0;21.0;2.0;1.0;36.0;2.0;21.0;0.0;0.0;0.0;0.0;0.0;0.0;0.0;0.0;0.0;0.0;0.0;0.0;0.0;0.0;0.0;0.0;0.0
2024;2024/2;PR;152;30.0;33.0;24.0;41.0;21.0;3.0;0.0;72.0;5.0;73.0;2.0;0.0;0.0;0.0;0.0;0.0;0.0;0.0;0.0;0.0;0.0;0.0;0.0;0.0;0.0;0.0;0.0
2024;2024/2;PR;225;0.0;0.0;0.0;0.0;0.0;0.0;0.0;0.0;0.0;0.0;0.0;0.0;0.0;0.0;0.0;0.0;0.0;0.0;0.0;0.0;0.0;0.0;0.0;0.0;0.0;0.0;0.0
2024;2024/2;PR;176;13.0;18.0;14.0;21.0;2.0;2.0;1.0;37.0;5.0;17.0;0.0;0.0;0.0;0.0;0.0;0.0;0.0;0.0;0.0;0.0;0.0;0.0;0.0;0.0;0.0;0.0;0.0
2024;2024/2;PR;453;113.0;95.0;97.0;105.0;41.0;2.0;0.0;0.0;0.0;0.0;0.0;0.0;0.0;0.0;0.0;0.0;0.0;0.0;0.0;0.0;0.0;0.0;0.0;0.0;0.0;0.0;0.0
2024;2024/2;PR;170;37.0;27.0;27.0;46.0;33.0;0.0;0.0;59.0;7.0;59.0;1.0;1.0;0.0;0.0;0.0;0.0;0.0;0.0;0.0;0.0;0.0;0.0;0.0;0.0;0.0;0.0;0.0
2024;2024/2;PR;228;0.0;0.0;0.0;0.0;0.0;0.0;0.0;0.0;0.0;0.0;0.0;0.0;0.0;0.0;0.0;0.0;0.0;0.0;0.0;0.0;0.0;0.0;0.0;0.0;0.0;0.0;0.0
2024;2024/2;PR;1180;235.0;293.0;227.0;300.0;109.0;14.0;2.0;469.0;145.0;496.0;10.0;0.0;282.0;10.0;267.0;97.0;13.0;6.0;0.0;2.0;0.0;8.0;115.0;0.0;488.0;25.0;0.0
2024;2024/2;PR;763;14.0;50.0;91.0;267.0;311.0;30.0;0.0;300.0;21.0;121.0;5.0;0.0;65.0;0.0;144.0;0.0;0.0;3.0;3.0;1.0;0.0;1.0;36.0;0.0;84.0;4.0;0.0
2024;2024/2;PR;704;90.0;122.0;129.0;210.0;74.0;14.0;3.0;280.0;70.0;285.0;3.0;1.0;0.0;0.0;0.0;0.0;0.0;0.0;0.0;0.0;0.0;0.0;0.0;0.0;0.0;0.0;0.0
2024;2024/2;PR;1740;334.0;379.0;373.0;460.0;168.0;22.0;4.0;486.0;50.0;186.0;4.0;0.0;0.0;0.0;0.0;0.0;0.0;0.0;0.0;0.0;0.0;0.0;0.0;0.0;0.0;0.0;0.0
2024;2024/2;PR;1039;210.0;281.0;270.0;220.0;54.0;4.0;0.0;0.0;0.0;0.0;0.0;0.0;0.0;0.0;0.0;0.0;0.0;0.0;0.0;0.0;0.0;0.0;0.0;0.0;0.0;0.0;0.0
2024;2024/2;PR;17996;1994.0;3817.0;3581.0;5065.0;2643.0;557.0;251.0;7754.0;1152.0;5708.0;138.0;68.0;0.0;0.0;0.0;0.0;0.0;0.0;0.0;0.0;0.0;0.0;0.0;0.0;0.0;0.0;0.0
2024;2024/2;PR;117;10.0;10.0;16.0;46.0;33.0;2.0;0.0;51.0;12.0;37.0;1.0;0.0;0.0;0.0;0.0;0.0;0.0;0.0;0.0;0.0;0.0;0.0;0.0;0.0;0.0;0.0;0.0
2024;2024/2;PR;194;6.0;26.0;30.0;34.0;53.0;18.0;3.0;82.0;18.0;55.0;0.0;0.0;0.0;0.0;0.0;0.0;0.0;0.0;0.0;0.0;0.0;0.0;0.0;0.0;0.0;0.0;0.0
2024;2024/2;PR;441;40.0;110.0;108.0;120.0;61.0;2.0;0.0;160.0;48.0;138.0;3.0;0.0;0.0;0.0;0.0;0.0;0.0;0.0;0.0;0.0;0.0;0.0;0.0;0.0;0.0;0.0;0.0
2024;2024/2;PR;138;21.0;23.0;29.0;22.0;17.0;1.0;0.0;31.0;25.0;52.0;0.0;0.0;0.0;0.0;0.0;0.0;0.0;0.0;0.0;0.0;0.0;0.0;0.0;0.0;0.0;0.0;0.0
2024;2024/2;PR;406;28.0;66.0;113.0;120.0;62.0;8.0;9.0;206.0;25.0;172.0;3.0;0.0;0.0;0.0;0.0;0.0;0.0;0.0;0.0;0.0;0.0;0.0;0.0;0.0;0.0;0.0;0.0
2024;2024/2;PR;350;15.0;78.0;77.0;96.0;65.0;18.0;1.0;179.0;51.0;119.0;1.0;0.0;39.0;60.0;25.0;96.0;15.0;5.0;0.0;0.0;0.0;4.0;36.0;0.0;154.0;26.0;1.0
2024;2024/2;PR;455;26.0;57.0;62.0;72.0;74.0;129.0;35.0;0.0;0.0;0.0;0.0;0.0;0.0;0.0;0.0;0.0;0.0;0.0;0.0;0.0;0.0;0.0;0.0;0.0;0.0;0.0;0.0
2024;2024/2;PR;2549;0.0;0.0;0.0;0.0;0.0;0.0;0.0;1904.0;149.0;496.0;0.0;0.0;0.0;0.0;0.0;0.0;0.0;0.0;0.0;0.0;0.0;0.0;0.0;0.0;0.0;0.0;0.0
2024;2024/2;PR;39222;0.0;0.0;0.0;0.0;0.0;0.0;0.0;0.0;0.0;0.0;0.0;0.0;0.0;0.0;0.0;0.0;0.0;0.0;0.0;0.0;0.0;0.0;0.0;0.0;0.0;0.0;0.0
2024;2024/2;PR;1256;0.0;0.0;0.0;0.0;0.0;0.0;0.0;0.0;0.0;0.0;0.0;0.0;0.0;0.0;0.0;0.0;0.0;0.0;0.0;0.0;0.0;0.0;0.0;0.0;0.0;0.0;0.0
2024;2024/2;PR;803;114.0;191.0;157.0;188.0;111.0;36.0;6.0;413.0;23.0;365.0;2.0;0.0;28.0;31.0;30.0;60.0;;3.0;;;2.0;3.0;;;278.0;142.0;
2024;2024/2;PR;3284;699.0;588.0;335.0;135.0;37.0;0.0;0.0;187.0;508.0;0.0;4.0;0.0;0.0;0.0;0.0;0.0;0.0;0.0;0.0;0.0;0.0;0.0;0.0;0.0;0.0;0.0;0.0
2024;2024/2;PR;231;53.0;46.0;43.0;47.0;39.0;2.0;0.0;0.0;0.0;0.0;0.0;0.0;0.0;0.0;0.0;0.0;0.0;0.0;0.0;0.0;0.0;0.0;0.0;0.0;0.0;0.0;0.0
2024;2024/2;PR;570;81.0;141.0;132.0;165.0;50.0;1.0;0.0;0.0;0.0;0.0;0.0;0.0;0.0;0.0;0.0;0.0;0.0;0.0;0.0;0.0;0.0;0.0;0.0;0.0;0.0;0.0;0.0
2024;2024/2;PR;935;129.0;196.0;214.0;246.0;129.0;18.0;3.0;0.0;327.0;0.0;0.0;15.0;0.0;0.0;0.0;0.0;0.0;0.0;0.0;0.0;0.0;0.0;0.0;0.0;0.0;0.0;0.0
2024;2024/2;PR;789;93.0;197.0;184.0;202.0;93.0;16.0;4.0;428.0;160.0;192.0;6.0;3.0;260.0;0.0;0.0;130.0;1.0;1.0;0.0;3.0;0.0;5.0;20.0;0.0;262.0;0.0;0.0
2024;2024/2;PR;1424;18.0;59.0;605.0;602.0;122.0;17.0;1.0;483.0;125.0;815.0;0.0;1.0;32.0;55.0;92.0;2.0;0.0;5.0;6.0;3.0;0.0;7.0;12.0;5.0;367.0;251.0;42.0
2024;2024/2;PR;574;66.0;140.0;123.0;179.0;60.0;6.0;0.0;229.0;25.0;87.0;3.0;0.0;0.0;0.0;0.0;0.0;0.0;0.0;0.0;0.0;0.0;0.0;0.0;0.0;0.0;0.0;0.0
2024;2024/2;PR;1770;223.0;447.0;427.0;504.0;153.0;15.0;1.0;891.0;78.0;342.0;11.0;0.0;0.0;0.0;0.0;0.0;0.0;0.0;0.0;0.0;0.0;0.0;0.0;0.0;0.0;0.0;0.0
2024;2024/2;PR;1246;186.0;349.0;301.0;309.0;94.0;6.0;1.0;375.0;106.0;343.0;0.0;0.0;293.0;0.0;474.0;0.0;0.0;6.0;2.0;0.0;0.0;14.0;201.0;0.0;507.0;77.0;492.0
2024;2024/2;PR;521;65.0;151.0;132.0;145.0;27.0;1.0;0.0;315.0;57.0;146.0;3.0;0.0;0.0;0.0;0.0;0.0;0.0;0.0;0.0;0.0;0.0;0.0;0.0;0.0;0.0;0.0;0.0
2024;2024/2;PR;1028;35.0;102.0;156.0;327.0;289.0;81.0;38.0;287.0;60.0;186.0;10.0;11.0;0.0;0.0;0.0;0.0;0.0;0.0;0.0;0.0;0.0;0.0;0.0;0.0;0.0;0.0;0.0
2024;2024/2;PR;831;124.0;205.0;209.0;213.0;71.0;6.0;3.0;340.0;69.0;418.0;2.0;2.0;174.0;135.0;20.0;314.0;44.0;6.0;0.0;0.0;0.0;11.0;136.0;6.0;483.0;95.0;3.0
2024;2024/2;PR;1361;176.0;349.0;321.0;370.0;124.0;16.0;5.0;0.0;0.0;0.0;0.0;0.0;268.0;83.0;383.0;0.0;0.0;5.0;4.0;2.0;0.0;10.0;173.0;0.0;509.0;124.0;63.0
2024;2024/2;PR;315;19.0;64.0;59.0;99.0;61.0;12.0;1.0;77.0;65.0;149.0;0.0;0.0;12.0;;59.0;;;1.0;1.0;;;;1.0;;93.0;3.0;
2024;2024/2;PR;779;46.0;156.0;173.0;215.0;123.0;42.0;24.0;304.0;58.0;220.0;4.0;0.0;132.0;63.0;314.0;176.0;47.0;8.0;2.0;0.0;0.0;9.0;64.0;2.0;193.0;35.0;3.0
2024;2024/2;PR;1132;154.0;303.0;299.0;270.0;99.0;5.0;2.0;403.0;110.0;383.0;6.0;0.0;45.0;265.0;31.0;462.0;75.0;13.0;2.0;2.0;0.0;3.0;84.0;0.0;830.0;39.0;0.0
2024;2024/2;PR;1087;176.0;268.0;257.0;284.0;95.0;7.0;0.0;386.0;94.0;344.0;3.0;0.0;30.0;225.0;115.0;259.0;48.0;12.0;3.0;1.0;0.0;8.0;62.0;2.0;540.0;18.0;0.0
2024;2024/2;PR;506;47.0;145.0;128.0;140.0;34.0;6.0;0.0;465.0;33.0;2.0;0.0;0.0;85.0;132.0;100.0;235.0;80.0;4.0;0.0;1.0;3.0;15.0;22.0;84.0;270.0;90.0;40.0
2024;2024/2;PR;702;50.0;145.0;194.0;270.0;41.0;2.0;0.0;471.0;56.0;162.0;1.0;0.0;131.0;28.0;245.0;107.0;38.0;12.0;2.0;3.0;0.0;1.0;51.0;1.0;351.0;86.0;172.0
2024;2024/2;PR;1276;141.0;354.0;311.0;392.0;74.0;4.0;0.0;637.0;65.0;227.0;4.0;0.0;0.0;0.0;0.0;0.0;0.0;0.0;0.0;0.0;0.0;0.0;0.0;0.0;0.0;0.0;0.0
2024;2024/2;PR;238;18.0;45.0;40.0;35.0;76.0;20.0;4.0;169.0;27.0;42.0;0.0;0.0;0.0;0.0;0.0;0.0;0.0;0.0;0.0;0.0;0.0;0.0;0.0;0.0;0.0;0.0;0.0
2024;2024/2;PR;525;60.0;83.0;170.0;155.0;37.0;15.0;5.0;280.0;55.0;183.0;7.0;0.0;90.0;80.0;0.0;0.0;0.0;0.0;0.0;0.0;0.0;0.0;10.0;0.0;200.0;50.0;0.0
2024;2024/2;PR;256;31.0;49.0;49.0;64.0;57.0;6.0;0.0;117.0;39.0;94.0;6.0;0.0;14.0;28.0;24.0;38.0;8.0;4.0;0.0;0.0;0.0;3.0;14.0;0.0;15.0;10.0;4.0
2024;2024/2;PR;495;41.0;106.0;118.0;158.0;62.0;8.0;2.0;249.0;36.0;161.0;10.0;0.0;18.0;35.0;36.0;54.0;19.0;3.0;5.0;0.0;0.0;8.0;18.0;0.0;212.0;105.0;4.0
2024;2024/2;PR;509;39.0;113.0;112.0;132.0;83.0;19.0;11.0;295.0;28.0;180.0;4.0;2.0;116.0;206.0;58.0;247.0;51.0;5.0;3.0;1.0;0.0;11.0;61.0;2.0;356.0;71.0;0.0
2024;2024/2;PR;415;49.0;78.0;76.0;130.0;67.0;15.0;0.0;205.0;33.0;174.0;0.0;0.0;12.0;61.0;10.0;79.0;26.0;1.0;1.0;0.0;0.0;2.0;47.0;1.0;40.0;29.0;0.0
2024;2024/2;PR;450;0.0;0.0;0.0;0.0;0.0;0.0;0.0;0.0;0.0;0.0;0.0;0.0;0.0;0.0;0.0;0.0;0.0;0.0;0.0;0.0;0.0;0.0;0.0;0.0;0.0;0.0;0.0
2024;2024/2;PR;125;0.0;4.0;12.0;74.0;31.0;0.0;0.0;20.0;23.0;61.0;0.0;0.0;0.0;10.0;4.0;6.0;89.0;1.0;7.0;0.0;0.0;11.0;21.0;6.0;125.0;45.0;5.0
2024;2024/2;RJ;125;0.0;0.0;8.0;41.0;67.0;9.0;0.0;67.0;9.0;41.0;1.0;1.0;;;;;;;;;;;;;;;
2024;2024/2;RJ;1337;339.0;260.0;237.0;356.0;141.0;2.0;2.0;325.0;308.0;638.0;2.0;7.0;;;;;;;;;;;;;;;
2024;2024/2;RJ;165;0.0;0.0;0.0;0.0;0.0;150.0;15.0;67.0;18.0;80.0;0.0;0.0;5.0;0.0;3.0;4.0;0.0;3.0;0.0;0.0;0.0;6.0;4.0;0.0;6.0;0.0;0.0
2024;2024/2;RJ;594;;;;;;;;;;;;;;;;;;;;;;;;;;;
2024;2024/2;RJ;717;221.0;219.0;125.0;117.0;31.0;2.0;1.0;152.0;232.0;312.0;4.0;0.0;;;;;;;;;;;;;;;
2024;2024/2;RJ;340;163.0;68.0;52.0;29.0;28.0;0.0;0.0;103.0;85.0;151.0;1.0;0.0;;;;;;;;;;;;;;;
2024;2024/2;RJ;869;154.0;200.0;201.0;195.0;119.0;0.0;0.0;224.0;210.0;381.0;0.0;0.0;;;;;;;;;;;;;;;
2024;2024/2;RJ;1650;392.0;302.0;328.0;424.0;199.0;5.0;0.0;365.0;390.0;796.0;0.0;3.0;;;;;;;;;;;;;;;
2024;2024/2;RJ;1156;184.0;243.0;254.0;317.0;153.0;3.0;2.0;;;;;;;;;;;;;;;;;;;;
2024;2024/2;RJ;508;38.0;73.0;88.0;174.0;117.0;18.0;0.0;188.0;107.0;206.0;0.0;1.0;38.0;15.0;40.0;76.0;22.0;7.0;3.0;1.0;0.0;5.0;10.0;0.0;156.0;82.0;2.0
2024;2024/2;RJ;996;607.0;198.0;93.0;75.0;20.0;0.0;0.0;144.0;268.0;526.0;2.0;0.0;;;;;;;;;;;;;;;
2024;2024/2;RJ;533;119.0;178.0;122.0;59.0;42.0;13.0;0.0;;;;;;;;;;;;;;;;;;;;
2024;2024/2;RJ;1152;151.0;172.0;194.0;421.0;206.0;6.0;2.0;340.0;263.0;490.0;1.0;0.0;;;;;;;;;;;;;;;
2024;2024/2;RJ;1897;213.0;406.0;402.0;582.0;293.0;1.0;0.0;462.0;467.0;879.0;1.0;0.0;;;;;;;;;;;;;;;
2024;2024/2;RJ;796;57.0;89.0;113.0;249.0;210.0;60.0;17.0;273.0;200.0;292.0;3.0;0.0;46.0;1.0;48.0;13.0;9.0;5.0;1.0;0.0;0.0;5.0;1.0;0.0;112.0;4.0;7.0
2024;2024/2;RJ;791;355.0;215.0;115.0;85.0;21.0;0.0;0.0;260.0;199.0;178.0;154.0;0.0;;;;;;;;;;;;;;;
2024;2024/2;RJ;1554;417.0;520.0;325.0;251.0;40.0;1.0;0.0;270.0;505.0;735.0;1.0;0.0;;;;;;;;;;;;;;;
2024;2024/2;RJ;56;0.0;2.0;5.0;18.0;20.0;9.0;2.0;38.0;2.0;16.0;0.0;0.0;0.0;0.0;0.0;1.0;0.0;1.0;0.0;0.0;0.0;0.0;0.0;0.0;2.0;0.0;0.0
2024;2024/2;RJ;1261;337.0;243.0;224.0;314.0;132.0;0.0;0.0;273.0;321.0;583.0;5.0;4.0;88.0;101.0;126.0;151.0;0.0;25.0;0.0;0.0;0.0;25.0;0.0;0.0;167.0;0.0;0.0
2024;2024/2;RJ;101;0.0;0.0;0.0;5.0;22.0;54.0;20.0;46.0;17.0;38.0;0.0;0.0;;;;;;;;;;;;;;;
2024;2024/2;RJ;8374;844.0;1737.0;1576.0;2381.0;1347.0;297.0;70.0;;;;;;;;;;;;;;;;;;;;
2024;2024/2;RJ;55;28.0;10.0;11.0;5.0;0.0;1.0;0.0;;;;;;;;;;;;;;;;;;;;
2024;2024/2;RJ;121;13.0;19.0;17.0;39.0;30.0;2.0;1.0;29.0;48.0;37.0;0.0;0.0;;;;;;;;;;;;;;;
2024;2024/2;RJ;65;4.0;15.0;10.0;20.0;14.0;2.0;0.0;20.0;17.0;26.0;0.0;0.0;;;;;;;;;;;;;;;
2024;2024/2;RJ;1369;142.0;393.0;305.0;392.0;131.0;3.0;3.0;;;;;;;;;;;;;;;;;;;;
2024;2024/2;RJ;444;0.0;1.0;0.0;7.0;42.0;252.0;103.0;;;;;;;;;;;;;;;;;;;;
2024;2024/2;RJ;700;165.0;115.0;113.0;199.0;96.0;11.0;1.0;192.0;189.0;270.0;0.0;1.0;;;;;;;;;;;;;;;
2024;2024/2;RJ;762;91.0;172.0;158.0;214.0;125.0;2.0;0.0;183.0;207.0;338.0;1.0;0.0;;;;;;;;;;;;;;;
2024;2024/2;RJ;718;87.0;169.0;167.0;202.0;87.0;6.0;0.0;170.0;209.0;339.0;0.0;0.0;;;;;;;;;;;;;;;
2024;2024/2;RJ;330;30.0;55.0;42.0;118.0;69.0;15.0;1.0;119.0;46.0;165.0;0.0;0.0;31.0;10.0;17.0;11.0;3.0;4.0;2.0;3.0;1.0;6.0;3.0;1.0;46.0;17.0;3.0
2024;2024/2;RJ;1015;70.0;173.0;220.0;331.0;102.0;114.0;3.0;306.0;217.0;473.0;1.0;18.0;;;;;;;;;;;;;;;
2024;2024/2;RJ;2834;336.0;596.0;640.0;832.0;413.0;15.0;2.0;666.0;751.0;1327.0;3.0;2.0;;;;;;;;;;;;;;;
2024;2024/2;RJ;17590;;;;;;;;;;;;;;;;;;;;;;;;;;;
2024;2024/2;RJ;1909;791.0;660.0;318.0;67.0;71.0;2.0;0.0;341.0;601.0;883.0;1.0;0.0;;;;;;;;;;;;;;;
2024;2024/2;RJ;577;76.0;155.0;171.0;144.0;30.0;1.0;0.0;135.0;104.0;294.0;0.0;0.0;;;;;;;;;;;;;;;
2024;2024/2;RJ;114;0.0;0.0;0.0;0.0;7.0;80.0;27.0;50.0;10.0;48.0;0.0;0.0;;;;;;;;;;;;;;;
2024;2024/2;RJ;1244;197.0;383.0;317.0;282.0;61.0;4.0;0.0;255.0;360.0;594.0;1.0;1.0;;;;;;;;;;;;;;;
2024;2024/2;RJ;759;38.0;172.0;186.0;270.0;85.0;8.0;0.0;185.0;215.0;347.0;0.0;0.0;;;;;;;;;;;;;;;
2024;2024/2;RJ;1163;183.0;325.0;255.0;282.0;110.0;7.0;1.0;295.0;456.0;359.0;0.0;0.0;;;;;;;;;;;;;;;
2024;2024/2;RJ;336;12.0;27.0;39.0;136.0;106.0;13.0;3.0;144.0;39.0;102.0;0.0;0.0;;;;;;;;;;;;;;;
2024;2024/2;RJ;2196;744.0;594.0;396.0;346.0;115.0;1.0;0.0;452.0;587.0;1066.0;1.0;2.0;;;;;;;;;;;;;;;
2024;2024/2;RJ;23;0.0;6.0;7.0;6.0;4.0;0.0;0.0;;;;;;;;;;;;;;;;;;;;
2024;2024/2;RJ;740;127.0;196.0;172.0;173.0;68.0;4.0;0.0;168.0;200.0;355.0;0.0;0.0;;;;;;;;;;;;;;;
2024;2024/2;RJ;2635;938.0;757.0;478.0;345.0;98.0;18.0;1.0;374.0;723.0;1443.0;4.0;1.0;;;;;;;;;;;;;;;
2024;2024/2;RJ;378;38.0;72.0;79.0;101.0;74.0;13.0;1.0;116.0;86.0;164.0;0.0;1.0;;;;;;;;;;;;;;;
2024;2024/2;RJ;1129;584.0;243.0;157.0;112.0;30.0;2.0;0.0;184.0;341.0;595.0;2.0;0.0;;;;;;;;;;;;;;;
2024;2024/2;RJ;1455;345.0;413.0;295.0;305.0;84.0;12.0;1.0;396.0;443.0;607.0;0.0;0.0;;;;;;;;;;;;;;;
2024;2024/2;RJ;1648;441.0;592.0;329.0;236.0;47.0;3.0;0.0;268.0;504.0;813.0;2.0;0.0;;;;;;;;;;;;;;;
2024;2024/2;RJ;2788;899.0;498.0;588.0;498.0;299.0;1.0;0.0;699.0;780.0;1266.0;24.0;9.0;;;;;;;;;;;;;;;
2024;2024/2;RJ;1087;634.0;228.0;113.0;73.0;36.0;2.0;0.0;219.0;308.0;516.0;2.0;3.0;;;;;;;;;;;;;;;
2024;2024/2;RJ;1237;153.0;280.0;257.0;370.0;151.0;8.0;1.0;;;;;;;;;;;;;;;;;;;;
2024;2024/2;RJ;219;37.0;45.0;39.0;66.0;32.0;0.0;0.0;58.0;67.0;93.0;0.0;1.0;5.0;1.0;3.0;4.0;5.0;2.0;2.0;0.0;2.0;2.0;2.0;0.0;62.0;39.0;4.0
2024;2024/2;RJ;43;2.0;7.0;13.0;13.0;7.0;1.0;0.0;8.0;12.0;23.0;0.0;0.0;;;;;;;;;;;;;;;
2024;2024/2;RJ;18;7.0;5.0;6.0;0.0;0.0;0.0;0.0;1.0;8.0;9.0;0.0;0.0;3.0;0.0;5.0;0.0;0.0;0.0;0.0;0.0;0.0;0.0;0.0;0.0;6.0;6.0;0.0
2024;2024/2;RN;269;62.0;67.0;42.0;68.0;27.0;2.0;1.0;43.0;26.0;200.0;0.0;0.0;;;;;;;;;;;;;;;
2024;2024/2;RN;1360;242.0;352.0;262.0;364.0;123.0;13.0;4.0;247.0;177.0;934.0;1.0;1.0;;;;;;;;;;;;;;;
2024;2024/2;RN;306;71.0;78.0;52.0;70.0;33.0;2.0;0.0;56.0;31.0;218.0;0.0;1.0;;;;;;;;;;;;;;;
2024;2024/2;RN;337;105.0;90.0;55.0;70.0;14.0;3.0;0.0;70.0;43.0;223.0;0.0;1.0;;;;;;;;;;;;;;;
2024;2024/2;RN;210;45.0;41.0;46.0;53.0;21.0;4.0;0.0;64.0;23.0;123.0;0.0;0.0;;;;;;;;;;;;;;;
2024;2024/2;RN;2661;299.0;619.0;544.0;734.0;359.0;70.0;36.0;627.0;319.0;1715.0;;;;;;;;;;;;;;;;;
2024;2024/2;RN;62;21.0;12.0;11.0;13.0;4.0;1.0;0.0;22.0;6.0;34.0;0.0;0.0;;;;;;;;;;;;;;;
2024;2024/2;RN;104;11.0;17.0;13.0;25.0;23.0;10.0;5.0;26.0;20.0;58.0;0.0;0.0;;;;;;;;;;;;;;;
2024;2024/2;RN;23;2.0;4.0;4.0;8.0;4.0;0.0;1.0;6.0;1.0;16.0;0.0;0.0;;;;;;;;;;;;;;;
2024;2024/2;RN;99;24.0;22.0;17.0;22.0;11.0;3.0;;20.0;68.0;11.0;;;7.0;3.0;8.0;5.0;;;;;;;;;44.0;;
2024;2024/2;RN;35;2.0;7.0;9.0;10.0;7.0;;;10.0;5.0;20.0;;;;;;;;;;;;;;;;;
2024;2024/2;RN;66;14.0;15.0;11.0;20.0;6.0;;;11.0;4.0;51.0;0.0;0.0;;;;;;;;;;;;;;;
2024;2024/2;RN;49;1.0;11.0;17.0;14.0;5.0;0.0;1.0;5.0;11.0;33.0;;;;;;;;;;;;;;;;;
2024;2024/2;RN;649;96.0;190.0;142.0;165.0;51.0;5.0;0.0;96.0;73.0;478.0;2.0;;;;;;;;;;;;;;;;
2024;2024/2;RN;624;37.0;132.0;146.0;187.0;89.0;26.0;7.0;94.0;61.0;467.0;0.0;0.0;;;;;;;;;;;;;;;
2024;2024/2;RN;147;15.0;39.0;35.0;41.0;14.0;3.0;0.0;34.0;27.0;86.0;0.0;0.0;;;;;;;;;;;;;;;
2024;2024/2;RN;148;5.0;30.0;26.0;55.0;22.0;9.0;1.0;34.0;24.0;90.0;0.0;0.0;;;;;;;;;;;;;;;
2024;2024/2;RN;200;14.0;45.0;38.0;70.0;31.0;1.0;1.0;36.0;34.0;130.0;0.0;0.0;;;;;;;;;;;;;;;
2024;2024/2;RN;10;1.0;0.0;3.0;5.0;1.0;0.0;0.0;4.0;1.0;5.0;0.0;0.0;;;;;;;;;;;;;;;
2024;2024/2;RN;245;40.0;44.0;55.0;55.0;39.0;10.0;2.0;66.0;31.0;148.0;0.0;0.0;;;;;;;;;;;;;;;
2024;2024/2;RN;68;4.0;14.0;14.0;16.0;15.0;2.0;2.0;18.0;11.0;39.0;0.0;0.0;;;;;;;;;;;;;;;
2024;2024/2;RN;582;119.0;138.0;96.0;148.0;56.0;18.0;7.0;171.0;31.0;380.0;0.0;0.0;9.0;21.0;13.0;115.0;9.0;0.0;0.0;0.0;0.0;0.0;9.0;0.0;192.0;53.0;0.0
2024;2024/2;RN;222;28.0;56.0;48.0;49.0;39.0;2.0;0.0;82.0;15.0;125.0;0.0;0.0;;;;;;;;;;;;;;;
2024;2024/2;RN;756;219.0;177.0;105.0;176.0;69.0;6.0;4.0;129.0;107.0;519.0;1.0;0.0;;;;;;;;;;;;;;;
2024;2024/2;RN;325;12.0;66.0;64.0;107.0;59.0;14.0;3.0;75.0;42.0;205.0;2.0;1.0;;;;;;;;;;;;;;;
2024;2024/2;RN;1391;187.0;371.0;290.0;365.0;140.0;33.0;5.0;209.0;186.0;994.0;2.0;0.0;;;;;;;;;;;;;;;
2024;2024/2;RN;632;42.0;146.0;198.0;210.0;32.0;3.0;1.0;130.0;71.0;425.0;3.0;3.0;;;;;;;;;;;;;;;
2024;2024/2;RN;79;0.0;4.0;18.0;56.0;21.0;2.0;0.0;15.0;18.0;25.0;0.0;0.0;0.0;0.0;1.0;3.0;1.0;0.0;0.0;0.0;0.0;0.0;1.0;0.0;27.0;;
2024;2024/2;RN;5;;;;2.0;3.0;;;3.0;2.0;;;;;;;;;;;;;;;;;;
2024;2024/2;RN;1078;62.0;231.0;211.0;353.0;179.0;34.0;8.0;223.0;120.0;734.0;1.0;;;;;;;;;;;;;;;;
2024;2024/2;RO;73;6.0;11.0;17.0;25.0;10.0;1.0;0.0;21.0;25.0;26.0;1.0;0.0;14.0;;;30.0;;;;;;;2.0;;12.0;1.0;
2024;2024/2;RO;69;19.0;6.0;9.0;24.0;11.0;0.0;0.0;15.0;15.0;38.0;0.0;0.0;;15.0;;16.0;;;;;;;;;10.0;;
2024;2024/2;RO;31;2.0;4.0;4.0;11.0;6.0;3.0;1.0;10.0;1.0;19.0;0.0;0.0;3.0;5.0;3.0;;;;1.0;;;;;;7.0;;
2024;2024/2;RO;86;7.0;18.0;24.0;25.0;10.0;1.0;1.0;24.0;20.0;41.0;0.0;1.0;21.0;8.0;3.0;;;;;;;;;;12.0;0.0;0.0
2024;2024/2;RO;122;0.0;0.0;0.0;0.0;0.0;0.0;0.0;0.0;0.0;0.0;0.0;0.0;;;;;;;;;;;;;;;
2024;2024/2;RO;47;0.0;0.0;0.0;0.0;0.0;0.0;0.0;0.0;0.0;0.0;0.0;0.0;;;;;;;;;;;;;;;
2024;2024/2;RO;107;5.0;18.0;62.0;12.0;7.0;2.0;1.0;16.0;13.0;78.0;0.0;0.0;4.0;0.0;7.0;0.0;0.0;0.0;0.0;0.0;0.0;0.0;0.0;0.0;0.0;0.0;0.0
2024;2024/2;RO;16;0.0;0.0;0.0;0.0;0.0;0.0;0.0;0.0;0.0;0.0;0.0;0.0;;;;;;;;;;;;;;;
2024;2024/2;RO;85;16.0;22.0;22.0;25.0;0.0;0.0;0.0;20.0;15.0;44.0;0.0;6.0;6.0;4.0;5.0;4.0;;;;;;1.0;2.0;;7.0;;
2024;2024/2;RO;33;0.0;0.0;0.0;0.0;0.0;0.0;0.0;0.0;0.0;0.0;0.0;0.0;;;;;;;;;;;;;;;
2024;2024/2;RO;20;2.0;3.0;2.0;2.0;7.0;0.0;0.0;4.0;0.0;12.0;0.0;0.0;;;;;;;;;;;;;;;
2024;2024/2;RO;64;10.0;9.0;7.0;15.0;11.0;2.0;2.0;16.0;11.0;33.0;0.0;0.0;;;;;;;;;;;;;;;
2024;2024/2;RO;30;4.0;6.0;3.0;10.0;3.0;1.0;2.0;9.0;6.0;12.0;0.0;0.0;;;;;;;;;;;;;;;
2024;2024/2;RO;84;10.0;15.0;16.0;20.0;19.0;4.0;0.0;25.0;22.0;37.0;0.0;0.0;;8.0;;6.0;;;;;;;;;15.0;;
2024;2024/2;RO;51;5.0;5.0;10.0;13.0;15.0;3.0;0.0;13.0;5.0;13.0;0.0;0.0;;;5.0;3.0;;;;;;;;;14.0;;
2024;2024/2;RO;380;74.0;90.0;77.0;93.0;36.0;7.0;1.0;108.0;101.0;168.0;1.0;1.0;115.0;;134.0;;;3.0;;;;3.0;21.0;;63.0;1.0;
2024;2024/2;RO;234;45.0;51.0;36.0;68.0;26.0;6.0;2.0;26.0;27.0;181.0;0.0;0.0;55.0;30.0;27.0;44.0;2.0;0.0;0.0;2.0;0.0;1.0;28.0;0.0;77.0;0.0;4.0
2024;2024/2;RO;87;24.0;17.0;8.0;28.0;9.0;0.0;1.0;26.0;16.0;45.0;0.0;0.0;9.0;6.0;2.0;2.0;0.0;0.0;0.0;0.0;0.0;0.0;2.0;1.0;22.0;0.0;0.0
2024;2024/2;RO;157;44.0;33.0;24.0;25.0;14.0;10.0;7.0;15.0;37.0;97.0;0.0;0.0;134.0;;94.0;;;;;;;2.0;20.0;;45.0;8.0;
2024;2024/2;RO;53;4.0;12.0;6.0;13.0;15.0;1.0;2.0;10.0;11.0;29.0;0.0;0.0;4.0;;7.0;;;;;;;;;;7.0;3.0;
2024;2024/2;RO;289;18.0;26.0;28.0;53.0;31.0;5.0;1.0;25.0;24.0;98.0;2.0;1.0;35.0;0.0;27.0;0.0;0.0;1.0;0.0;0.0;0.0;1.0;4.0;0.0;44.0;1.0;13.0
2024;2024/2;RO;176;0.0;0.0;0.0;0.0;0.0;0.0;0.0;0.0;0.0;0.0;0.0;0.0;;;;;;;;;;;;;;;
2024;2024/2;RO;97;0.0;0.0;0.0;0.0;0.0;0.0;0.0;0.0;0.0;0.0;0.0;0.0;;;;;;;;;;;;;;;
2024;2024/2;RO;27;11.0;3.0;3.0;5.0;5.0;0.0;0.0;5.0;4.0;18.0;0.0;0.0;1.0;;3.0;;;;;;;;1.0;;7.0;;
2024;2024/2;RO;72;16.0;12.0;12.0;22.0;6.0;2.0;0.0;18.0;10.0;38.0;0.0;0.0;7.0;0.0;10.0;0.0;0.0;0.0;1.0;0.0;0.0;0.0;3.0;0.0;5.0;4.0;0.0
2024;2024/2;RO;105;24.0;16.0;32.0;11.0;11.0;10.0;1.0;40.0;25.0;39.0;1.0;0.0;20.0;0.0;20.0;0.0;0.0;0.0;2.0;0.0;0.0;0.0;3.0;0.0;14.0;3.0;0.0
2024;2024/2;RO;56;0.0;4.0;4.0;5.0;6.0;4.0;2.0;8.0;5.0;11.0;0.0;0.0;;;;;;;;;;;;;;;
2024;2024/2;RO;79;12.0;11.0;12.0;25.0;15.0;3.0;1.0;10.0;4.0;35.0;0.0;0.0;;;;;;;;;;;;;;;
2024;2024/2;RO;26;2.0;4.0;4.0;8.0;8.0;0.0;0.0;3.0;5.0;18.0;0.0;0.0;21.0;0.0;27.0;0.0;0.0;0.0;0.0;1.0;0.0;0.0;5.0;0.0;2.0;0.0;0.0
2024;2024/2;RO;7;0.0;0.0;0.0;0.0;0.0;0.0;0.0;0.0;0.0;0.0;0.0;0.0;;;;;;;;;;;;;;;
2024;2024/2;RO;23;1.0;2.0;2.0;3.0;10.0;5.0;0.0;3.0;5.0;14.0;0.0;1.0;2.0;2.0;5.0;5.0;1.0;0.0;0.0;0.0;0.0;0.0;3.0;3.0;6.0;6.0;3.0
2024;2024/2;RO;301;31.0;30.0;46.0;105.0;41.0;14.0;3.0;59.0;33.0;157.0;2.0;1.0;29.0;0.0;36.0;0.0;0.0;0.0;0.0;0.0;0.0;1.0;7.0;0.0;26.0;3.0;0.0
2024;2024/2;RO;274;42.0;50.0;47.0;47.0;22.0;10.0;2.0;43.0;73.0;60.0;9.0;0.0;36.0;32.0;16.0;;;;;;;;;;;;
2024;2024/2;RO;87;22.0;21.0;23.0;15.0;6.0;0.0;0.0;17.0;23.0;32.0;3.0;0.0;;;;;;;;;;;;;;;
2024;2024/2;RO;54;9.0;15.0;15.0;10.0;5.0;0.0;0.0;7.0;4.0;14.0;0.0;0.0;;;;;;;;;;;;;;;
2024;2024/2;RO;127;10.0;24.0;25.0;37.0;23.0;4.0;4.0;38.0;27.0;61.0;0.0;1.0;;;;;;;;;;;;;;;
2024;2024/2;RO;78;3.0;12.0;13.0;21.0;25.0;0.0;2.0;25.0;20.0;31.0;0.0;0.0;;;;;;;;;;;;;;;
2024;2024/2;RO;80;18.0;20.0;22.0;8.0;10.0;2.0;0.0;15.0;7.0;34.0;5.0;0.0;13.0;44.0;16.0;43.0;34.0;1.0;;;;1.0;7.0;7.0;97.0;8.0;1.0
2024;2024/2;RO;388;31.0;63.0;74.0;107.0;94.0;15.0;4.0;97.0;68.0;217.0;4.0;2.0;;;;;;;;;;;;;;;
2024;2024/2;RO;244;15.0;24.0;30.0;54.0;30.0;3.0;3.0;36.0;23.0;86.0;2.0;1.0;;;;;;;;;;;;;;;
2024;2024/2;RO;1;0.0;0.0;0.0;0.0;0.0;0.0;0.0;0.0;0.0;0.0;0.0;0.0;;;;;;;;;;;;;;;
2024;2024/2;RO;375;105.0;67.0;67.0;90.0;37.0;4.0;1.0;32.0;38.0;255.0;1.0;0.0;12.0;;7.0;;;;;;;;7.0;;14.0;;
2024;2024/2;RO;302;44.0;71.0;63.0;88.0;28.0;5.0;3.0;53.0;29.0;157.0;1.0;4.0;94.0;0.0;91.0;0.0;0.0;1.0;0.0;1.0;0.0;2.0;13.0;0.0;36.0;4.0;1.0
2024;2024/2;RO;451;99.0;92.0;93.0;102.0;52.0;10.0;3.0;52.0;76.0;298.0;2.0;0.0;59.0;;105.0;;;;1.0;;;;16.0;;35.0;7.0;2.0
2024;2024/2;RO;101;20.0;23.0;26.0;26.0;6.0;0.0;0.0;13.0;16.0;72.0;0.0;0.0;48.0;;74.0;;;3.0;1.0;;;2.0;23.0;;16.0;2.0;
2024;2024/2;RO;48;0.0;0.0;0.0;0.0;0.0;0.0;0.0;0.0;0.0;0.0;0.0;0.0;;;;;;;;;;;;;;;
2024;2024/2;RO;89;9.0;14.0;12.0;30.0;16.0;6.0;1.0;22.0;13.0;53.0;0.0;0.0;;;;;;;;;;;;;;;
2024;2024/2;RO;162;15.0;21.0;32.0;58.0;28.0;8.0;0.0;24.0;26.0;101.0;1.0;2.0;14.0;;14.0;;;;2.0;;;;3.0;;7.0;;
2024;2024/2;RO;64;6.0;8.0;13.0;25.0;11.0;0.0;1.0;5.0;6.0;20.0;1.0;1.0;;;;;;;;;;;;;;;
2024;2024/2;RO;98;19.0;22.0;13.0;34.0;10.0;0.0;0.0;12.0;35.0;48.0;0.0;0.0;8.0;;15.0;;;;;;;;;;12.0;;
2024;2024/2;RO;158;10.0;21.0;31.0;62.0;32.0;2.0;0.0;18.0;11.0;114.0;1.0;0.0;4.0;;26.0;;;;;;;;1.0;;23.0;;
2024;2024/2;RO;131;12.0;17.0;17.0;32.0;15.0;3.0;0.0;24.0;10.0;48.0;5.0;0.0;10.0;11.0;11.0;10.0;6.0;1.0;2.0;;;;3.0;;2.0;1.0;
2024;2024/2;RO;60;0.0;0.0;0.0;0.0;0.0;0.0;0.0;0.0;0.0;0.0;0.0;0.0;;;;;;;;;;;;;;;
2024;2024/2;RO;60;0.0;0.0;0.0;0.0;0.0;0.0;0.0;0.0;0.0;0.0;0.0;0.0;;;;;;;;;;;;;;;
2024;2024/2;RO;242;40.0;43.0;56.0;58.0;35.0;7.0;2.0;28.0;37.0;115.0;4.0;0.0;20.0;;34.0;;;;;1.0;;2.0;7.0;;;;
2024;2024/2;RO;152;26.0;39.0;41.0;40.0;6.0;0.0;0.0;19.0;16.0;107.0;0.0;0.0;11.0;0.0;37.0;0.0;0.0;0.0;0.0;0.0;0.0;0.0;6.0;0.0;6.0;0.0;0.0
2024;2024/2;RO;315;7.0;32.0;48.0;91.0;91.0;33.0;10.0;45.0;21.0;236.0;0.0;2.0;17.0;5.0;27.0;17.0;4.0;2.0;0.0;0.0;0.0;2.0;6.0;0.0;22.0;6.0;2.0
2024;2024/2;RO;685;129.0;172.0;172.0;171.0;41.0;0.0;0.0;67.0;61.0;555.0;1.0;1.0;25.0;0.0;146.0;0.0;0.0;1.0;0.0;0.0;0.0;0.0;13.0;0.0;15.0;3.0;0.0
2024;2024/2;RO;55;8.0;13.0;9.0;14.0;8.0;2.0;0.0;16.0;10.0;28.0;0.0;0.0;7.0;0.0;7.0;0.0;0.0;1.0;0.0;1.0;0.0;0.0;0.0;0.0;0.0;0.0;0.0
2024;2024/2;RO;191;1.0;7.0;15.0;15.0;9.0;2.0;2.0;11.0;5.0;29.0;0.0;0.0;;;;;;;;;;;;;;;
2024;2024/2;RO;453;63.0;117.0;98.0;144.0;31.0;0.0;0.0;41.0;46.0;306.0;0.0;0.0;21.0;0.0;150.0;0.0;0.0;1.0;0.0;0.0;0.0;0.0;17.0;0.0;7.0;0.0;0.0
2024;2024/2;RO;145;20.0;37.0;37.0;42.0;9.0;0.0;0.0;13.0;16.0;103.0;0.0;0.0;55.0;0.0;119.0;0.0;0.0;0.0;0.0;0.0;0.0;1.0;21.0;0.0;26.0;0.0;0.0
2024;2024/2;RO;611;105.0;172.0;144.0;166.0;24.0;0.0;0.0;53.0;61.0;419.0;4.0;3.0;36.0;0.0;121.0;0.0;0.0;1.0;0.0;0.0;0.0;0.0;13.0;0.0;4.0;1.0;0.0
2024;2024/2;RO;68;10.0;20.0;9.0;20.0;9.0;0.0;0.0;16.0;11.0;29.0;8.0;4.0;27.0;37.0;2.0;24.0;12.0;0.0;0.0;0.0;0.0;0.0;23.0;0.0;40.0;7.0;0.0
2024;2024/2;RO;265;29.0;51.0;51.0;90.0;38.0;5.0;1.0;54.0;65.0;146.0;0.0;0.0;35.0;;50.0;;;;;;;3.0;8.0;;12.0;;1.0
2024;2024/2;RO;313;36.0;65.0;70.0;107.0;29.0;6.0;0.0;68.0;31.0;182.0;0.0;1.0;0.0;64.0;;131.0;4.0;2.0;1.0;1.0;;4.0;24.0;;127.0;12.0;5.0
2024;2024/2;RO;129;13.0;23.0;36.0;43.0;13.0;1.0;0.0;33.0;14.0;82.0;0.0;0.0;29.0;;30.0;;;;;;;;7.0;;38.0;3.0;
2024;2024/2;RO;122;1.0;4.0;24.0;65.0;27.0;1.0;0.0;45.0;16.0;57.0;1.0;0.0;1.0;9.0;4.0;60.0;15.0;2.0;4.0;0.0;0.0;1.0;12.0;0.0;66.0;36.0;2.0
2024;2024/2;RO;7;0.0;1.0;1.0;3.0;2.0;0.0;0.0;0.0;2.0;4.0;0.0;0.0;0.0;0.0;6.0;0.0;0.0;0.0;0.0;0.0;0.0;0.0;0.0;0.0;0.0;0.0;0.0
2024;2024/2;RO;1480;183.0;292.0;301.0;426.0;191.0;21.0;11.0;147.0;101.0;910.0;1.0;5.0;;;;;;;;;;;;;;;
2024;2024/2;RO;5;1.0;0.0;2.0;1.0;1.0;0.0;0.0;0.0;1.0;4.0;0.0;0.0;;;;;;;;;;;;;;;
2024;2024/2;RO;153;5.0;31.0;23.0;64.0;26.0;4.0;0.0;20.0;16.0;113.0;0.0;4.0;16.0;0.0;14.0;0.0;0.0;1.0;0.0;0.0;0.0;0.0;0.0;8.0;42.0;7.0;1.0
2024;2024/2;RO;140;15.0;28.0;27.0;30.0;33.0;6.0;1.0;13.0;6.0;58.0;2.0;5.0;;;;;;;;;;;;;;;
2024;2024/2;RO;19;0.0;0.0;1.0;9.0;5.0;4.0;0.0;4.0;1.0;14.0;0.0;0.0;;;1.0;;;;;;;1.0;;;;;
2024;2024/2;RO;3184;335.0;487.0;628.0;1139.0;493.0;81.0;21.0;315.0;201.0;2310.0;26.0;3.0;117.0;;;;301.0;3.0;;;;8.0;64.0;;310.0;12.0;6.0
2024;2024/2;RR;160;19.0;40.0;31.0;50.0;20.0;0.0;0.0;15.0;10.0;117.0;0.0;18.0;3.0;7.0;5.0;14.0;6.0;1.0;0.0;0.0;0.0;0.0;0.0;0.0;93.0;40.0;0.0
2024;2024/2;RR;204;3.0;35.0;59.0;69.0;37.0;1.0;0.0;13.0;22.0;154.0;0.0;15.0;3.0;5.0;6.0;2.0;5.0;3.0;0.0;0.0;0.0;1.0;1.0;1.0;136.0;51.0;3.0
2024;2024/2;RR;811;43.0;126.0;134.0;236.0;180.0;90.0;0.0;74.0;112.0;512.0;0.0;60.0;5.0;5.0;17.0;80.0;11.0;0.0;0.0;0.0;0.0;0.0;2.0;1.0;74.0;2.0;0.0
2024;2024/2;RR;1402;105.0;320.0;260.0;430.0;212.0;64.0;11.0;169.0;198.0;941.0;0.0;94.0;116.0;168.0;165.0;515.0;5.0;1.0;0.0;0.0;0.0;3.0;4.0;1.0;339.0;19.0;10.0
2024;2024/2;RR;120;7.0;14.0;23.0;34.0;15.0;10.0;17.0;16.0;14.0;78.0;0.0;4.0;1.0;1.0;1.0;15.0;5.0;0.0;0.0;0.0;0.0;1.0;0.0;0.0;50.0;22.0;0.0
2024;2024/2;RR;366;18.0;78.0;67.0;93.0;63.0;8.0;0.0;37.0;43.0;230.0;0.0;18.0;2.0;3.0;6.0;38.0;3.0;0.0;0.0;0.0;0.0;0.0;3.0;0.0;81.0;5.0;4.0
2024;2024/2;RR;1750;294.0;536.0;355.0;438.0;125.0;2.0;0.0;161.0;308.0;1174.0;0.0;92.0;42.0;59.0;68.0;280.0;35.0;2.0;8.0;3.0;1.0;4.0;5.0;6.0;395.0;198.0;16.0
2024;2024/2;RR;171;37.0;42.0;28.0;46.0;17.0;1.0;0.0;21.0;11.0;132.0;4.0;3.0;4.0;7.0;5.0;27.0;5.0;0.0;0.0;0.0;0.0;1.0;1.0;0.0;29.0;0.0;0.0
2024;2024/2;RR;68;9.0;13.0;12.0;21.0;9.0;3.0;1.0;9.0;12.0;39.0;0.0;0.0;3.0;1.0;5.0;15.0;1.0;0.0;0.0;0.0;0.0;0.0;0.0;0.0;9.0;0.0;0.0
2024;2024/2;RS;1;1.0;0.0;0.0;0.0;0.0;0.0;0.0;1.0;0.0;0.0;0.0;0.0;0.0;0.0;0.0;0.0;0.0;0.0;0.0;0.0;0.0;0.0;0.0;0.0;;;
2024;2024/2;RS;48;4.0;6.0;7.0;16.0;12.0;2.0;1.0;37.0;6.0;5.0;0.0;0.0;;;;;;;;;;;;;;;
2024;2024/2;RS;7;2.0;0.0;2.0;1.0;2.0;0.0;0.0;4.0;3.0;0.0;0.0;0.0;;;;;;;;;;;;;;;
2024;2024/2;RS;96;2.0;14.0;27.0;39.0;13.0;1.0;0.0;74.0;6.0;16.0;0.0;0.0;4.0;10.0;9.0;57.0;8.0;1.0;0.0;0.0;0.0;0.0;10.0;0.0;26.0;5.0;1.0
2024;2024/2;RS;2413;348.0;496.0;450.0;733.0;309.0;64.0;13.0;1446.0;464.0;489.0;9.0;5.0;58.0;134.0;192.0;651.0;49.0;36.0;3.0;1.0;0.0;9.0;119.0;2.0;664.0;189.0;12.0
2024;2024/2;RS;60;4.0;11.0;14.0;18.0;11.0;2.0;0.0;37.0;11.0;12.0;0.0;0.0;4.0;3.0;9.0;10.0;1.0;1.0;1.0;0.0;0.0;0.0;3.0;0.0;29.0;10.0;0.0
2024;2024/2;RS;119;5.0;32.0;17.0;39.0;24.0;2.0;0.0;74.0;7.0;37.0;0.0;1.0;0.0;7.0;0.0;19.0;1.0;5.0;0.0;0.0;0.0;1.0;2.0;0.0;40.0;0.0;0.0
2024;2024/2;RS;112;1.0;7.0;10.0;39.0;38.0;12.0;5.0;72.0;21.0;18.0;1.0;0.0;1.0;2.0;6.0;11.0;3.0;1.0;0.0;0.0;0.0;0.0;2.0;0.0;5.0;1.0;0.0
2024;2024/2;RS;118;7.0;22.0;38.0;31.0;19.0;1.0;0.0;82.0;14.0;20.0;2.0;0.0;6.0;14.0;10.0;28.0;7.0;0.0;0.0;0.0;0.0;0.0;4.0;0.0;35.0;12.0;0.0
2024;2024/2;RS;86;6.0;23.0;11.0;32.0;12.0;2.0;0.0;51.0;20.0;15.0;0.0;0.0;1.0;2.0;9.0;45.0;6.0;1.0;0.0;1.0;0.0;1.0;6.0;0.0;15.0;3.0;0.0
2024;2024/2;RS;164;14.0;33.0;34.0;69.0;13.0;1.0;0.0;107.0;24.0;32.0;0.0;1.0;5.0;14.0;9.0;67.0;11.0;0.0;0.0;0.0;0.0;0.0;12.0;0.0;63.0;15.0;2.0
2024;2024/2;RS;58;3.0;9.0;18.0;24.0;3.0;1.0;0.0;32.0;12.0;14.0;0.0;0.0;1.0;6.0;8.0;27.0;5.0;1.0;0.0;0.0;0.0;0.0;4.0;0.0;20.0;4.0;0.0
2024;2024/2;RS;1098;116.0;211.0;187.0;339.0;192.0;41.0;12.0;832.0;80.0;179.0;6.0;1.0;22.0;46.0;37.0;176.0;13.0;13.0;4.0;0.0;0.0;5.0;51.0;2.0;395.0;126.0;13.0
2024;2024/2;RS;564;56.0;76.0;82.0;192.0;108.0;31.0;19.0;409.0;36.0;109.0;10.0;0.0;15.0;31.0;27.0;56.0;8.0;3.0;0.0;1.0;0.0;6.0;15.0;0.0;191.0;56.0;2.0
2024;2024/2;RS;461;44.0;72.0;71.0;143.0;100.0;19.0;12.0;323.0;20.0;107.0;7.0;4.0;7.0;19.0;9.0;36.0;4.0;6.0;0.0;0.0;0.0;1.0;9.0;0.0;126.0;54.0;3.0
2024;2024/2;RS;770;58.0;128.0;150.0;249.0;148.0;29.0;8.0;457.0;70.0;229.0;2.0;12.0;26.0;43.0;32.0;142.0;26.0;6.0;1.0;0.0;0.0;9.0;36.0;2.0;239.0;100.0;13.0
2024;2024/2;RS;742;70.0;135.0;117.0;234.0;134.0;37.0;15.0;542.0;94.0;97.0;4.0;5.0;3.0;6.0;9.0;21.0;4.0;0.0;1.0;0.0;0.0;2.0;5.0;1.0;52.0;13.0;5.0
2024;2024/2;RS;688;54.0;88.0;129.0;205.0;152.0;34.0;26.0;460.0;66.0;153.0;5.0;4.0;14.0;17.0;18.0;33.0;6.0;5.0;0.0;0.0;1.0;2.0;6.0;0.0;136.0;31.0;4.0
2024;2024/2;RS;1114;74.0;182.0;209.0;378.0;202.0;49.0;19.0;783.0;84.0;224.0;17.0;6.0;35.0;61.0;48.0;239.0;36.0;9.0;0.0;0.0;0.0;9.0;59.0;0.0;362.0;142.0;15.0
2024;2024/2;RS;768;66.0;119.0;135.0;254.0;134.0;47.0;13.0;548.0;76.0;133.0;9.0;2.0;25.0;42.0;36.0;161.0;27.0;5.0;0.0;1.0;0.0;3.0;29.0;0.0;229.0;61.0;4.0
2024;2024/2;RS;4377;405.0;890.0;914.0;1391.0;586.0;138.0;52.0;2797.0;771.0;769.0;21.0;0.0;93.0;197.0;291.0;1261.0;123.0;45.0;24.0;0.0;1.0;22.0;274.0;3.0;1519.0;422.0;43.0
2024;2024/2;RS;80;1.0;4.0;4.0;32.0;31.0;4.0;4.0;64.0;5.0;11.0;0.0;0.0;2.0;;1.0;11.0;1.0;2.0;;;;;1.0;;2.0;;
2024;2024/2;RS;251;28.0;48.0;63.0;85.0;24.0;2.0;1.0;169.0;26.0;55.0;1.0;0.0;6.0;8.0;15.0;117.0;16.0;1.0;0.0;0.0;0.0;0.0;12.0;0.0;56.0;16.0;3.0
2024;2024/2;RS;157;14.0;21.0;40.0;55.0;22.0;5.0;0.0;88.0;9.0;55.0;4.0;1.0;16.0;19.0;22.0;35.0;2.0;0.0;0.0;1.0;0.0;3.0;2.0;0.0;27.0;6.0;3.0
2024;2024/2;RS;109;6.0;16.0;18.0;32.0;30.0;5.0;2.0;72.0;12.0;22.0;1.0;2.0;6.0;9.0;7.0;18.0;3.0;0.0;0.0;0.0;0.0;0.0;3.0;0.0;28.0;7.0;2.0
2024;2024/2;RS;139;6.0;27.0;24.0;54.0;23.0;4.0;1.0;108.0;4.0;26.0;1.0;0.0;19.0;49.0;10.0;50.0;3.0;3.0;1.0;0.0;0.0;2.0;7.0;1.0;41.0;8.0;1.0
2024;2024/2;RS;176;10.0;35.0;35.0;67.0;27.0;2.0;0.0;123.0;14.0;39.0;0.0;0.0;9.0;20.0;16.0;89.0;17.0;3.0;1.0;0.0;0.0;1.0;12.0;0.0;43.0;11.0;1.0
2024;2024/2;RS;58;2.0;8.0;11.0;25.0;10.0;2.0;0.0;36.0;6.0;16.0;0.0;0.0;5.0;7.0;8.0;11.0;1.0;0.0;0.0;1.0;0.0;3.0;0.0;0.0;10.0;2.0;0.0
2024;2024/2;RS;80;1.0;16.0;14.0;31.0;14.0;4.0;0.0;59.0;10.0;10.0;1.0;0.0;4.0;5.0;4.0;10.0;1.0;1.0;0.0;0.0;0.0;0.0;0.0;0.0;1.0;0.0;0.0
2024;2024/2;RS;402;75.0;68.0;69.0;112.0;61.0;15.0;2.0;231.0;82.0;85.0;4.0;0.0;14.0;28.0;26.0;55.0;2.0;2.0;0.0;0.0;0.0;0.0;11.0;0.0;90.0;12.0;5.0
2024;2024/2;RS;76;0.0;1.0;7.0;24.0;39.0;5.0;0.0;54.0;8.0;14.0;0.0;0.0;1.0;0.0;8.0;24.0;3.0;0.0;2.0;0.0;0.0;0.0;2.0;0.0;3.0;1.0;0.0
2024;2024/2;RS;237;3.0;13.0;38.0;129.0;54.0;0.0;0.0;179.0;12.0;45.0;1.0;0.0;16.0;37.0;12.0;224.0;38.0;5.0;8.0;0.0;0.0;1.0;56.0;0.0;83.0;37.0;12.0
2024;2024/2;RS;430;48.0;90.0;91.0;135.0;60.0;6.0;0.0;275.0;73.0;71.0;6.0;5.0;6.0;18.0;20.0;45.0;3.0;15.0;3.0;;;3.0;3.0;;180.0;73.0;7.0
2024;2024/2;RS;777;161.0;183.0;142.0;211.0;70.0;9.0;1.0;459.0;153.0;157.0;3.0;0.0;18.0;29.0;61.0;260.0;10.0;5.0;2.0;1.0;0.0;3.0;53.0;0.0;260.0;61.0;1.0
2024;2024/2;RS;482;75.0;97.0;87.0;150.0;68.0;3.0;2.0;320.0;37.0;116.0;8.0;1.0;13.0;18.0;31.0;72.0;8.0;3.0;1.0;0.0;0.0;1.0;37.0;1.0;156.0;44.0;2.0
2024;2024/2;RS;539;18.0;35.0;48.0;184.0;169.0;59.0;26.0;368.0;78.0;87.0;4.0;2.0;0.0;3.0;11.0;39.0;2.0;4.0;2.0;2.0;0.0;5.0;5.0;0.0;15.0;4.0;1.0
2024;2024/2;RS;1179;186.0;250.0;200.0;372.0;147.0;18.0;5.0;810.0;77.0;276.0;4.0;4.0;28.0;89.0;75.0;327.0;37.0;9.0;3.0;1.0;0.0;5.0;96.0;1.0;408.0;120.0;10.0
2024;2024/2;RS;518;72.0;105.0;98.0;164.0;68.0;9.0;2.0;273.0;126.0;111.0;4.0;4.0;8.0;23.0;40.0;187.0;20.0;4.0;2.0;0.0;0.0;1.0;46.0;0.0;126.0;30.0;2.0
2024;2024/2;RS;813;53.0;170.0;199.0;267.0;95.0;18.0;11.0;457.0;183.0;169.0;2.0;2.0;26.0;48.0;99.0;263.0;26.0;6.0;2.0;1.0;0.0;3.0;42.0;2.0;294.0;50.0;3.0
2024;2024/2;RS;745;68.0;150.0;178.0;242.0;79.0;20.0;8.0;463.0;172.0;106.0;1.0;3.0;16.0;32.0;65.0;271.0;26.0;6.0;2.0;0.0;0.0;0.0;60.0;2.0;271.0;62.0;2.0
2024;2024/2;RS;2367;307.0;531.0;487.0;728.0;254.0;44.0;15.0;1563.0;312.0;471.0;8.0;13.0;78.0;139.0;185.0;937.0;95.0;15.0;15.0;1.0;1.0;7.0;166.0;0.0;705.0;198.0;24.0
2024;2024/2;RS;668;136.0;195.0;138.0;160.0;36.0;3.0;0.0;410.0;137.0;120.0;1.0;0.0;10.0;13.0;37.0;230.0;20.0;5.0;2.0;0.0;0.0;3.0;56.0;0.0;272.0;49.0;5.0
2024;2024/2;RS;875;139.0;187.0;159.0;288.0;78.0;21.0;3.0;546.0;167.0;147.0;9.0;6.0;26.0;51.0;67.0;175.0;16.0;5.0;2.0;1.0;0.0;5.0;24.0;1.0;210.0;47.0;17.0
2024;2024/2;RS;983;155.0;223.0;191.0;298.0;99.0;13.0;4.0;616.0;134.0;218.0;11.0;4.0;60.0;129.0;154.0;380.0;40.0;9.0;;;;4.0;55.0;2.0;355.0;79.0;5.0
2024;2024/2;RS;208;33.0;43.0;44.0;66.0;18.0;2.0;2.0;130.0;26.0;50.0;1.0;1.0;9.0;17.0;19.0;43.0;9.0;2.0;0.0;0.0;0.0;1.0;6.0;0.0;50.0;18.0;5.0
2024;2024/2;RS;601;77.0;144.0;121.0;165.0;80.0;13.0;1.0;417.0;68.0;103.0;8.0;5.0;20.0;34.0;35.0;171.0;17.0;10.0;2.0;0.0;0.0;4.0;38.0;1.0;180.0;59.0;4.0
2024;2024/2;RS;604;47.0;154.0;154.0;202.0;44.0;2.0;1.0;399.0;80.0;110.0;5.0;10.0;38.0;78.0;58.0;331.0;50.0;5.0;1.0;0.0;0.0;3.0;56.0;1.0;248.0;74.0;6.0
2024;2024/2;RS;737;109.0;151.0;136.0;235.0;89.0;12.0;5.0;439.0;49.0;234.0;11.0;4.0;42.0;88.0;49.0;215.0;32.0;8.0;2.0;1.0;0.0;5.0;52.0;0.0;293.0;85.0;5.0
2024;2024/2;RS;1601;243.0;404.0;355.0;481.0;109.0;7.0;1.0;964.0;305.0;324.0;6.0;2.0;28.0;65.0;85.0;628.0;55.0;31.0;3.0;0.0;0.0;3.0;165.0;2.0;715.0;195.0;13.0
2024;2024/2;RS;1796;226.0;390.0;406.0;587.0;154.0;26.0;6.0;1216.0;182.0;384.0;11.0;0.0;65.0;158.0;179.0;759.0;61.0;20.0;10.0;2.0;0.0;6.0;109.0;4.0;514.0;146.0;10.0
2024;2024/2;RS;1600;269.0;315.0;334.0;481.0;157.0;38.0;5.0;1141.0;163.0;279.0;6.0;11.0;35.0;86.0;103.0;322.0;38.0;20.0;16.0;3.0;;6.0;87.0;3.0;686.0;223.0;29.0
2024;2024/2;RS;657;94.0;160.0;109.0;217.0;68.0;8.0;1.0;406.0;66.0;177.0;4.0;4.0;25.0;35.0;43.0;110.0;18.0;11.0;1.0;0.0;0.0;2.0;8.0;1.0;199.0;44.0;2.0
2024;2024/2;RS;174;29.0;34.0;35.0;45.0;27.0;4.0;0.0;101.0;29.0;42.0;2.0;0.0;8.0;18.0;11.0;37.0;1.0;4.0;0.0;1.0;0.0;0.0;3.0;0.0;74.0;18.0;0.0
2024;2024/2;RS;87;9.0;17.0;10.0;28.0;18.0;3.0;2.0;58.0;12.0;17.0;0.0;0.0;4.0;8.0;4.0;20.0;4.0;;;1.0;;;4.0;;19.0;3.0;
2024;2024/2;RS;56;5.0;3.0;10.0;25.0;11.0;0.0;2.0;31.0;10.0;14.0;1.0;0.0;1.0;1.0;6.0;11.0;4.0;0.0;0.0;0.0;0.0;0.0;4.0;0.0;1.0;0.0;0.0
2024;2024/2;RS;69;7.0;5.0;6.0;20.0;20.0;8.0;3.0;45.0;8.0;16.0;0.0;0.0;0.0;0.0;3.0;1.0;0.0;0.0;0.0;0.0;0.0;0.0;0.0;0.0;5.0;3.0;0.0
2024;2024/2;RS;138;12.0;27.0;17.0;42.0;32.0;7.0;1.0;88.0;20.0;26.0;4.0;0.0;5.0;7.0;10.0;13.0;1.0;1.0;0.0;0.0;0.0;0.0;3.0;0.0;23.0;3.0;0.0
2024;2024/2;RS;349;32.0;76.0;65.0;100.0;51.0;18.0;7.0;227.0;31.0;88.0;1.0;2.0;27.0;39.0;34.0;84.0;13.0;10.0;0.0;1.0;0.0;0.0;13.0;1.0;95.0;27.0;2.0
2024;2024/2;RS;100;8.0;11.0;17.0;39.0;17.0;3.0;5.0;61.0;11.0;28.0;0.0;0.0;;4.0;3.0;6.0;;1.0;;;;;;;27.0;3.0;
2024;2024/2;RS;62;6.0;1.0;11.0;16.0;20.0;6.0;2.0;54.0;2.0;6.0;0.0;0.0;1.0;4.0;2.0;3.0;0.0;2.0;2.0;0.0;0.0;0.0;2.0;0.0;9.0;3.0;0.0
2024;2024/2;RS;216;45.0;48.0;41.0;52.0;25.0;5.0;0.0;120.0;32.0;62.0;1.0;1.0;8.0;13.0;9.0;17.0;3.0;1.0;1.0;0.0;0.0;0.0;3.0;0.0;63.0;10.0;1.0
2024;2024/2;RS;110;10.0;21.0;24.0;28.0;18.0;7.0;2.0;70.0;10.0;23.0;3.0;4.0;6.0;8.0;5.0;2.0;5.0;;;;;;3.0;;18.0;7.0;2.0
2024;2024/2;RS;85;9.0;15.0;15.0;29.0;13.0;3.0;1.0;51.0;1.0;23.0;1.0;9.0;4.0;4.0;3.0;13.0;2.0;1.0;;;;;1.0;;13.0;4.0;0.0
2024;2024/2;RS;111;18.0;25.0;23.0;30.0;13.0;1.0;1.0;68.0;8.0;31.0;3.0;1.0;3.0;7.0;6.0;12.0;;;;;;;2.0;;20.0;5.0;1.0
2024;2024/2;RS;65;1.0;13.0;7.0;26.0;13.0;3.0;2.0;37.0;4.0;24.0;0.0;0.0;4.0;4.0;8.0;3.0;0.0;0.0;0.0;0.0;0.0;0.0;0.0;1.0;10.0;2.0;0.0
2024;2024/2;RS;150;22.0;26.0;31.0;49.0;18.0;3.0;1.0;101.0;15.0;33.0;1.0;0.0;3.0;9.0;5.0;6.0;1.0;0.0;0.0;0.0;0.0;0.0;3.0;0.0;69.0;16.0;0.0
2024;2024/2;RS;322;58.0;76.0;58.0;79.0;45.0;6.0;0.0;197.0;55.0;70.0;0.0;0.0;11.0;22.0;13.0;40.0;7.0;1.0;;;;1.0;5.0;;97.0;40.0;
2024;2024/2;RS;636;86.0;138.0;152.0;162.0;83.0;11.0;4.0;435.0;86.0;110.0;3.0;2.0;35.0;49.0;48.0;170.0;24.0;2.0;4.0;1.0;0.0;2.0;29.0;0.0;263.0;73.0;6.0
2024;2024/2;RS;350;53.0;79.0;63.0;91.0;55.0;7.0;2.0;233.0;15.0;96.0;5.0;1.0;23.0;24.0;18.0;48.0;8.0;1.0;1.0;0.0;0.0;1.0;7.0;0.0;119.0;40.0;2.0
2024;2024/2;RS;140;15.0;25.0;23.0;46.0;28.0;3.0;0.0;100.0;17.0;19.0;0.0;4.0;7.0;9.0;7.0;12.0;1.0;4.0;1.0;0.0;0.0;4.0;2.0;1.0;45.0;19.0;
2024;2024/2;RS;37;6.0;8.0;6.0;13.0;4.0;0.0;0.0;25.0;4.0;7.0;1.0;0.0;;;2.0;;1.0;1.0;;;;;1.0;;22.0;14.0;1.0
2024;2024/2;RS;55;5.0;10.0;6.0;23.0;9.0;2.0;0.0;36.0;9.0;10.0;0.0;0.0;0.0;1.0;2.0;5.0;0.0;2.0;0.0;0.0;0.0;0.0;1.0;0.0;23.0;8.0;0.0
2024;2024/2;RS;78;11.0;13.0;15.0;27.0;11.0;1.0;0.0;57.0;11.0;10.0;0.0;0.0;3.0;2.0;2.0;10.0;3.0;1.0;1.0;0.0;0.0;0.0;4.0;0.0;46.0;25.0;6.0
2024;2024/2;RS;76;13.0;18.0;14.0;15.0;16.0;0.0;0.0;45.0;17.0;14.0;0.0;0.0;2.0;10.0;2.0;4.0;0.0;0.0;0.0;0.0;0.0;0.0;2.0;0.0;20.0;6.0;0.0
2024;2024/2;RS;94;17.0;10.0;23.0;20.0;20.0;2.0;1.0;56.0;11.0;26.0;1.0;0.0;2.0;6.0;5.0;9.0;1.0;;;;;;1.0;;25.0;11.0;
2024;2024/2;RS;49;2.0;5.0;12.0;15.0;13.0;2.0;0.0;32.0;5.0;11.0;1.0;0.0;;1.0;3.0;4.0;;;;;;1.0;;;12.0;5.0;
2024;2024/2;RS;427;67.0;81.0;81.0;127.0;57.0;10.0;4.0;287.0;68.0;67.0;4.0;1.0;14.0;25.0;34.0;61.0;7.0;1.0;2.0;;;;16.0;;102.0;28.0;6.0
2024;2024/2;RS;215;40.0;34.0;50.0;66.0;22.0;2.0;0.0;144.0;22.0;47.0;2.0;0.0;10.0;27.0;19.0;33.0;2.0;2.0;0.0;0.0;0.0;1.0;8.0;0.0;85.0;32.0;3.0
2024;2024/2;RS;84;7.0;10.0;16.0;27.0;17.0;5.0;2.0;59.0;17.0;8.0;0.0;0.0;3.0;1.0;6.0;10.0;0.0;0.0;0.0;0.0;0.0;2.0;1.0;0.0;9.0;4.0;1.0
2024;2024/2;RS;299;40.0;66.0;58.0;85.0;43.0;6.0;1.0;184.0;19.0;89.0;5.0;2.0;16.0;28.0;20.0;83.0;5.0;7.0;0.0;0.0;0.0;1.0;19.0;1.0;101.0;38.0;1.0
2024;2024/2;RS;75;8.0;17.0;10.0;30.0;9.0;1.0;0.0;47.0;19.0;9.0;0.0;0.0;1.0;2.0;1.0;6.0;3.0;1.0;;;;;1.0;;19.0;5.0;
2024;2024/2;RS;81;7.0;12.0;8.0;27.0;22.0;4.0;1.0;58.0;8.0;14.0;0.0;1.0;6.0;4.0;2.0;6.0;1.0;0.0;1.0;0.0;0.0;0.0;2.0;1.0;22.0;5.0;3.0
2024;2024/2;RS;234;37.0;41.0;41.0;69.0;40.0;4.0;2.0;147.0;12.0;68.0;7.0;0.0;6.0;10.0;18.0;33.0;6.0;1.0;0.0;0.0;0.0;1.0;13.0;0.0;76.0;29.0;3.0
2024;2024/2;RS;506;73.0;105.0;92.0;157.0;64.0;12.0;3.0;272.0;52.0;164.0;5.0;13.0;40.0;54.0;44.0;115.0;14.0;17.0;3.0;0.0;0.0;3.0;24.0;0.0;153.0;37.0;6.0
2024;2024/2;RS;144;21.0;36.0;16.0;46.0;20.0;2.0;3.0;98.0;8.0;32.0;4.0;2.0;7.0;9.0;11.0;9.0;1.0;1.0;;;;2.0;2.0;;40.0;12.0;1.0
2024;2024/2;RS;189;35.0;36.0;36.0;53.0;26.0;1.0;1.0;131.0;10.0;48.0;0.0;0.0;7.0;9.0;8.0;26.0;5.0;5.0;0.0;0.0;0.0;0.0;3.0;0.0;60.0;17.0;2.0
2024;2024/2;RS;141;20.0;16.0;20.0;42.0;33.0;9.0;1.0;77.0;13.0;43.0;1.0;7.0;3.0;6.0;4.0;10.0;6.0;0.0;0.0;0.0;0.0;1.0;1.0;0.0;19.0;6.0;0.0
2024;2024/2;RS;176;39.0;38.0;37.0;36.0;24.0;2.0;0.0;112.0;15.0;44.0;5.0;0.0;7.0;5.0;8.0;27.0;1.0;2.0;0.0;0.0;0.0;0.0;13.0;0.0;62.0;18.0;1.0
2024;2024/2;RS;82;13.0;14.0;16.0;29.0;10.0;0.0;0.0;58.0;6.0;18.0;0.0;0.0;4.0;7.0;4.0;14.0;1.0;0.0;0.0;0.0;0.0;0.0;0.0;0.0;20.0;2.0;0.0
2024;2024/2;RS;78;6.0;15.0;11.0;26.0;14.0;6.0;0.0;60.0;9.0;6.0;2.0;1.0;7.0;2.0;0.0;3.0;0.0;0.0;0.0;0.0;0.0;0.0;0.0;0.0;25.0;8.0;1.0
2024;2024/2;RS;99;7.0;12.0;10.0;33.0;31.0;4.0;2.0;70.0;10.0;18.0;1.0;0.0;4.0;8.0;4.0;17.0;5.0;0.0;0.0;0.0;0.0;0.0;1.0;0.0;22.0;5.0;1.0
2024;2024/2;RS;239;36.0;56.0;40.0;66.0;26.0;9.0;6.0;139.0;24.0;63.0;8.0;5.0;24.0;52.0;9.0;55.0;5.0;5.0;;;;2.0;12.0;;68.0;37.0;
2024;2024/2;RS;314;66.0;60.0;65.0;85.0;28.0;8.0;2.0;223.0;29.0;56.0;3.0;3.0;7.0;28.0;14.0;56.0;7.0;1.0;1.0;;;1.0;8.0;;118.0;41.0;3.0
2024;2024/2;RS;131;19.0;21.0;19.0;43.0;26.0;1.0;2.0;86.0;15.0;30.0;0.0;0.0;7.0;8.0;6.0;19.0;1.0;5.0;1.0;0.0;0.0;0.0;3.0;0.0;55.0;19.0;0.0
2024;2024/2;RS;212;18.0;34.0;35.0;73.0;45.0;5.0;2.0;152.0;11.0;44.0;5.0;0.0;7.0;7.0;11.0;33.0;8.0;;;;;1.0;7.0;1.0;61.0;30.0;10.0
2024;2024/2;RS;487;71.0;99.0;109.0;117.0;78.0;12.0;0.0;305.0;36.0;132.0;9.0;5.0;20.0;40.0;25.0;75.0;2.0;6.0;1.0;0.0;0.0;4.0;13.0;1.0;169.0;63.0;5.0
2024;2024/2;RS;188;24.0;31.0;36.0;67.0;26.0;2.0;2.0;122.0;16.0;49.0;0.0;1.0;21.0;18.0;7.0;26.0;2.0;0.0;0.0;1.0;0.0;0.0;6.0;6.0;94.0;37.0;3.0
2024;2024/2;RS;111;14.0;11.0;16.0;30.0;29.0;8.0;3.0;78.0;2.0;30.0;1.0;0.0;1.0;4.0;9.0;13.0;2.0;0.0;0.0;0.0;0.0;0.0;1.0;0.0;27.0;5.0;2.0
2024;2024/2;RS;286;54.0;68.0;49.0;75.0;36.0;3.0;1.0;166.0;18.0;89.0;6.0;7.0;16.0;24.0;24.0;57.0;6.0;0.0;1.0;0.0;0.0;2.0;9.0;0.0;88.0;45.0;3.0
2024;2024/2;RS;268;45.0;56.0;45.0;84.0;33.0;4.0;0.0;186.0;22.0;55.0;4.0;1.0;15.0;16.0;29.0;38.0;8.0;1.0;1.0;0.0;0.0;4.0;9.0;0.0;57.0;24.0;1.0
2024;2024/2;RS;96;13.0;15.0;20.0;23.0;22.0;2.0;1.0;69.0;5.0;22.0;0.0;0.0;4.0;3.0;2.0;10.0;0.0;1.0;0.0;0.0;0.0;0.0;2.0;0.0;28.0;5.0;0.0
2024;2024/2;RS;100;9.0;20.0;14.0;38.0;13.0;5.0;1.0;72.0;7.0;20.0;1.0;0.0;1.0;6.0;6.0;18.0;;;;;;1.0;4.0;;22.0;9.0;
2024;2024/2;RS;95;14.0;15.0;16.0;29.0;19.0;2.0;0.0;62.0;14.0;19.0;0.0;0.0;4.0;8.0;7.0;13.0;7.0;0.0;0.0;0.0;0.0;0.0;1.0;0.0;29.0;9.0;0.0
2024;2024/2;RS;42;3.0;6.0;5.0;9.0;13.0;3.0;3.0;30.0;3.0;9.0;0.0;0.0;1.0;;;;1.0;;;;;;;;5.0;1.0;
2024;2024/2;RS;116;8.0;26.0;23.0;32.0;22.0;1.0;4.0;71.0;12.0;31.0;1.0;1.0;15.0;9.0;14.0;23.0;4.0;1.0;;;;;5.0;;17.0;2.0;
2024;2024/2;RS;407;67.0;79.0;62.0;138.0;48.0;10.0;3.0;248.0;15.0;128.0;1.0;15.0;27.0;39.0;18.0;77.0;7.0;8.0;1.0;0.0;0.0;0.0;11.0;0.0;118.0;39.0;1.0
2024;2024/2;RS;379;67.0;79.0;73.0;104.0;48.0;8.0;0.0;231.0;30.0;115.0;1.0;2.0;18.0;12.0;20.0;31.0;2.0;2.0;0.0;0.0;0.0;1.0;16.0;0.0;147.0;64.0;19.0
2024;2024/2;RS;538;54.0;111.0;123.0;181.0;59.0;10.0;0.0;376.0;59.0;93.0;3.0;0.0;12.0;24.0;31.0;173.0;22.0;7.0;2.0;2.0;0.0;4.0;41.0;2.0;174.0;45.0;4.0
2024;2024/2;RS;611;72.0;128.0;137.0;197.0;62.0;11.0;2.0;393.0;34.0;161.0;7.0;16.0;24.0;63.0;46.0;231.0;33.0;11.0;1.0;0.0;0.0;9.0;45.0;2.0;145.0;43.0;16.0
2024;2024/2;RS;906;121.0;208.0;199.0;271.0;91.0;15.0;1.0;586.0;192.0;127.0;1.0;0.0;16.0;49.0;48.0;204.0;17.0;9.0;;;;4.0;26.0;;237.0;77.0;9.0
2024;2024/2;RS;335;53.0;60.0;52.0;109.0;42.0;15.0;4.0;218.0;52.0;63.0;1.0;1.0;12.0;32.0;19.0;63.0;7.0;4.0;0.0;1.0;0.0;0.0;6.0;0.0;83.0;26.0;1.0
2024;2024/2;RS;322;53.0;54.0;60.0;116.0;34.0;4.0;1.0;193.0;47.0;77.0;4.0;1.0;19.0;48.0;40.0;79.0;11.0;0.0;0.0;0.0;0.0;0.0;9.0;0.0;121.0;30.0;0.0
2024;2024/2;RS;308;41.0;65.0;65.0;92.0;35.0;8.0;2.0;231.0;14.0;62.0;1.0;0.0;29.0;70.0;26.0;108.0;10.0;8.0;0.0;1.0;0.0;0.0;28.0;0.0;120.0;33.0;3.0
2024;2024/2;SC;618;69.0;128.0;138.0;193.0;79.0;7.0;4.0;398.0;84.0;122.0;13.0;1.0;47.0;67.0;45.0;155.0;34.0;7.0;1.0;1.0;0.0;3.0;46.0;5.0;349.0;64.0;1.0
2024;2024/2;SC;71;4.0;16.0;16.0;28.0;7.0;0.0;0.0;45.0;3.0;22.0;1.0;0.0;4.0;7.0;8.0;7.0;1.0;1.0;0.0;0.0;0.0;0.0;2.0;0.0;0.0;0.0;0.0
2024;2024/2;SC;299;56.0;60.0;44.0;91.0;44.0;3.0;1.0;181.0;13.0;95.0;4.0;6.0;18.0;7.0;20.0;15.0;13.0;6.0;2.0;0.0;0.0;3.0;8.0;1.0;183.0;81.0;0.0
2024;2024/2;SC;1379;97.0;256.0;270.0;448.0;237.0;48.0;23.0;756.0;46.0;519.0;37.0;21.0;149.0;222.0;93.0;263.0;93.0;8.0;0.0;3.0;2.0;21.0;78.0;5.0;383.0;130.0;4.0
2024;2024/2;SC;334;31.0;57.0;70.0;110.0;55.0;10.0;1.0;217.0;34.0;79.0;4.0;0.0;23.0;16.0;12.0;28.0;24.0;6.0;3.0;3.0;0.0;5.0;9.0;1.0;167.0;74.0;0.0
2024;2024/2;SC;1108;138.0;266.0;226.0;314.0;143.0;19.0;2.0;678.0;93.0;307.0;20.0;10.0;43.0;59.0;85.0;193.0;71.0;7.0;1.0;0.0;0.0;7.0;64.0;2.0;466.0;178.0;0.0
2024;2024/2;SC;1026;143.0;274.0;241.0;261.0;88.0;16.0;3.0;498.0;63.0;435.0;23.0;7.0;96.0;178.0;74.0;252.0;76.0;14.0;2.0;5.0;0.0;13.0;82.0;0.0;503.0;218.0;4.0
2024;2024/2;SC;1021;76.0;253.0;236.0;308.0;132.0;14.0;2.0;626.0;69.0;298.0;26.0;1.0;101.0;140.0;136.0;338.0;83.0;18.0;5.0;3.0;0.0;2.0;107.0;6.0;468.0;354.0;107.0
2024;2024/2;SC;1129;111.0;228.0;241.0;340.0;151.0;45.0;13.0;599.0;85.0;423.0;18.0;4.0;102.0;150.0;97.0;176.0;92.0;5.0;4.0;1.0;0.0;11.0;54.0;1.0;334.0;137.0;4.0
2024;2024/2;SC;891;93.0;193.0;189.0;254.0;133.0;23.0;6.0;610.0;97.0;174.0;8.0;2.0;97.0;116.0;81.0;219.0;109.0;14.0;4.0;8.0;0.0;4.0;75.0;3.0;366.0;119.0;0.0
2024;2024/2;SC;1735;183.0;421.0;366.0;518.0;205.0;36.0;6.0;977.0;178.0;563.0;14.0;2.0;145.0;234.0;191.0;440.0;109.0;22.0;5.0;3.0;0.0;9.0;141.0;10.0;843.0;179.0;4.0
2024;2024/2;SC;354;25.0;71.0;74.0;109.0;61.0;11.0;3.0;243.0;41.0;65.0;3.0;2.0;17.0;21.0;16.0;38.0;22.0;4.0;0.0;0.0;0.0;0.0;4.0;0.0;113.0;43.0;0.0
2024;2024/2;SC;1104;34.0;84.0;179.0;401.0;349.0;50.0;7.0;621.0;80.0;366.0;28.0;9.0;216.0;0.0;227.0;0.0;0.0;7.0;6.0;13.0;0.0;18.0;60.0;0.0;226.0;55.0;0.0
2024;2024/2;SC;1643;298.0;374.0;342.0;479.0;140.0;9.0;1.0;1042.0;199.0;402.0;0.0;0.0;146.0;175.0;192.0;150.0;2.0;1.0;0.0;2.0;0.0;15.0;0.0;0.0;540.0;135.0;0.0
2024;2024/2;SC;1362;86.0;304.0;322.0;491.0;133.0;21.0;5.0;833.0;166.0;343.0;14.0;4.0;95.0;176.0;152.0;487.0;187.0;26.0;6.0;2.0;0.0;11.0;147.0;4.0;718.0;163.0;2.0
2024;2024/2;SC;319;60.0;64.0;50.0;102.0;39.0;4.0;0.0;169.0;13.0;126.0;4.0;7.0;8.0;21.0;3.0;15.0;6.0;2.0;0.0;0.0;0.0;2.0;6.0;0.0;199.0;105.0;0.0
2024;2024/2;SC;281;43.0;56.0;45.0;91.0;42.0;4.0;0.0;164.0;24.0;90.0;3.0;0.0;12.0;26.0;8.0;17.0;7.0;1.0;0.0;1.0;0.0;4.0;4.0;0.0;160.0;54.0;0.0
2024;2024/2;SC;98;20.0;23.0;15.0;28.0;11.0;1.0;0.0;54.0;7.0;33.0;4.0;0.0;3.0;1.0;4.0;10.0;2.0;1.0;1.0;0.0;0.0;1.0;3.0;0.0;48.0;27.0;0.0
2024;2024/2;SC;274;38.0;34.0;39.0;90.0;52.0;15.0;6.0;200.0;24.0;48.0;2.0;0.0;19.0;28.0;9.0;18.0;0.0;3.0;0.0;1.0;1.0;10.0;4.0;0.0;61.0;4.0;0.0
2024;2024/2;SC;104;1.0;8.0;7.0;24.0;36.0;17.0;11.0;73.0;7.0;19.0;1.0;4.0;1.0;1.0;4.0;4.0;0.0;0.0;0.0;0.0;0.0;0.0;0.0;0.0;3.0;1.0;0.0
2024;2024/2;SC;1401;274.0;314.0;267.0;356.0;159.0;24.0;7.0;846.0;102.0;414.0;32.0;7.0;185.0;132.0;249.0;176.0;22.0;16.0;5.0;2.0;0.0;7.0;141.0;9.0;565.0;134.0;2.0
2024;2024/2;SC;122;18.0;17.0;31.0;38.0;13.0;5.0;0.0;84.0;12.0;25.0;0.0;1.0;81.0;0.0;25.0;0.0;0.0;1.0;0.0;0.0;0.0;19.0;6.0;0.0;42.0;8.0;5.0
2024;2024/2;SC;1196;223.0;263.0;219.0;358.0;115.0;13.0;5.0;635.0;102.0;442.0;16.0;1.0;107.0;174.0;70.0;205.0;20.0;15.0;2.0;2.0;0.0;28.0;67.0;5.0;437.0;78.0;1.0
2024;2024/2;SC;467;102.0;105.0;82.0;120.0;47.0;9.0;2.0;255.0;36.0;165.0;11.0;0.0;28.0;44.0;23.0;24.0;3.0;1.0;1.0;0.0;0.0;3.0;15.0;0.0;139.0;64.0;0.0
2024;2024/2;SC;1027;209.0;223.0;214.0;286.0;73.0;17.0;5.0;644.0;140.0;197.0;41.0;5.0;94.0;94.0;98.0;148.0;26.0;7.0;2.0;3.0;0.0;8.0;42.0;2.0;510.0;136.0;0.0
2024;2024/2;SC;366;55.0;60.0;72.0;110.0;55.0;8.0;6.0;270.0;28.0;64.0;3.0;1.0;0.0;0.0;0.0;0.0;0.0;0.0;0.0;0.0;0.0;0.0;0.0;0.0;166.0;0.0;0.0
2024;2024/2;SC;866;140.0;214.0;190.0;229.0;84.0;7.0;2.0;508.0;78.0;270.0;9.0;1.0;63.0;38.0;71.0;80.0;12.0;4.0;0.0;0.0;0.0;5.0;29.0;1.0;339.0;113.0;0.0
2024;2024/2;SC;539;124.0;139.0;104.0;112.0;52.0;6.0;2.0;278.0;18.0;217.0;22.0;4.0;27.0;75.0;35.0;84.0;7.0;5.0;1.0;3.0;0.0;5.0;36.0;0.0;240.0;78.0;0.0
2024;2024/2;SC;263;42.0;62.0;41.0;76.0;29.0;10.0;3.0;144.0;20.0;93.0;6.0;0.0;23.0;29.0;15.0;29.0;3.0;3.0;0.0;1.0;0.0;5.0;9.0;4.0;82.0;26.0;0.0
2024;2024/2;SC;1024;170.0;181.0;177.0;341.0;119.0;29.0;7.0;679.0;119.0;211.0;11.0;4.0;100.0;191.0;59.0;226.0;34.0;10.0;6.0;6.0;0.0;17.0;83.0;6.0;395.0;101.0;0.0
2024;2024/2;SC;663;129.0;120.0;114.0;161.0;110.0;24.0;5.0;382.0;40.0;234.0;2.0;5.0;15.0;18.0;19.0;42.0;12.0;3.0;0.0;0.0;0.0;4.0;11.0;0.0;277.0;65.0;0.0
2024;2024/2;SC;211;31.0;41.0;39.0;62.0;31.0;6.0;1.0;113.0;15.0;78.0;5.0;0.0;20.0;21.0;21.0;8.0;21.0;2.0;1.0;0.0;0.0;0.0;3.0;7.0;70.0;26.0;0.0
2024;2024/2;SC;230;30.0;42.0;57.0;66.0;27.0;6.0;2.0;127.0;17.0;81.0;4.0;1.0;27.0;27.0;11.0;24.0;10.0;1.0;0.0;0.0;0.0;3.0;4.0;0.0;51.0;19.0;0.0
2024;2024/2;SC;317;74.0;59.0;52.0;84.0;38.0;7.0;3.0;179.0;9.0;112.0;16.0;1.0;15.0;35.0;14.0;36.0;17.0;7.0;0.0;1.0;0.0;3.0;11.0;0.0;101.0;46.0;0.0
2024;2024/2;SC;314;63.0;54.0;41.0;96.0;38.0;13.0;9.0;208.0;33.0;62.0;7.0;4.0;14.0;28.0;5.0;22.0;5.0;0.0;0.0;0.0;0.0;3.0;3.0;1.0;96.0;43.0;0.0
2024;2024/2;SC;276;31.0;68.0;55.0;72.0;43.0;7.0;0.0;145.0;34.0;93.0;4.0;0.0;23.0;32.0;21.0;31.0;5.0;0.0;0.0;0.0;0.0;1.0;9.0;0.0;110.0;29.0;1.0
2024;2024/2;SC;315;69.0;62.0;52.0;88.0;39.0;5.0;0.0;106.0;26.0;148.0;12.0;23.0;29.0;18.0;44.0;8.0;23.0;6.0;0.0;0.0;0.0;0.0;3.0;6.0;72.0;24.0;0.0
2024;2024/2;SC;141;21.0;18.0;30.0;47.0;22.0;3.0;0.0;92.0;7.0;36.0;6.0;0.0;3.0;3.0;9.0;8.0;19.0;5.0;0.0;0.0;0.0;0.0;0.0;2.0;60.0;24.0;0.0
2024;2024/2;SC;128;15.0;26.0;26.0;39.0;16.0;3.0;3.0;79.0;38.0;11.0;0.0;0.0;10.0;6.0;6.0;10.0;1.0;0.0;0.0;0.0;0.0;0.0;3.0;0.0;34.0;7.0;0.0
2024;2024/2;SC;133;21.0;19.0;26.0;38.0;19.0;9.0;1.0;76.0;12.0;44.0;0.0;1.0;16.0;18.0;7.0;13.0;4.0;1.0;0.0;0.0;0.0;0.0;4.0;0.0;34.0;20.0;0.0
2024;2024/2;SC;167;24.0;47.0;29.0;47.0;16.0;3.0;1.0;105.0;11.0;49.0;2.0;0.0;7.0;15.0;7.0;17.0;5.0;0.0;0.0;0.0;0.0;0.0;1.0;0.0;62.0;18.0;0.0
2024;2024/2;SC;171;39.0;30.0;33.0;40.0;26.0;3.0;0.0;85.0;17.0;64.0;2.0;3.0;10.0;7.0;6.0;6.0;3.0;0.0;0.0;0.0;0.0;1.0;0.0;0.0;23.0;8.0;0.0
2024;2024/2;SC;198;38.0;35.0;32.0;54.0;35.0;3.0;1.0;142.0;19.0;34.0;2.0;1.0;9.0;18.0;11.0;19.0;2.0;0.0;1.0;0.0;0.0;1.0;3.0;0.0;100.0;31.0;0.0
2024;2024/2;SC;144;13.0;19.0;24.0;55.0;28.0;5.0;0.0;104.0;6.0;34.0;0.0;0.0;7.0;9.0;6.0;21.0;4.0;0.0;0.0;0.0;0.0;0.0;4.0;1.0;42.0;15.0;0.0
2024;2024/2;SC;119;19.0;20.0;23.0;41.0;15.0;1.0;0.0;70.0;14.0;33.0;2.0;0.0;10.0;9.0;7.0;12.0;3.0;0.0;0.0;1.0;0.0;2.0;1.0;0.0;46.0;11.0;0.0
2024;2024/2;SC;150;29.0;26.0;24.0;43.0;26.0;1.0;1.0;108.0;10.0;30.0;2.0;0.0;12.0;18.0;8.0;10.0;3.0;2.0;0.0;0.0;0.0;1.0;0.0;0.0;53.0;14.0;0.0
2024;2024/2;SC;150;16.0;21.0;43.0;41.0;22.0;5.0;2.0;78.0;10.0;53.0;5.0;4.0;9.0;8.0;3.0;5.0;3.0;0.0;1.0;0.0;0.0;1.0;1.0;0.0;33.0;7.0;0.0
2024;2024/2;SC;178;29.0;42.0;37.0;40.0;23.0;7.0;0.0;92.0;10.0;71.0;2.0;3.0;19.0;37.0;18.0;28.0;13.0;1.0;0.0;2.0;1.0;1.0;6.0;1.0;49.0;20.0;0.0
2024;2024/2;SC;265;57.0;53.0;40.0;72.0;29.0;13.0;1.0;168.0;22.0;65.0;7.0;0.0;14.0;22.0;15.0;37.0;4.0;0.0;0.0;0.0;0.0;1.0;12.0;0.0;12.0;0.0;0.0
2024;2024/2;SC;170;24.0;31.0;22.0;49.0;29.0;11.0;4.0;104.0;7.0;54.0;3.0;2.0;8.0;19.0;10.0;23.0;1.0;3.0;0.0;0.0;0.0;2.0;4.0;0.0;32.0;15.0;1.0
2024;2024/2;SC;244;33.0;42.0;40.0;71.0;44.0;12.0;2.0;146.0;22.0;72.0;4.0;0.0;13.0;19.0;8.0;11.0;2.0;2.0;0.0;0.0;0.0;4.0;5.0;0.0;69.0;27.0;0.0
2024;2024/2;SC;218;31.0;44.0;44.0;69.0;27.0;3.0;0.0;103.0;20.0;91.0;4.0;0.0;26.0;29.0;22.0;22.0;2.0;2.0;0.0;0.0;0.0;4.0;9.0;1.0;64.0;14.0;0.0
2024;2024/2;SC;3460;489.0;689.0;603.0;930.0;472.0;174.0;103.0;2319.0;190.0;872.0;71.0;8.0;63.0;87.0;95.0;177.0;36.0;13.0;2.0;1.0;0.0;7.0;50.0;9.0;495.0;167.0;7.0
2024;2024/2;SC;26;2.0;5.0;6.0;9.0;4.0;0.0;0.0;16.0;1.0;9.0;0.0;0.0;2.0;3.0;2.0;9.0;0.0;2.0;1.0;0.0;0.0;0.0;4.0;0.0;8.0;3.0;8.0
2024;2024/2;SE;450;143.0;103.0;81.0;93.0;28.0;2.0;0.0;8.0;10.0;423.0;;;19.0;27.0;38.0;94.0;2.0;;1.0;;;5.0;13.0;;356.0;;
2024;2024/2;SE;222;85.0;42.0;28.0;51.0;13.0;3.0;0.0;27.0;35.0;159.0;1.0;0.0;17.0;46.0;20.0;71.0;3.0;0.0;0.0;2.0;0.0;7.0;9.0;0.0;184.0;0.0;0.0
2024;2024/2;SE;208;59.0;58.0;33.0;45.0;9.0;3.0;0.0;17.0;32.0;142.0;9.0;0.0;6.0;51.0;11.0;82.0;1.0;0.0;0.0;0.0;0.0;8.0;10.0;0.0;5.0;0.0;0.0
2024;2024/2;SE;1327;266.0;278.0;225.0;331.0;169.0;48.0;10.0;240.0;234.0;779.0;2.0;1.0;38.0;77.0;56.0;193.0;10.0;1.0;1.0;2.0;0.0;35.0;31.0;5.0;564.0;0.0;0.0
2024;2024/2;SE;531;73.0;151.0;110.0;131.0;43.0;3.0;0.0;58.0;38.0;398.0;9.0;0.0;27.0;40.0;68.0;294.0;19.0;0.0;0.0;0.0;0.0;11.0;24.0;0.0;551.0;0.0;0.0
2024;2024/2;SE;2519;396.0;691.0;531.0;676.0;225.0;;;;;;;;;;;;;;;;;;;;;;
2024;2024/2;SE;233;42.0;46.0;44.0;60.0;41.0;0.0;0.0;26.0;31.0;174.0;2.0;0.0;5.0;11.0;1.0;11.0;1.0;1.0;0.0;0.0;0.0;1.0;0.0;0.0;125.0;0.0;
2024;2024/2;SE;361;10.0;24.0;43.0;111.0;128.0;26.0;19.0;36.0;45.0;262.0;0.0;0.0;;;;;;;;;;;;;;;
2024;2024/2;SE;569;49.0;160.0;144.0;181.0;33.0;2.0;0.0;;;;;;;;;;;;;;;;;;;;
2024;2024/2;SE;925;101.0;246.0;208.0;251.0;97.0;15.0;7.0;88.0;103.0;677.0;11.0;;35.0;101.0;121.0;541.0;29.0;3.0;0.0;0.0;0.0;8.0;31.0;0.0;436.0;;
2024;2024/2;SE;16;0.0;3.0;3.0;5.0;1.0;0.0;0.0;4.0;3.0;4.0;1.0;;1.0;2.0;1.0;1.0;;;;;;;;;;;
2024;2024/2;SP;1063;325.0;225.0;185.0;223.0;97.0;6.0;2.0;525.0;123.0;415.0;;;10.0;94.0;17.0;80.0;2.0;3.0;3.0;1.0;0.0;4.0;7.0;0.0;537.0;9.0;0.0
2024;2024/2;SP;1162;288.0;271.0;245.0;266.0;87.0;5.0;0.0;550.0;87.0;525.0;0.0;0.0;33.0;68.0;53.0;136.0;23.0;4.0;0.0;1.0;0.0;2.0;3.0;2.0;610.0;10.0;0.0
2024;2024/2;SP;1012;247.0;239.0;160.0;282.0;78.0;6.0;;289.0;319.0;404.0;;;155.0;;220.0;;3.0;;;13.0;;;;;323.0;;
2024;2024/2;SP;619;159.0;117.0;136.0;135.0;65.0;5.0;2.0;227.0;60.0;331.0;1.0;0.0;73.0;0.0;112.0;0.0;5.0;8.0;11.0;0.0;0.0;24.0;3.0;0.0;208.0;3.0;1.0
2024;2024/2;SP;1180;633.0;197.0;176.0;140.0;31.0;2.0;1.0;338.0;179.0;662.0;1.0;0.0;58.0;108.0;124.0;296.0;9.0;7.0;12.0;;;5.0;45.0;;331.0;28.0;
2024;2024/2;SP;1339;506.0;283.0;190.0;247.0;106.0;6.0;1.0;508.0;171.0;660.0;0.0;0.0;41.0;;589.0;;4.0;;;9.0;;;;;573.0;;
2024;2024/2;SP;1201;121.0;270.0;269.0;399.0;130.0;12.0;0.0;455.0;159.0;587.0;0.0;0.0;9.0;87.0;64.0;347.0;53.0;11.0;12.0;0.0;0.0;1.0;4.0;0.0;294.0;1.0;0.0
2024;2024/2;SP;931;80.0;124.0;105.0;300.0;234.0;68.0;20.0;258.0;93.0;571.0;8.0;1.0;29.0;;34.0;;1.0;;;;;1.0;;;20.0;;
2024;2024/2;SP;1474;303.0;341.0;257.0;446.0;111.0;16.0;0.0;357.0;206.0;910.0;1.0;;252.0;64.0;45.0;437.0;2.0;6.0;5.0;;;6.0;65.0;;356.0;31.0;
2024;2024/2;SP;1437;342.0;298.0;279.0;367.0;145.0;5.0;1.0;404.0;202.0;831.0;0.0;0.0;172.0;113.0;461.0;117.0;2.0;4.0;;;;13.0;51.0;;265.0;4.0;4.0
2024;2024/2;SP;804;64.0;190.0;129.0;243.0;127.0;44.0;7.0;253.0;79.0;472.0;0.0;0.0;19.0;0.0;62.0;0.0;16.0;0.0;0.0;0.0;0.0;9.0;0.0;0.0;55.0;0.0;0.0
2024;2024/2;SP;1203;820.0;273.0;41.0;49.0;16.0;4.0;0.0;388.0;286.0;529.0;0.0;0.0;88.0;58.0;123.0;221.0;1.0;5.0;3.0;0.0;0.0;12.0;76.0;0.0;327.0;0.0;0.0
2024;2024/2;SP;1175;315.0;361.0;236.0;215.0;44.0;4.0;0.0;165.0;137.0;873.0;;;55.0;4.0;229.0;306.0;4.0;3.0;1.0;1.0;;3.0;17.0;0.0;480.0;14.0;0.0
2024;2024/2;SP;1327;127.0;255.0;289.0;462.0;178.0;15.0;1.0;501.0;378.0;446.0;2.0;0.0;301.0;43.0;117.0;307.0;5.0;16.0;16.0;0.0;0.0;8.0;2.0;0.0;192.0;27.0;13.0
2024;2024/2;SP;909;176.0;173.0;216.0;209.0;131.0;2.0;2.0;302.0;254.0;349.0;4.0;0.0;72.0;141.0;54.0;109.0;2.0;3.0;0.0;0.0;0.0;0.0;0.0;0.0;137.0;18.0;0.0
2024;2024/2;SP;534;126.0;132.0;111.0;115.0;43.0;6.0;1.0;213.0;101.0;220.0;0.0;0.0;110.0;23.0;114.0;47.0;8.0;1.0;2.0;2.0;0.0;3.0;3.0;3.0;75.0;78.0;2.0
2024;2024/2;SP;1275;288.0;293.0;266.0;293.0;125.0;10.0;0.0;392.0;173.0;710.0;0.0;0.0;94.0;4.0;160.0;107.0;0.0;3.0;4.0;10.0;32.0;12.0;4.0;18.0;522.0;120.0;11.0
2024;2024/2;SP;1155;311.0;341.0;224.0;218.0;55.0;6.0;0.0;283.0;146.0;725.0;1.0;0.0;55.0;1.0;31.0;386.0;29.0;12.0;0.0;0.0;0.0;2.0;5.0;0.0;543.0;12.0;8.0
2024;2024/2;SP;889;215.0;200.0;156.0;253.0;55.0;10.0;0.0;276.0;139.0;466.0;8.0;;;157.0;264.0;;1.0;;;73.0;;;;;250.0;;
2024;2024/2;SP;1056;233.0;212.0;176.0;293.0;131.0;8.0;3.0;552.0;89.0;415.0;;;111.0;;;41.0;;;1.0;;11.0;;;;585.0;;
2024;2024/2;SP;780;213.0;183.0;142.0;191.0;45.0;5.0;1.0;172.0;111.0;497.0;0.0;0.0;95.0;32.0;192.0;107.0;4.0;2.0;0.0;0.0;0.0;12.0;45.0;1.0;159.0;2.0;0.0
2024;2024/2;SP;884;249.0;194.0;172.0;199.0;66.0;4.0;0.0;252.0;123.0;509.0;0.0;0.0;80.0;68.0;112.0;188.0;7.0;8.0;7.0;0.0;0.0;20.0;48.0;8.0;226.0;6.0;0.0
2024;2024/2;SP;1174;288.0;279.0;183.0;325.0;92.0;6.0;1.0;370.0;113.0;690.0;1.0;0.0;126.0;100.0;279.0;;7.0;50.0;11.0;9.0;;30.0;20.0;28.0;410.0;;
2024;2024/2;SP;921;263.0;201.0;157.0;226.0;67.0;7.0;0.0;424.0;104.0;392.0;1.0;0.0;7.0;160.0;0.0;93.0;5.0;0.0;0.0;0.0;0.0;7.0;10.0;0.0;;;
2024;2024/2;SP;509;118.0;90.0;82.0;138.0;75.0;5.0;1.0;195.0;23.0;291.0;;;;53.0;;20.0;2.0;;;;;2.0;2.0;;219.0;;
2024;2024/2;SP;1158;236.0;236.0;233.0;354.0;89.0;9.0;1.0;540.0;89.0;529.0;0.0;0.0;229.0;17.0;105.0;9.0;1.0;2.0;0.0;1.0;0.0;10.0;8.0;0.0;506.0;0.0;0.0
2024;2024/2;SP;857;256.0;200.0;141.0;201.0;56.0;3.0;0.0;278.0;113.0;466.0;0.0;0.0;43.0;64.0;170.0;158.0;9.0;5.0;4.0;2.0;0.0;14.0;9.0;13.0;186.0;38.0;0.0
2024;2024/2;SP;979;241.0;231.0;184.0;233.0;80.0;9.0;1.0;266.0;138.0;575.0;0.0;0.0;60.0;70.0;101.0;105.0;1.0;0.0;0.0;0.0;0.0;11.0;55.0;0.0;435.0;7.0;0.0
2024;2024/2;SP;870;235.0;160.0;143.0;239.0;86.0;7.0;;141.0;50.0;678.0;1.0;;140.0;60.0;100.0;61.0;6.0;;1.0;;;7.0;17.0;3.0;320.0;20.0;
2024;2024/2;SP;729;176.0;158.0;126.0;206.0;57.0;6.0;0.0;225.0;206.0;298.0;0.0;0.0;133.0;1.0;96.0;10.0;0.0;0.0;1.0;0.0;0.0;14.0;24.0;0.0;247.0;19.0;1.0
2024;2024/2;SP;1197;321.0;306.0;240.0;229.0;92.0;8.0;1.0;480.0;113.0;604.0;0.0;0.0;69.0;9.0;246.0;48.0;1.0;4.0;0.0;0.0;0.0;3.0;17.0;0.0;703.0;4.0;0.0
2024;2024/2;SP;1108;324.0;258.0;172.0;248.0;87.0;19.0;0.0;258.0;238.0;612.0;0.0;0.0;77.0;42.0;420.0;25.0;6.0;9.0;4.0;1.0;0.0;7.0;49.0;17.0;190.0;16.0;6.0
2024;2024/2;SP;1059;230.0;201.0;167.0;306.0;140.0;13.0;2.0;439.0;147.0;473.0;;;87.0;86.0;49.0;48.0;8.0;2.0;;;;6.0;14.0;2.0;463.0;;
2024;2024/2;SP;624;177.0;126.0;124.0;141.0;51.0;5.0;;374.0;52.0;198.0;;;42.0;34.0;44.0;54.0;0.0;0.0;0.0;0.0;0.0;9.0;10.0;0.0;222.0;65.0;0.0
2024;2024/2;SP;731;101.0;135.0;120.0;203.0;140.0;22.0;10.0;379.0;53.0;299.0;0.0;0.0;;;;;;;;;;;;;;;
2024;2024/2;SP;723;66.0;131.0;153.0;242.0;119.0;12.0;0.0;258.0;82.0;383.0;0.0;0.0;90.0;0.0;128.0;0.0;2.0;1.0;0.0;2.0;0.0;25.0;3.0;0.0;246.0;175.0;0.0
2024;2024/2;SP;1313;128.0;245.0;268.0;478.0;173.0;14.0;7.0;477.0;172.0;664.0;0.0;0.0;114.0;40.0;230.0;53.0;8.0;7.0;0.0;0.0;0.0;10.0;16.0;0.0;603.0;13.0;0.0
2024;2024/2;SP;2180;686.0;654.0;600.0;152.0;66.0;20.0;2.0;1024.0;284.0;872.0;0.0;0.0;260.0;174.0;500.0;426.0;18.0;;2.0;86.0;;12.0;;;425.0;;
2024;2024/2;SP;2894;715.0;902.0;712.0;369.0;161.0;32.0;3.0;1302.0;586.0;1006.0;0.0;0.0;315.0;404.0;118.0;828.0;21.0;0.0;15.0;0.0;0.0;30.0;34.0;0.0;730.0;0.0;0.0
2024;2024/2;SP;147;12.0;23.0;28.0;50.0;32.0;2.0;;49.0;20.0;77.0;1.0;;10.0;;;25.0;3.0;6.0;;;;;;;73.0;;8.0
2024;2024/2;SP;2280;651.0;435.0;436.0;568.0;165.0;19.0;6.0;356.0;219.0;1705.0;0.0;0.0;133.0;165.0;189.0;839.0;26.0;7.0;6.0;2.0;0.0;12.0;18.0;47.0;574.0;11.0;0.0
2024;2024/2;SP;852;41.0;136.0;195.0;374.0;95.0;10.0;1.0;205.0;81.0;566.0;0.0;0.0;8.0;27.0;6.0;221.0;52.0;9.0;14.0;0.0;0.0;0.0;0.0;0.0;427.0;15.0;0.0
2024;2024/2;SP;952;32.0;109.0;169.0;434.0;197.0;9.0;2.0;365.0;103.0;484.0;0.0;0.0;13.0;110.0;15.0;294.0;29.0;14.0;16.0;;;5.0;6.0;3.0;305.0;33.0;6.0
2024;2024/2;SP;276;9.0;29.0;35.0;90.0;83.0;30.0;0.0;138.0;23.0;115.0;0.0;0.0;0.0;0.0;0.0;14.0;0.0;0.0;0.0;2.0;0.0;0.0;0.0;0.0;23.0;0.0;0.0
2024;2024/2;SP;245;3.0;13.0;35.0;69.0;102.0;22.0;1.0;103.0;33.0;108.0;0.0;1.0;;;;3.0;;;;;;;;;3.0;;
2024;2024/2;SP;66;2.0;7.0;6.0;27.0;19.0;5.0;0.0;34.0;6.0;26.0;0.0;0.0;0.0;1.0;1.0;5.0;5.0;0.0;0.0;0.0;0.0;0.0;0.0;0.0;31.0;;
2024;2024/2;SP;97;13.0;14.0;13.0;35.0;16.0;5.0;1.0;34.0;9.0;54.0;0.0;0.0;0.0;5.0;0.0;12.0;0.0;0.0;0.0;0.0;0.0;3.0;0.0;0.0;67.0;1.0;0.0
2024;2024/2;SP;158;14.0;21.0;17.0;53.0;44.0;6.0;3.0;79.0;11.0;68.0;;;;;;9.0;;2.0;;;;1.0;;;46.0;2.0;
2024;2024/2;SP;306;14.0;46.0;61.0;105.0;73.0;5.0;2.0;143.0;36.0;126.0;1.0;0.0;8.0;10.0;16.0;50.0;23.0;0.0;1.0;0.0;0.0;1.0;0.0;0.0;104.0;0.0;0.0
2024;2024/2;SP;293;11.0;35.0;57.0;94.0;73.0;20.0;3.0;153.0;69.0;69.0;2.0;0.0;0.0;0.0;20.0;0.0;0.0;1.0;1.0;0.0;0.0;1.0;0.0;1.0;49.0;0.0;0.0
2024;2024/2;SP;201;31.0;50.0;42.0;52.0;25.0;1.0;0.0;106.0;28.0;67.0;0.0;0.0;1.0;1.0;20.0;14.0;5.0;0.0;0.0;0.0;0.0;0.0;0.0;0.0;110.0;16.0;5.0
2024;2024/2;SP;156;9.0;23.0;23.0;36.0;43.0;17.0;5.0;75.0;14.0;67.0;0.0;0.0;1.0;2.0;;1.0;;;;;;;;;30.0;;
2024;2024/2;SP;2501;306.0;496.0;592.0;792.0;281.0;32.0;2.0;1302.0;312.0;885.0;2.0;0.0;251.0;144.0;479.0;318.0;78.0;34.0;33.0;0.0;0.0;0.0;0.0;0.0;1021.0;;
2024;2024/2;SP;85;8.0;17.0;13.0;34.0;13.0;0.0;0.0;40.0;9.0;36.0;0.0;0.0;1.0;0.0;6.0;5.0;3.0;3.0;1.0;0.0;0.0;1.0;0.0;0.0;36.0;12.0;0.0
2024;2024/2;SP;193;28.0;45.0;39.0;57.0;20.0;4.0;0.0;83.0;31.0;77.0;2.0;0.0;11.0;;47.0;;;;;;;4.0;;;102.0;;
2024;2024/2;SP;271;23.0;44.0;37.0;83.0;58.0;24.0;2.0;129.0;23.0;119.0;0.0;0.0;0.0;2.0;3.0;48.0;2.0;3.0;0.0;0.0;0.0;0.0;0.0;0.0;55.0;0.0;0.0
2024;2024/2;SP;179;11.0;29.0;39.0;58.0;37.0;5.0;0.0;78.0;24.0;76.0;1.0;0.0;2.0;1.0;10.0;16.0;1.0;1.0;2.0;;;1.0;;;34.0;3.0;3.0
2024;2024/2;SP;181;36.0;44.0;39.0;43.0;19.0;0.0;0.0;64.0;16.0;101.0;0.0;0.0;0.0;4.0;0.0;32.0;2.0;1.0;0.0;0.0;0.0;1.0;1.0;0.0;127.0;0.0;0.0
2024;2024/2;SP;1159;267.0;240.0;196.0;349.0;99.0;7.0;1.0;349.0;98.0;712.0;0.0;0.0;133.0;;153.0;;13.0;;;2.0;;31.0;;;487.0;;
2024;2024/2;SP;1096;279.0;311.0;238.0;217.0;48.0;3.0;;236.0;114.0;744.0;1.0;1.0;28.0;42.0;81.0;362.0;12.0;7.0;1.0;0.0;0.0;3.0;12.0;2.0;459.0;9.0;0.0
2024;2024/2;SP;1343;310.0;281.0;222.0;414.0;108.0;6.0;2.0;723.0;114.0;503.0;3.0;0.0;101.0;51.0;123.0;68.0;1.0;5.0;1.0;0.0;0.0;5.0;23.0;0.0;752.0;0.0;0.0
2024;2024/2;SP;998;300.0;195.0;173.0;235.0;87.0;5.0;3.0;352.0;103.0;543.0;0.0;0.0;65.0;82.0;38.0;48.0;0.0;61.0;25.0;5.0;0.0;5.0;2.0;0.0;443.0;0.0;0.0
2024;2024/2;SP;1217;365.0;281.0;191.0;308.0;59.0;13.0;0.0;413.0;181.0;623.0;0.0;0.0;70.0;88.0;99.0;184.0;7.0;1.0;1.0;0.0;0.0;3.0;52.0;8.0;514.0;0.0;0.0
2024;2024/2;SP;2045;686.0;549.0;201.0;434.0;156.0;18.0;1.0;780.0;445.0;820.0;0.0;0.0;55.0;104.0;116.0;94.0;9.0;0.0;3.0;38.0;0.0;9.0;18.0;12.0;400.0;101.0;0.0
2024;2024/2;SP;1251;313.0;330.0;262.0;245.0;89.0;8.0;4.0;498.0;135.0;618.0;0.0;0.0;72.0;;201.0;;6.0;5.0;;;;17.0;;;844.0;;
2024;2024/2;SP;834;220.0;170.0;135.0;233.0;69.0;7.0;0.0;331.0;140.0;363.0;0.0;0.0;62.0;36.0;34.0;57.0;1.0;3.0;0.0;0.0;0.0;18.0;27.0;0.0;429.0;0.0;0.0
2024;2024/2;SP;1163;296.0;256.0;207.0;283.0;107.0;14.0;0.0;678.0;125.0;360.0;0.0;0.0;141.0;0.0;149.0;0.0;9.0;2.0;5.0;31.0;0.0;0.0;2.0;0.0;517.0;0.0;0.0
2024;2024/2;SP;1098;248.0;199.0;205.0;339.0;97.0;9.0;1.0;193.0;85.0;819.0;1.0;0.0;87.0;76.0;58.0;36.0;7.0;3.0;0.0;0.0;0.0;3.0;3.0;0.0;541.0;0.0;0.0
2024;2024/2;SP;2226;231.0;397.0;521.0;773.0;276.0;25.0;3.0;649.0;257.0;1317.0;3.0;0.0;105.0;234.0;216.0;387.0;13.0;3.0;3.0;2.0;0.0;9.0;7.0;1.0;924.0;145.0;0.0
2024;2024/2;SP;2244;290.0;454.0;483.0;727.0;264.0;22.0;4.0;761.0;185.0;1298.0;0.0;0.0;105.0;34.0;462.0;310.0;32.0;0.0;0.0;0.0;0.0;12.0;3.0;0.0;1046.0;0.0;0.0
2024;2024/2;SP;518;31.0;140.0;124.0;142.0;66.0;15.0;0.0;210.0;71.0;237.0;0.0;0.0;8.0;23.0;18.0;75.0;21.0;2.0;1.0;0.0;0.0;1.0;2.0;4.0;303.0;;
2024;2024/2;SP;1147;120.0;245.0;266.0;396.0;114.0;6.0;0.0;402.0;132.0;613.0;0.0;0.0;63.0;4.0;156.0;252.0;13.0;1.0;4.0;0.0;0.0;2.0;17.0;0.0;532.0;11.0;0.0
2024;2024/2;SP;1445;195.0;271.0;276.0;510.0;173.0;16.0;4.0;408.0;207.0;829.0;1.0;0.0;134.0;15.0;388.0;32.0;6.0;3.0;14.0;13.0;0.0;8.0;10.0;0.0;600.0;16.0;0.0
2024;2024/2;SP;1493;227.0;287.0;296.0;497.0;170.0;15.0;1.0;704.0;271.0;518.0;0.0;0.0;201.0;6.0;266.0;23.0;19.0;7.0;6.0;2.0;0.0;7.0;23.0;3.0;525.0;5.0;0.0
2024;2024/2;SP;1378;145.0;249.0;289.0;498.0;169.0;19.0;9.0;508.0;115.0;753.0;2.0;0.0;131.0;19.0;201.0;137.0;46.0;4.0;9.0;0.0;0.0;10.0;29.0;0.0;581.0;9.0;0.0
2024;2024/2;SP;41;3.0;15.0;6.0;12.0;4.0;1.0;;18.0;4.0;19.0;;;2.0;;19.0;;4.0;1.0;;;;;1.0;;6.0;;
2024;2024/2;SP;233;39.0;62.0;45.0;55.0;26.0;5.0;1.0;133.0;19.0;81.0;0.0;0.0;0.0;0.0;3.0;31.0;3.0;1.0;0.0;0.0;0.0;1.0;0.0;0.0;154.0;1.0;0.0
2024;2024/2;SP;234;20.0;35.0;56.0;70.0;44.0;7.0;2.0;120.0;20.0;93.0;0.0;1.0;13.0;5.0;17.0;8.0;0.0;0.0;0.0;0.0;0.0;1.0;1.0;0.0;109.0;0.0;0.0
2024;2024/2;SP;213;78.0;41.0;34.0;38.0;22.0;0.0;0.0;82.0;22.0;108.0;1.0;0.0;6.0;2.0;6.0;11.0;;;;;;1.0;;;143.0;32.0;1.0
2024;2024/2;SP;87;17.0;22.0;10.0;30.0;8.0;0.0;0.0;42.0;9.0;36.0;0.0;0.0;0.0;1.0;0.0;10.0;1.0;1.0;1.0;0.0;0.0;1.0;0.0;0.0;61.0;0.0;0.0
2024;2024/2;SP;83;7.0;19.0;23.0;26.0;7.0;1.0;0.0;41.0;8.0;34.0;0.0;0.0;5.0;0.0;20.0;0.0;0.0;1.0;0.0;0.0;0.0;1.0;0.0;0.0;47.0;0.0;0.0
2024;2024/2;SP;216;16.0;28.0;38.0;93.0;36.0;5.0;0.0;112.0;23.0;81.0;0.0;0.0;4.0;0.0;42.0;8.0;2.0;1.0;0.0;0.0;0.0;2.0;1.0;0.0;87.0;28.0;0.0
2024;2024/2;SP;221;66.0;51.0;34.0;39.0;28.0;3.0;0.0;73.0;26.0;122.0;0.0;0.0;11.0;;47.0;1.0;1.0;3.0;;;;;2.0;;108.0;19.0;
2024;2024/2;SP;144;28.0;33.0;26.0;38.0;17.0;2.0;0.0;78.0;13.0;53.0;0.0;0.0;0.0;3.0;0.0;11.0;1.0;1.0;0.0;0.0;0.0;0.0;0.0;0.0;98.0;1.0;0.0
2024;2024/2;SP;485;16.0;47.0;75.0;181.0;132.0;30.0;4.0;233.0;60.0;190.0;2.0;0.0;24.0;31.0;24.0;26.0;3.0;3.0;;;;;;;16.0;;
2024;2024/2;SP;312;21.0;57.0;62.0;114.0;50.0;5.0;3.0;147.0;25.0;140.0;0.0;0.0;24.0;0.0;40.0;34.0;0.0;0.0;0.0;0.0;0.0;0.0;0.0;0.0;12.0;;
2024;2024/2;SP;193;3.0;21.0;31.0;84.0;48.0;4.0;2.0;94.0;27.0;72.0;0.0;0.0;4.0;20.0;14.0;26.0;0.0;1.0;0.0;0.0;0.0;0.0;0.0;0.0;12.0;0.0;0.0
2024;2024/2;SP;1217;585.0;374.0;129.0;110.0;19.0;0.0;0.0;431.0;144.0;640.0;2.0;0.0;2.0;4.0;104.0;523.0;1.0;0.0;0.0;1.0;0.0;0.0;6.0;1.0;537.0;1.0;37.0
2024;2024/2;SP;447;29.0;51.0;70.0;170.0;97.0;26.0;4.0;246.0;40.0;159.0;2.0;0.0;0.0;0.0;2.0;3.0;15.0;2.0;0.0;0.0;0.0;1.0;0.0;0.0;1.0;0.0;0.0
2024;2024/2;SP;1517;296.0;310.0;306.0;464.0;133.0;8.0;0.0;462.0;175.0;876.0;4.0;0.0;132.0;0.0;0.0;565.0;4.0;0.0;0.0;0.0;0.0;19.0;27.0;0.0;618.0;0.0;0.0
2024;2024/2;SP;1612;213.0;347.0;427.0;503.0;110.0;10.0;2.0;546.0;291.0;775.0;0.0;0.0;191.0;332.0;205.0;238.0;0.0;0.0;0.0;0.0;0.0;0.0;0.0;0.0;620.0;0.0;4.0
2024;2024/2;SP;476;14.0;43.0;47.0;158.0;177.0;29.0;8.0;342.0;32.0;100.0;2.0;0.0;1.0;0.0;6.0;15.0;6.0;1.0;2.0;0.0;0.0;1.0;1.0;0.0;13.0;0.0;0.0
2024;2024/2;SP;2196;251.0;491.0;495.0;713.0;224.0;18.0;4.0;1057.0;269.0;869.0;1.0;;354.0;;454.0;;72.0;;;157.0;;;;;626.0;;
2024;2024/2;SP;572;71.0;108.0;128.0;194.0;62.0;6.0;3.0;247.0;58.0;266.0;1.0;0.0;9.0;23.0;3.0;74.0;27.0;22.0;0.0;0.0;0.0;4.0;1.0;0.0;329.0;0.0;1.0
2024;2024/2;SP;524;105.0;118.0;100.0;107.0;73.0;15.0;6.0;142.0;88.0;294.0;0.0;0.0;93.0;5.0;104.0;91.0;4.0;;;;;10.0;21.0;;131.0;4.0;
2024;2024/2;SP;730;86.0;143.0;117.0;255.0;111.0;17.0;1.0;257.0;79.0;394.0;0.0;0.0;39.0;34.0;20.0;59.0;16.0;7.0;0.0;3.0;0.0;4.0;1.0;0.0;447.0;7.0;0.0
2024;2024/2;SP;847;72.0;164.0;194.0;307.0;103.0;4.0;3.0;343.0;105.0;399.0;;;77.0;32.0;61.0;199.0;28.0;5.0;4.0;;;4.0;1.0;;326.0;1.0;
2024;2024/2;SP;2539;68.0;201.0;273.0;761.0;854.0;295.0;87.0;1121.0;209.0;1207.0;1.0;1.0;35.0;0.0;59.0;0.0;0.0;0.0;0.0;0.0;0.0;0.0;0.0;0.0;22.0;0.0;0.0
2024;2024/2;SP;793;215.0;172.0;138.0;192.0;72.0;4.0;0.0;252.0;86.0;455.0;0.0;0.0;;111.0;;247.0;5.0;;14.0;;;47.0;;;302.0;;
2024;2024/2;SP;1401;135.0;350.0;321.0;459.0;124.0;9.0;3.0;675.0;153.0;569.0;3.0;1.0;36.0;61.0;68.0;243.0;39.0;;;;;4.0;3.0;;662.0;115.0;
2024;2024/2;SP;1488;46.0;92.0;155.0;425.0;516.0;201.0;53.0;538.0;132.0;818.0;0.0;0.0;26.0;;34.0;;;;;3.0;;;2.0;;31.0;;
2024;2024/2;SP;1344;65.0;232.0;348.0;552.0;142.0;4.0;1.0;413.0;170.0;761.0;0.0;0.0;23.0;153.0;133.0;507.0;42.0;20.0;32.0;0.0;0.0;9.0;64.0;1.0;921.0;68.0;1.0
2024;2024/2;SP;1187;182.0;269.0;294.0;328.0;104.0;10.0;0.0;587.0;227.0;373.0;0.0;0.0;247.0;5.0;291.0;8.0;7.0;0.0;0.0;0.0;0.0;7.0;20.0;0.0;518.0;15.0;0.0
2024;2024/2;SP;1346;258.0;325.0;262.0;363.0;125.0;11.0;2.0;568.0;193.0;585.0;0.0;0.0;96.0;191.0;183.0;236.0;57.0;37.0;10.0;6.0;0.0;20.0;10.0;16.0;398.0;0.0;0.0
2024;2024/2;SP;1279;223.0;333.0;251.0;357.0;105.0;7.0;3.0;460.0;208.0;611.0;0.0;0.0;163.0;11.0;184.0;70.0;11.0;5.0;2.0;0.0;0.0;2.0;26.0;0.0;640.0;2.0;16.0
2024;2024/2;SP;1407;62.0;190.0;268.0;636.0;238.0;12.0;1.0;646.0;149.0;607.0;5.0;0.0;34.0;139.0;89.0;354.0;129.0;20.0;10.0;0.0;0.0;4.0;2.0;0.0;274.0;1.0;0.0
2024;2024/2;SP;2254;121.0;231.0;341.0;756.0;634.0;140.0;31.0;710.0;348.0;1175.0;21.0;0.0;24.0;143.0;27.0;96.0;8.0;0.0;2.0;0.0;0.0;2.0;1.0;12.0;88.0;38.0;412.0
2024;2024/2;SP;1447;323.0;401.0;264.0;353.0;97.0;8.0;1.0;623.0;158.0;665.0;1.0;0.0;0.0;233.0;0.0;264.0;12.0;0.0;0.0;2.0;0.0;5.0;4.0;0.0;819.0;0.0;1.0
2024;2024/2;SP;1795;60.0;114.0;174.0;521.0;570.0;268.0;88.0;913.0;147.0;731.0;3.0;1.0;115.0;25.0;191.0;39.0;14.0;16.0;2.0;0.0;0.0;6.0;26.0;0.0;64.0;8.0;0.0
2024;2024/2;SP;897;99.0;148.0;175.0;285.0;134.0;34.0;22.0;353.0;118.0;426.0;0.0;0.0;30.0;35.0;37.0;110.0;0.0;0.0;0.0;0.0;0.0;0.0;0.0;0.0;450.0;5.0;0.0
2024;2024/2;SP;2228;474.0;490.0;501.0;551.0;185.0;27.0;0.0;871.0;235.0;1122.0;0.0;0.0;297.0;86.0;276.0;189.0;12.0;1.0;;3.0;;53.0;11.0;;950.0;;
2024;2024/2;SP;1251;85.0;288.0;325.0;439.0;106.0;6.0;2.0;303.0;170.0;778.0;0.0;0.0;0.0;47.0;0.0;325.0;70.0;17.0;2.0;0.0;1.0;1.0;1.0;0.0;646.0;0.0;0.0
2024;2024/2;SP;969;115.0;195.0;197.0;343.0;108.0;10.0;1.0;380.0;111.0;478.0;0.0;0.0;176.0;134.0;514.0;448.0;99.0;36.0;7.0;3.0;3.0;5.0;91.0;5.0;434.0;41.0;4.0
2024;2024/2;SP;2263;282.0;539.0;534.0;692.0;201.0;14.0;1.0;1010.0;245.0;1008.0;0.0;0.0;83.0;342.0;88.0;490.0;14.0;9.0;6.0;0.0;0.0;2.0;7.0;0.0;957.0;326.0;0.0
2024;2024/2;SP;1934;155.0;467.0;466.0;678.0;155.0;12.0;1.0;694.0;257.0;982.0;1.0;0.0;167.0;34.0;331.0;145.0;59.0;4.0;4.0;15.0;0.0;21.0;16.0;0.0;696.0;220.0;0.0
2024;2024/2;SP;899;127.0;222.0;226.0;277.0;38.0;7.0;2.0;303.0;180.0;416.0;0.0;0.0;;102.0;100.0;144.0;5.0;;;18.0;;12.0;;;459.0;;
2024;2024/2;SP;2703;71.0;199.0;376.0;858.0;846.0;249.0;104.0;1188.0;234.0;1279.0;2.0;0.0;;;;;;;;;;;;;133.0;;
2024;2024/2;SP;1250;74.0;196.0;332.0;485.0;147.0;15.0;1.0;508.0;139.0;601.0;2.0;0.0;2.0;142.0;0.0;544.0;10.0;26.0;11.0;0.0;0.0;1.0;21.0;1.0;276.0;9.0;0.0
2024;2024/2;SP;1199;281.0;421.0;263.0;165.0;64.0;5.0;0.0;349.0;158.0;691.0;1.0;0.0;38.0;63.0;114.0;328.0;3.0;11.0;0.0;0.0;0.0;2.0;2.0;0.0;537.0;41.0;0.0
2024;2024/2;SP;1540;94.0;261.0;337.0;640.0;187.0;20.0;1.0;622.0;115.0;797.0;6.0;0.0;9.0;57.0;76.0;404.0;181.0;32.0;26.0;0.0;0.0;0.0;1.0;1.0;519.0;3.0;0.0
2024;2024/2;SP;1358;95.0;209.0;289.0;558.0;192.0;13.0;2.0;491.0;149.0;717.0;0.0;1.0;247.0;5.0;433.0;29.0;45.0;18.0;4.0;1.0;;8.0;2.0;;269.0;;
2024;2024/2;SP;1375;41.0;120.0;187.0;494.0;413.0;92.0;28.0;467.0;152.0;752.0;0.0;4.0;;21.0;;59.0;7.0;1.0;2.0;;;2.0;1.0;;63.0;;
2024;2024/2;SP;1291;205.0;369.0;297.0;327.0;84.0;9.0;;645.0;87.0;558.0;1.0;;40.0;6.0;277.0;26.0;48.0;5.0;3.0;5.0;;3.0;3.0;;736.0;;
2024;2024/2;SP;980;133.0;179.0;192.0;332.0;129.0;12.0;3.0;448.0;93.0;0.0;439.0;0.0;40.0;40.0;54.0;64.0;27.0;5.0;2.0;0.0;0.0;7.0;4.0;0.0;578.0;14.0;0.0
2024;2024/2;SP;2193;285.0;419.0;403.0;745.0;303.0;33.0;5.0;782.0;271.0;1139.0;1.0;0.0;33.0;122.0;44.0;501.0;63.0;85.0;22.0;0.0;0.0;25.0;11.0;0.0;1070.0;0.0;0.0
2024;2024/2;SP;685;91.0;140.0;121.0;241.0;85.0;6.0;1.0;280.0;284.0;121.0;0.0;0.0;19.0;32.0;54.0;76.0;14.0;2.0;6.0;;;12.0;;;405.0;8.0;
2024;2024/2;SP;382;24.0;62.0;59.0;155.0;71.0;10.0;1.0;140.0;35.0;205.0;2.0;;37.0;;69.0;;13.0;5.0;6.0;;;;9.0;;207.0;4.0;
2024;2024/2;SP;833;227.0;178.0;156.0;220.0;47.0;4.0;1.0;261.0;146.0;426.0;0.0;0.0;100.0;15.0;204.0;60.0;3.0;4.0;1.0;3.0;0.0;1.0;1.0;1.0;352.0;2.0;0.0
2024;2024/2;SP;836;119.0;184.0;162.0;269.0;92.0;9.0;1.0;313.0;95.0;428.0;;;84.0;49.0;62.0;49.0;20.0;17.0;9.0;;;6.0;14.0;;423.0;33.0;
2024;2024/2;SP;2850;95.0;330.0;568.0;1267.0;547.0;38.0;5.0;836.0;526.0;5.0;1483.0;0.0;43.0;682.0;41.0;487.0;43.0;7.0;68.0;0.0;0.0;153.0;38.0;0.0;444.0;230.0;0.0
2024;2024/2;SP;503;12.0;42.0;61.0;214.0;164.0;10.0;0.0;288.0;53.0;0.0;162.0;0.0;0.0;7.0;6.0;101.0;66.0;3.0;35.0;0.0;0.0;1.0;0.0;0.0;97.0;26.0;3.0
2024;2024/2;SP;824;37.0;96.0;114.0;247.0;265.0;51.0;14.0;295.0;95.0;434.0;0.0;0.0;31.0;3.0;43.0;16.0;24.0;3.0;2.0;;;3.0;1.0;;96.0;2.0;1.0
2024;2024/2;SP;1576;353.0;370.0;312.0;412.0;118.0;10.0;1.0;511.0;129.0;936.0;0.0;0.0;166.0;;;245.0;5.0;2.0;2.0;;;4.0;;2.0;1083.0;12.0;
2024;2024/2;SP;1430;147.0;379.0;365.0;415.0;112.0;12.0;0.0;572.0;172.0;686.0;0.0;0.0;0.0;52.0;160.0;300.0;49.0;6.0;23.0;0.0;0.0;0.0;0.0;0.0;900.0;88.0;0.0
2024;2024/2;SP;1257;222.0;326.0;289.0;320.0;88.0;12.0;0.0;361.0;217.0;679.0;0.0;0.0;333.0;;184.0;;9.0;;7.0;;;43.0;;;480.0;;
2024;2024/2;SP;1239;119.0;256.0;309.0;440.0;100.0;12.0;3.0;444.0;119.0;676.0;0.0;0.0;6.0;81.0;;342.0;85.0;;;10.0;;;;;546.0;;
2024;2024/2;SP;1946;85.0;284.0;420.0;848.0;286.0;19.0;4.0;872.0;190.0;884.0;;;120.0;318.0;169.0;1032.0;157.0;38.0;129.0;;;30.0;18.0;;570.0;468.0;120.0
2024;2024/2;SP;1507;407.0;427.0;286.0;284.0;89.0;11.0;3.0;452.0;132.0;923.0;0.0;0.0;24.0;63.0;50.0;223.0;3.0;8.0;0.0;0.0;0.0;2.0;4.0;0.0;1078.0;3.0;7.0
2024;2024/2;SP;1519;349.0;390.0;291.0;389.0;95.0;5.0;0.0;670.0;154.0;694.0;1.0;0.0;79.0;21.0;265.0;29.0;3.0;3.0;;4.0;;8.0;12.0;;1014.0;;
2024;2024/2;SP;1493;84.0;275.0;394.0;584.0;147.0;8.0;1.0;595.0;209.0;689.0;0.0;0.0;27.0;32.0;156.0;483.0;56.0;11.0;30.0;0.0;0.0;3.0;2.0;0.0;424.0;121.0;0.0
2024;2024/2;SP;1551;310.0;425.0;344.0;331.0;133.0;6.0;2.0;593.0;410.0;548.0;;;26.0;106.0;81.0;505.0;44.0;;20.0;;;;;;510.0;75.0;
2024;2024/2;SP;528;3.0;14.0;30.0;227.0;250.0;4.0;0.0;236.0;49.0;242.0;1.0;0.0;12.0;58.0;2.0;330.0;121.0;10.0;78.0;0.0;0.0;11.0;66.0;5.0;243.0;113.0;2.0
2024;2024/2;SP;2122;150.0;305.0;517.0;789.0;340.0;18.0;3.0;787.0;249.0;1085.0;1.0;0.0;107.0;215.0;88.0;390.0;37.0;0.0;0.0;0.0;0.0;21.0;5.0;0.0;;;
2024;2024/2;SP;1409;231.0;354.0;329.0;325.0;146.0;24.0;;671.0;160.0;578.0;;;102.0;;;387.0;29.0;;;;;18.0;;;655.0;;
2024;2024/2;SP;1203;286.0;391.0;245.0;230.0;49.0;2.0;0.0;398.0;140.0;662.0;3.0;0.0;154.0;3.0;359.0;10.0;5.0;4.0;1.0;1.0;;1.0;19.0;;574.0;5.0;
2024;2024/2;SP;1259;81.0;306.0;331.0;430.0;103.0;6.0;2.0;488.0;132.0;1.0;638.0;0.0;93.0;45.0;81.0;43.0;38.0;;;2.0;;2.0;2.0;;897.0;;
2024;2024/2;SP;1155;307.0;339.0;230.0;216.0;53.0;9.0;1.0;320.0;223.0;610.0;2.0;;48.0;4.0;271.0;63.0;14.0;7.0;0.0;1.0;0.0;0.0;6.0;0.0;697.0;3.0;0.0
2024;2024/2;SP;1369;226.0;353.0;305.0;372.0;101.0;9.0;3.0;673.0;116.0;579.0;1.0;;19.0;28.0;20.0;337.0;35.0;5.0;3.0;0.0;0.0;1.0;4.0;0.0;788.0;4.0;0.0
2024;2024/2;SP;1254;144.0;282.0;303.0;421.0;97.0;6.0;1.0;392.0;128.0;734.0;0.0;0.0;0.0;89.0;0.0;446.0;17.0;3.0;0.0;0.0;0.0;13.0;4.0;0.0;516.0;0.0;0.0
2024;2024/2;SP;1130;239.0;291.0;262.0;251.0;77.0;9.0;1.0;393.0;132.0;603.0;2.0;0.0;107.0;62.0;33.0;208.0;15.0;9.0;2.0;0.0;2.0;0.0;9.0;2.0;526.0;29.0;0.0
2024;2024/2;SP;371;24.0;69.0;82.0;133.0;50.0;11.0;2.0;162.0;42.0;167.0;0.0;0.0;19.0;27.0;30.0;33.0;3.0;2.0;;1.0;;1.0;;;178.0;5.0;
2024;2024/2;SP;1381;106.0;248.0;341.0;509.0;166.0;10.0;1.0;507.0;115.0;758.0;1.0;0.0;;;;;;;;;;;;;;;
2024;2024/2;SP;863;94.0;256.0;204.0;253.0;51.0;5.0;;317.0;165.0;381.0;;;48.0;32.0;51.0;117.0;81.0;25.0;16.0;7.0;;16.0;14.0;;336.0;45.0;
2024;2024/2;SP;1307;288.0;290.0;221.0;373.0;118.0;14.0;3.0;442.0;194.0;671.0;0.0;0.0;100.0;87.0;189.0;62.0;10.0;0.0;0.0;0.0;0.0;10.0;6.0;0.0;585.0;105.0;0.0
2024;2024/2;SP;1703;111.0;248.0;406.0;678.0;239.0;18.0;3.0;934.0;152.0;617.0;;;451.0;;635.0;;95.0;;;;38.0;;;;254.0;;
2024;2024/2;SP;2989;650.0;633.0;548.0;763.0;309.0;57.0;29.0;1603.0;319.0;1067.0;0.0;0.0;59.0;198.0;40.0;692.0;251.0;38.0;19.0;0.0;0.0;15.0;112.0;9.0;544.0;98.0;17.0
2024;2024/2;SP;1417;201.0;432.0;329.0;360.0;89.0;6.0;0.0;361.0;115.0;0.0;941.0;0.0;240.0;184.0;694.0;624.0;113.0;33.0;12.0;17.0;0.0;21.0;170.0;0.0;807.0;119.0;0.0
2024;2024/2;SP;1211;220.0;303.0;256.0;351.0;77.0;3.0;1.0;353.0;110.0;748.0;0.0;0.0;401.0;;;;;;;;;;;;621.0;;
2024;2024/2;SP;1570;74.0;294.0;375.0;664.0;155.0;7.0;1.0;638.0;181.0;749.0;2.0;0.0;38.0;113.0;74.0;631.0;138.0;47.0;37.0;1.0;0.0;8.0;166.0;0.0;505.0;173.0;6.0
2024;2024/2;SP;1295;275.0;361.0;247.0;337.0;68.0;7.0;0.0;531.0;152.0;3.0;609.0;;142.0;6.0;171.0;2.0;3.0;0.0;;13.0;0.0;12.0;;;778.0;78.0;0.0
2024;2024/2;SP;2506;55.0;166.0;269.0;864.0;814.0;242.0;96.0;713.0;269.0;1520.0;0.0;4.0;214.0;10.0;31.0;250.0;16.0;2.0;0.0;0.0;0.0;16.0;15.0;0.0;66.0;10.0;0.0
2024;2024/2;SP;1375;227.0;354.0;303.0;410.0;80.0;1.0;0.0;313.0;172.0;890.0;0.0;0.0;121.0;22.0;113.0;95.0;35.0;14.0;11.0;0.0;0.0;3.0;36.0;19.0;598.0;29.0;0.0
2024;2024/2;SP;1051;331.0;306.0;214.0;149.0;49.0;2.0;0.0;319.0;138.0;594.0;0.0;0.0;11.0;84.0;218.0;438.0;18.0;9.0;4.0;0.0;0.0;0.0;17.0;0.0;225.0;0.0;0.0
2024;2024/2;SP;180;20.0;37.0;45.0;66.0;11.0;1.0;;55.0;14.0;111.0;;;;21.0;;35.0;10.0;;;5.0;;;;;79.0;;
2024;2024/2;SP;1590;344.0;432.0;294.0;398.0;107.0;12.0;3.0;517.0;164.0;909.0;0.0;0.0;123.0;7.0;559.0;18.0;6.0;3.0;2.0;;;2.0;6.0;;765.0;5.0;
2024;2024/2;SP;1171;899.0;172.0;83.0;15.0;2.0;0.0;0.0;339.0;127.0;705.0;0.0;0.0;19.0;60.0;65.0;232.0;13.0;13.0;2.0;5.0;0.0;10.0;30.0;0.0;447.0;28.0;37.0
2024;2024/2;SP;1443;125.0;315.0;403.0;410.0;179.0;10.0;1.0;372.0;289.0;780.0;2.0;0.0;79.0;161.0;129.0;205.0;95.0;8.0;9.0;16.0;0.0;32.0;36.0;0.0;466.0;0.0;0.0
2024;2024/2;SP;649;83.0;119.0;163.0;166.0;102.0;14.0;2.0;220.0;58.0;371.0;0.0;0.0;25.0;12.0;107.0;33.0;10.0;5.0;1.0;0.0;0.0;1.0;4.0;0.0;155.0;0.0;0.0
2024;2024/2;SP;1389;189.0;308.0;326.0;431.0;127.0;8.0;0.0;580.0;179.0;630.0;;;;217.0;;383.0;30.0;6.0;4.0;;;12.0;19.0;;521.0;;
2024;2024/2;SP;1244;342.0;339.0;233.0;249.0;74.0;6.0;1.0;344.0;230.0;670.0;0.0;0.0;104.0;30.0;26.0;121.0;4.0;0.0;0.0;0.0;0.0;5.0;10.0;0.0;606.0;67.0;0.0
2024;2024/2;SP;1270;379.0;378.0;244.0;212.0;51.0;6.0;0.0;494.0;151.0;625.0;0.0;0.0;42.0;;265.0;;;4.0;;;;;11.0;;927.0;;
2024;2024/2;SP;2288;224.0;498.0;542.0;815.0;188.0;17.0;4.0;933.0;421.0;934.0;0.0;0.0;42.0;130.0;151.0;527.0;193.0;109.0;12.0;0.0;0.0;2.0;4.0;0.0;871.0;21.0;0.0
2024;2024/2;SP;1277;74.0;234.0;294.0;503.0;160.0;11.0;1.0;238.0;377.0;662.0;;;352.0;53.0;97.0;545.0;87.0;24.0;16.0;;;28.0;115.0;2.0;452.0;44.0;
2024;2024/2;SP;1285;254.0;277.0;240.0;346.0;150.0;14.0;4.0;452.0;115.0;717.0;1.0;0.0;124.0;4.0;161.0;6.0;8.0;0.0;2.0;0.0;0.0;9.0;12.0;3.0;468.0;270.0;0.0
2024;2024/2;SP;1454;91.0;286.0;294.0;541.0;200.0;33.0;9.0;666.0;152.0;632.0;4.0;0.0;54.0;105.0;43.0;247.0;16.0;9.0;12.0;6.0;5.0;9.0;6.0;0.0;373.0;209.0;0.0
2024;2024/2;SP;1514;127.0;305.0;336.0;542.0;184.0;15.0;5.0;888.0;99.0;527.0;0.0;0.0;30.0;84.0;34.0;273.0;90.0;15.0;9.0;0.0;0.0;3.0;3.0;0.0;710.0;5.0;92.0
2024;2024/2;SP;1272;293.0;248.0;295.0;327.0;98.0;11.0;0.0;421.0;174.0;677.0;0.0;0.0;154.0;;190.0;;;;2.0;;;11.0;6.0;;653.0;;
2024;2024/2;SP;1250;117.0;293.0;306.0;416.0;112.0;6.0;0.0;397.0;195.0;658.0;0.0;0.0;173.0;;292.0;;72.0;28.0;4.0;;;11.0;;;557.0;5.0;
2024;2024/2;SP;1376;33.0;178.0;293.0;626.0;228.0;15.0;3.0;609.0;187.0;578.0;2.0;0.0;504.0;361.0;888.0;653.0;165.0;37.0;16.0;17.0;0.0;37.0;107.0;1.0;428.0;24.0;0.0
2024;2024/2;SP;1021;64.0;155.0;228.0;428.0;139.0;5.0;2.0;303.0;87.0;631.0;;;27.0;98.0;195.0;131.0;98.0;5.0;22.0;1.0;;1.0;4.0;;306.0;5.0;11.0
2024;2024/2;SP;1571;624.0;378.0;349.0;117.0;98.0;4.0;1.0;688.0;465.0;418.0;0.0;0.0;89.0;103.0;133.0;441.0;33.0;10.0;15.0;0.0;0.0;15.0;17.0;6.0;491.0;48.0;
2024;2024/2;SP;1412;291.0;388.0;287.0;359.0;79.0;8.0;0.0;335.0;244.0;832.0;1.0;0.0;;228.0;;561.0;13.0;8.0;6.0;3.0;;30.0;3.0;;;;529.0
2024;2024/2;SP;1421;187.0;378.0;294.0;425.0;122.0;11.0;4.0;456.0;216.0;748.0;1.0;;40.0;108.0;71.0;300.0;15.0;10.0;30.0;;;8.0;;;680.0;9.0;
2024;2024/2;TO;281;27.0;64.0;54.0;67.0;53.0;11.0;5.0;49.0;54.0;172.0;4.0;2.0;;;;;;;;;;;;;;;
2024;2024/2;TO;126;14.0;29.0;21.0;36.0;19.0;7.0;0.0;22.0;45.0;50.0;9.0;0.0;;;;;;;;;;;;;;;
2024;2024/2;TO;810;92.0;153.0;112.0;163.0;95.0;21.0;10.0;;;;;;;;;;;;;;;;;;;;
2024;2024/2;TO;22;1.0;4.0;1.0;4.0;7.0;4.0;1.0;4.0;7.0;11.0;0.0;0.0;16.0;6.0;8.0;0.0;0.0;0.0;0.0;0.0;0.0;1.0;2.0;0.0;13.0;0.0;0.0
2024;2024/2;TO;517;88.0;149.0;88.0;117.0;60.0;9.0;6.0;78.0;103.0;326.0;6.0;4.0;70.0;107.0;78.0;270.0;82.0;6.0;1.0;2.0;0.0;4.0;108.0;3.0;187.0;70.0;12.0
2024;2024/2;TO;186;33.0;32.0;6.0;37.0;28.0;7.0;1.0;43.0;32.0;111.0;0.0;0.0;;;;;;;;;;;;;;;
2024;2024/2;TO;181;40.0;30.0;12.0;15.0;25.0;10.0;2.0;18.0;26.0;80.0;0.0;0.0;24.0;14.0;15.0;0.0;0.0;0.0;0.0;0.0;0.0;0.0;0.0;0.0;31.0;19.0;0.0
2024;2024/2;TO;108;20.0;40.0;20.0;13.0;8.0;4.0;3.0;7.0;11.0;89.0;1.0;0.0;23.0;9.0;8.0;0.0;1.0;0.0;0.0;0.0;0.0;0.0;0.0;6.0;10.0;0.0;0.0
2024;2024/2;TO;55;8.0;17.0;5.0;20.0;5.0;0.0;0.0;11.0;13.0;31.0;0.0;0.0;0.0;4.0;0.0;0.0;1.0;0.0;0.0;0.0;0.0;0.0;0.0;0.0;0.0;0.0;0.0
2024;2024/2;TO;50;;;;;;;;;;;;;;;;;;;;;;;;;;;
2024;2024/2;TO;185;38.0;37.0;24.0;59.0;22.0;3.0;2.0;29.0;40.0;116.0;0.0;0.0;8.0;25.0;12.0;25.0;0.0;0.0;0.0;0.0;0.0;3.0;5.0;0.0;30.0;0.0;0.0
2024;2024/2;TO;125;42.0;34.0;21.0;23.0;2.0;2.0;1.0;17.0;27.0;79.0;0.0;2.0;14.0;2.0;19.0;6.0;2.0;0.0;0.0;0.0;0.0;0.0;0.0;0.0;12.0;11.0;0.0
2024;2024/2;TO;47;2.0;7.0;12.0;16.0;8.0;1.0;1.0;8.0;17.0;22.0;0.0;0.0;0.0;1.0;1.0;1.0;0.0;0.0;0.0;0.0;0.0;0.0;1.0;0.0;8.0;0.0;0.0
2024;2024/2;TO;42;6.0;4.0;6.0;12.0;11.0;2.0;1.0;10.0;14.0;18.0;0.0;0.0;1.0;1.0;0.0;0.0;1.0;0.0;0.0;0.0;0.0;0.0;0.0;0.0;5.0;3.0;0.0
2024;2024/2;TO;109;9.0;16.0;18.0;40.0;22.0;3.0;1.0;10.0;23.0;76.0;0.0;0.0;1.0;0.0;7.0;10.0;4.0;1.0;0.0;0.0;0.0;0.0;4.0;0.0;7.0;2.0;0.0
2024;2024/2;TO;51;12.0;12.0;9.0;9.0;5.0;4.0;0.0;10.0;20.0;21.0;0.0;0.0;6.0;5.0;0.0;0.0;0.0;0.0;0.0;0.0;0.0;0.0;1.0;0.0;13.0;0.0;0.0
2024;2024/2;TO;99;37.0;21.0;20.0;11.0;7.0;2.0;1.0;5.0;9.0;84.0;1.0;0.0;;;;;;;;;;;;;;;
2024;2024/2;TO;43;6.0;12.0;15.0;7.0;3.0;0.0;0.0;13.0;9.0;21.0;0.0;0.0;3.0;0.0;4.0;0.0;0.0;0.0;0.0;0.0;0.0;0.0;0.0;0.0;19.0;10.0;0.0
2024;2024/2;TO;26;5.0;8.0;5.0;7.0;1.0;0.0;0.0;11.0;4.0;11.0;0.0;0.0;2.0;0.0;2.0;0.0;0.0;1.0;0.0;0.0;0.0;1.0;1.0;0.0;14.0;8.0;0.0
2024;2024/2;TO;52;6.0;7.0;17.0;16.0;6.0;0.0;0.0;5.0;16.0;31.0;0.0;0.0;4.0;3.0;1.0;2.0;0.0;0.0;0.0;0.0;0.0;0.0;1.0;0.0;30.0;4.0;0.0
2024;2024/2;TO;33;;;;;;;;3.0;4.0;26.0;0.0;0.0;0.0;0.0;0.0;0.0;0.0;0.0;0.0;0.0;0.0;1.0;0.0;0.0;26.0;0.0;0.0
2024;2024/2;TO;75;16.0;14.0;12.0;21.0;9.0;3.0;0.0;3.0;12.0;45.0;0.0;0.0;0.0;0.0;0.0;0.0;0.0;0.0;0.0;0.0;0.0;0.0;0.0;0.0;0.0;0.0;0.0
2024;2024/2;TO;107;28.0;19.0;18.0;25.0;12.0;4.0;1.0;9.0;41.0;55.0;2.0;0.0;7.0;0.0;7.0;0.0;0.0;0.0;0.0;0.0;0.0;0.0;0.0;0.0;44.0;7.0;0.0
2024;2024/2;TO;71;4.0;12.0;17.0;25.0;12.0;0.0;1.0;3.0;24.0;44.0;0.0;0.0;3.0;6.0;3.0;4.0;2.0;0.0;1.0;0.0;0.0;0.0;2.0;0.0;15.0;0.0;0.0
2024;2024/2;TO;173;;;;;;;;0.0;0.0;0.0;0.0;3.0;;;;;;;;;;;;;;;
2024;2024/2;TO;798;143.0;180.0;163.0;196.0;93.0;17.0;5.0;140.0;147.0;450.0;0.0;1.0;;;;;;;;;;;;;;;
2024;2024/2;TO;255;;;;;;;;;;;;;;;;;;;;;;;;;;;
2024;2024/2;TO;478;63.0;128.0;101.0;135.0;45.0;6.0;0.0;75.0;105.0;286.0;9.0;3.0;79.0;106.0;44.0;89.0;0.0;7.0;2.0;0.0;0.0;0.0;50.0;1.0;142.0;0.0;2.0
2024;2024/1;AC;194.0;51.0;62.0;37.0;27.0;6.0;3.0;4.0;12.0;14.0;155.0;0.0;2.0;;;;;;;;;;;;;;;
2024;2024/1;AC;163.0;25.0;43.0;35.0;39.0;17.0;3.0;1.0;7.0;10.0;137.0;7.0;2.0;;;;;;;;;;;;;;;
2024;2024/1;AC;265.0;47.0;69.0;61.0;57.0;24.0;3.0;4.0;45.0;34.0;177.0;3.0;6.0;;;;;;;;;;;;;;;
2024;2024/1;AC;205.0;59.0;65.0;40.0;26.0;11.0;1.0;2.0;32.0;24.0;143.0;0.0;6.0;;;;;;;;;;;;;;;
2024;2024/1;AC;122.0;36.0;23.0;25.0;0.0;0.0;0.0;0.0;;;;;;;;;;;;;;;;;;;;
2024;2024/1;AC;1503.0;276.0;348.0;260.0;393.0;173.0;27.0;26.0;100.0;68.0;1322.0;0.0;13.0;71.0;62.0;260.0;327.0;20.0;2.0;0.0;0.0;0.0;7.0;52.0;2.0;541.0;48.0;13.0
2024;2024/1;AC;1720.0;447.0;467.0;334.0;364.0;90.0;15.0;3.0;77.0;94.0;1535.0;4.0;10.0;126.0;;354.0;;;;;;;3.0;;;;;
2024;2024/1;AC;182.0;40.0;59.0;36.0;35.0;10.0;0.0;0.0;16.0;13.0;148.0;0.0;0.0;0.0;0.0;2.0;13.0;6.0;1.0;0.0;0.0;0.0;0.0;2.0;0.0;78.0;;2.0
2024;2024/1;AC;1273.0;234.0;345.0;286.0;322.0;78.0;5.0;3.0;55.0;54.0;1152.0;4.0;8.0;127.0;;260.0;114.0;13.0;6.0;5.0;;;5.0;;1.0;399.0;67.0;
2024;2024/1;AC;83.0;0.0;11.0;14.0;16.0;6.0;0.0;0.0;11.0;7.0;65.0;0.0;0.0;;;;;;;;;;;;;;;
2024;2024/1;AC;37.0;8.0;6.0;4.0;14.0;4.0;1.0;0.0;2.0;3.0;31.0;0.0;1.0;;;3.0;6.0;;;;;;;;;3.0;;
2024;2024/1;AC;486.0;89.0;144.0;105.0;98.0;46.0;3.0;1.0;93.0;123.0;262.0;6.0;2.0;45.0;35.0;76.0;20.0;13.0;4.0;6.0;0.0;0.0;5.0;25.0;0.0;101.0;38.0;2.0
2024;2024/1;AC;461.0;298.0;87.0;39.0;28.0;8.0;1.0;0.0;33.0;40.0;342.0;35.0;11.0;;;;;;;;;;;;;;;
2024;2024/1;AC;811.0;188.0;225.0;147.0;174.0;59.0;10.0;8.0;56.0;70.0;667.0;10.0;6.0;;;;;;;;;;;;;;;
2024;2024/1;AC;496.0;130.0;172.0;99.0;69.0;19.0;6.0;1.0;49.0;41.0;395.0;4.0;7.0;33.0;2.0;99.0;6.0;2.0;0.0;0.0;0.0;0.0;1.0;1.0;0.0;162.0;0.0;0.0
2024;2024/1;AC;10.0;1.0;4.0;1.0;3.0;1.0;0.0;0.0;1.0;0.0;9.0;0.0;0.0;;;;;;;;;;;;;;;
2024;2024/1;AC;14.0;5.0;6.0;1.0;1.0;1.0;0.0;0.0;1.0;0.0;12.0;1.0;0.0;;;;;;;;;;;;;;;
2024;2024/1;AL;16.0;4.0;3.0;1.0;7.0;1.0;0.0;0.0;4.0;1.0;11.0;0.0;0.0;1.0;0.0;0.0;0.0;0.0;0.0;0.0;0.0;0.0;0.0;0.0;0.0;2.0;0.0;2.0
2024;2024/1;AL;3930.0;82.0;379.0;531.0;78.0;579.0;112.0;50.0;319.0;230.0;2025.0;0.0;0.0;0.0;0.0;0.0;1063.0;11.0;15.0;12.0;2.0;0.0;44.0;0.0;0.0;994.0;847.0;0.0
2024;2024/1;AL;660.0;50.0;110.0;134.0;227.0;118.0;14.0;7.0;51.0;34.0;574.0;1.0;0.0;7.0;0.0;82.0;2.0;4.0;0.0;0.0;0.0;0.0;9.0;0.0;0.0;103.0;6.0;0.0
2024;2024/1;AL;68.0;8.0;7.0;6.0;31.0;14.0;2.0;0.0;10.0;12.0;45.0;0.0;1.0;0.0;1.0;2.0;2.0;2.0;1.0;0.0;0.0;0.0;0.0;1.0;0.0;0.0;0.0;0.0
2024;2024/1;AL;3781.0;330.0;1108.0;794.0;1100.0;329.0;74.0;22.0;764.0;557.0;2119.0;0.0;1.0;46.0;67.0;187.0;1327.0;63.0;3.0;3.0;2.0;0.0;12.0;19.0;14.0;1049.0;160.0;8.0
2024;2024/1;AL;568.0;87.0;108.0;75.0;151.0;112.0;32.0;3.0;213.0;100.0;253.0;0.0;2.0;4.0;4.0;10.0;18.0;7.0;2.0;0.0;1.0;0.0;0.0;2.0;0.0;32.0;5.0;1.0
2024;2024/1;AL;149.0;23.0;38.0;33.0;38.0;16.0;1.0;0.0;22.0;16.0;111.0;0.0;0.0;2.0;10.0;0.0;16.0;9.0;1.0;0.0;0.0;0.0;1.0;0.0;0.0;56.0;22.0;0.0
2024;2024/1;AL;122.0;4.0;7.0;23.0;45.0;37.0;5.0;1.0;40.0;20.0;61.0;0.0;1.0;0.0;0.0;1.0;9.0;7.0;0.0;0.0;0.0;0.0;1.0;0.0;0.0;4.0;1.0;0.0
2024;2024/1;AL;984.0;186.0;323.0;239.0;193.0;43.0;0.0;0.0;266.0;171.0;516.0;0.0;2.0;26.0;83.0;150.0;295.0;42.0;1.0;3.0;1.0;0.0;2.0;0.0;24.0;469.0;141.0;0.0
2024;2024/1;AL;1262.0;88.0;277.0;255.0;379.0;186.0;57.0;20.0;314.0;230.0;708.0;0.0;7.0;23.0;32.0;91.0;274.0;53.0;1.0;5.0;0.0;0.0;3.0;44.0;0.0;314.0;79.0;0.0
2024;2024/1;AL;92.0;26.0;21.0;11.0;26.0;7.0;1.0;0.0;20.0;23.0;49.0;0.0;0.0;3.0;3.0;3.0;11.0;1.0;0.0;0.0;0.0;0.0;0.0;2.0;0.0;33.0;6.0;3.0
2024;2024/1;AL;966.0;322.0;242.0;173.0;164.0;63.0;2.0;0.0;345.0;136.0;485.0;0.0;0.0;9.0;22.0;54.0;135.0;30.0;0.0;3.0;0.0;0.0;6.0;25.0;5.0;271.0;58.0;13.0
2024;2024/1;AL;967.0;216.0;294.0;191.0;199.0;57.0;7.0;3.0;296.0;163.0;503.0;0.0;5.0;9.0;15.0;40.0;168.0;37.0;1.0;5.0;0.0;0.0;4.0;27.0;0.0;275.0;69.0;0.0
2024;2024/1;AM;2765.0;642.0;987.0;443.0;338.0;321.0;28.0;6.0;426.0;369.0;1966.0;1.0;3.0;375.0;462.0;122.0;1138.0;6.0;9.0;1.0;1.0;0.0;10.0;17.0;0.0;247.0;0.0;49.0
2024;2024/1;AM;34.0;2.0;12.0;6.0;6.0;6.0;2.0;0.0;3.0;1.0;29.0;0.0;1.0;4.0;;5.0;;;1.0;;;;2.0;2.0;;6.0;1.0;
2024;2024/1;AM;17.0;4.0;4.0;3.0;4.0;2.0;0.0;0.0;2.0;1.0;14.0;0.0;0.0;0.0;0.0;1.0;1.0;0.0;0.0;0.0;0.0;0.0;0.0;0.0;0.0;3.0;0.0;0.0
2024;2024/1;AM;1114.0;226.0;271.0;224.0;264.0;107.0;17.0;5.0;110.0;74.0;916.0;1.0;13.0;46.0;12.0;33.0;136.0;166.0;5.0;9.0;0.0;0.0;12.0;3.0;12.0;231.0;48.0;139.0
2024;2024/1;AM;813.0;193.0;224.0;161.0;155.0;65.0;14.0;1.0;75.0;44.0;684.0;0.0;10.0;21.0;9.0;82.0;105.0;18.0;2.0;2.0;0.0;0.0;1.0;22.0;0.0;235.0;140.0;5.0
2024;2024/1;AM;4.0;0.0;2.0;2.0;0.0;0.0;0.0;0.0;0.0;0.0;4.0;0.0;0.0;1.0;0.0;1.0;0.0;0.0;0.0;0.0;0.0;0.0;0.0;0.0;0.0;2.0;0.0;0.0
2024;2024/1;AM;141.0;24.0;31.0;28.0;37.0;19.0;2.0;0.0;2.0;7.0;131.0;0.0;1.0;6.0;3.0;9.0;18.0;7.0;1.0;0.0;0.0;0.0;0.0;0.0;0.0;57.0;14.0;18.0
2024;2024/1;AM;1.0;0.0;1.0;0.0;0.0;0.0;0.0;0.0;0.0;0.0;1.0;0.0;0.0;;;;;;;;;;;;;;;
2024;2024/1;AM;225.0;29.0;57.0;40.0;61.0;24.0;9.0;5.0;31.0;10.0;184.0;0.0;0.0;5.0;;17.0;19.0;4.0;3.0;2.0;;;2.0;1.0;;126.0;20.0;1.0
2024;2024/1;AM;947.0;160.0;310.0;141.0;284.0;32.0;16.0;4.0;154.0;34.0;756.0;3.0;0.0;70.0;91.0;150.0;70.0;0.0;0.0;0.0;0.0;0.0;12.0;19.0;0.0;150.0;99.0;40.0
2024;2024/1;AM;1230.0;87.0;282.0;327.0;346.0;154.0;27.0;7.0;170.0;125.0;928.0;5.0;2.0;47.0;61.0;59.0;426.0;20.0;9.0;0.0;0.0;0.0;6.0;5.0;0.0;1102.0;;
2024;2024/1;AM;1.0;0.0;1.0;0.0;0.0;0.0;0.0;0.0;0.0;0.0;1.0;0.0;0.0;0.0;0.0;1.0;0.0;0.0;0.0;0.0;0.0;0.0;0.0;0.0;0.0;;;
2024;2024/1;AM;700.0;98.0;232.0;197.0;143.0;30.0;0.0;0.0;56.0;66.0;575.0;0.0;3.0;8.0;36.0;76.0;96.0;10.0;3.0;2.0;0.0;0.0;0.0;0.0;7.0;160.0;82.0;17.0
2024;2024/1;AM;19.0;0.0;10.0;2.0;5.0;1.0;1.0;0.0;0.0;0.0;19.0;0.0;0.0;0.0;0.0;2.0;1.0;0.0;1.0;0.0;0.0;0.0;0.0;0.0;0.0;0.0;0.0;0.0
2024;2024/1;AM;1.0;0.0;1.0;0.0;0.0;0.0;0.0;0.0;0.0;0.0;1.0;0.0;0.0;;;1.0;;;;;;;;;;;;
2024;2024/1;AM;646.0;69.0;185.0;179.0;171.0;36.0;5.0;1.0;117.0;50.0;472.0;4.0;3.0;19.0;2.0;200.0;130.0;5.0;1.0;2.0;0.0;0.0;1.0;11.0;0.0;33.0;3.0;1.0
2024;2024/1;AM;1.0;0.0;1.0;0.0;0.0;0.0;0.0;0.0;0.0;0.0;1.0;0.0;0.0;0.0;0.0;0.0;0.0;0.0;0.0;0.0;0.0;0.0;0.0;0.0;0.0;1.0;0.0;0.0
2024;2024/1;AM;1020.0;227.0;231.0;168.0;234.0;126.0;27.0;7.0;67.0;54.0;863.0;14.0;22.0;11.0;11.0;57.0;142.0;18.0;4.0;12.0;0.0;0.0;3.0;16.0;2.0;200.0;74.0;3.0
2024;2024/1;AM;141.0;52.0;23.0;25.0;20.0;13.0;8.0;0.0;22.0;24.0;91.0;0.0;4.0;5.0;2.0;12.0;14.0;11.0;14.0;0.0;0.0;0.0;2.0;2.0;0.0;46.0;0.0;0.0
2024;2024/1;AM;116.0;26.0;30.0;16.0;28.0;12.0;4.0;0.0;29.0;35.0;47.0;0.0;5.0;5.0;4.0;9.0;22.0;2.0;0.0;0.0;0.0;0.0;1.0;0.0;0.0;;;
2024;2024/1;AM;47.0;6.0;8.0;14.0;18.0;1.0;0.0;0.0;2.0;8.0;37.0;0.0;0.0;2.0;3.0;5.0;6.0;0.0;0.0;0.0;0.0;0.0;2.0;0.0;0.0;12.0;0.0;0.0
2024;2024/1;AM;130.0;22.0;41.0;27.0;40.0;0.0;0.0;0.0;23.0;38.0;69.0;0.0;0.0;24.0;7.0;10.0;5.0;3.0;0.0;0.0;0.0;0.0;4.0;0.0;0.0;26.0;0.0;0.0
2024;2024/1;AM;95.0;22.0;28.0;23.0;15.0;3.0;3.0;1.0;0.0;0.0;95.0;0.0;0.0;3.0;0.0;0.0;16.0;0.0;0.0;1.0;0.0;0.0;0.0;1.0;0.0;24.0;3.0;
2024;2024/1;AM;120.0;6.0;30.0;22.0;44.0;14.0;4.0;0.0;0.0;0.0;120.0;0.0;0.0;6.0;0.0;17.0;10.0;0.0;0.0;0.0;0.0;0.0;0.0;0.0;0.0;55.0;8.0;0.0
2024;2024/1;AM;45.0;0.0;13.0;19.0;5.0;0.0;8.0;0.0;2.0;0.0;43.0;0.0;0.0;2.0;1.0;2.0;1.0;0.0;0.0;0.0;0.0;0.0;0.0;0.0;0.0;41.0;0.0;0.0
2024;2024/1;AM;138.0;0.0;25.0;44.0;68.0;1.0;0.0;0.0;22.0;0.0;114.0;0.0;2.0;23.0;3.0;7.0;1.0;0.0;0.0;0.0;0.0;0.0;0.0;0.0;0.0;76.0;0.0;0.0
2024;2024/1;AM;62.0;3.0;14.0;16.0;23.0;6.0;0.0;0.0;0.0;0.0;61.0;0.0;1.0;1.0;0.0;2.0;6.0;5.0;0.0;0.0;0.0;0.0;2.0;0.0;0.0;5.0;0.0;0.0
2024;2024/1;AM;99.0;21.0;26.0;29.0;17.0;6.0;0.0;0.0;0.0;0.0;98.0;0.0;1.0;5.0;0.0;3.0;6.0;5.0;0.0;0.0;0.0;0.0;0.0;0.0;0.0;37.0;0.0;0.0
2024;2024/1;AM;88.0;21.0;15.0;15.0;23.0;10.0;3.0;1.0;9.0;2.0;55.0;0.0;22.0;2.0;0.0;0.0;10.0;0.0;0.0;0.0;0.0;0.0;0.0;0.0;0.0;24.0;0.0;0.0
2024;2024/1;AM;73.0;8.0;8.0;11.0;19.0;23.0;3.0;1.0;9.0;3.0;49.0;0.0;12.0;0.0;0.0;0.0;13.0;0.0;0.0;0.0;0.0;0.0;0.0;0.0;0.0;39.0;0.0;0.0
2024;2024/1;AM;104.0;30.0;26.0;19.0;19.0;7.0;3.0;0.0;4.0;4.0;90.0;0.0;6.0;3.0;11.0;8.0;14.0;4.0;0.0;0.0;0.0;0.0;1.0;0.0;0.0;22.0;9.0;0.0
2024;2024/1;AM;99.0;15.0;18.0;19.0;29.0;14.0;2.0;2.0;3.0;0.0;96.0;0.0;0.0;3.0;1.0;3.0;33.0;2.0;0.0;0.0;0.0;0.0;1.0;1.0;0.0;32.0;7.0;1.0
2024;2024/1;AM;2.0;0.0;0.0;0.0;1.0;0.0;0.0;1.0;0.0;0.0;2.0;0.0;0.0;;;;;;;;;;;;;1.0;;
2024;2024/1;AM;86.0;12.0;15.0;33.0;18.0;5.0;3.0;0.0;10.0;9.0;65.0;2.0;0.0;;19.0;8.0;;;;;;;;;;35.0;26.0;
2024;2024/1;AM;50.0;2.0;14.0;8.0;22.0;4.0;0.0;0.0;10.0;36.0;4.0;0.0;0.0;4.0;4.0;3.0;5.0;1.0;;2.0;;;3.0;;;21.0;22.0;
2024;2024/1;AP;16.0;1.0;2.0;5.0;5.0;3.0;0.0;0.0;1.0;3.0;11.0;0.0;0.0;0.0;0.0;0.0;8.0;3.0;0.0;0.0;0.0;0.0;0.0;0.0;0.0;1.0;0.0;0.0
2024;2024/1;AP;659.0;242.0;201.0;102.0;94.0;17.0;3.0;0.0;60.0;115.0;468.0;1.0;0.0;43.0;86.0;75.0;237.0;13.0;3.0;0.0;2.0;0.0;4.0;21.0;2.0;349.0;28.0;0.0
2024;2024/1;AP;596.0;;;;;;;;;;;;;;;;;;;;;;;;;;;
2024;2024/1;AP;16.0;0.0;0.0;0.0;7.0;7.0;2.0;0.0;2.0;1.0;13.0;0.0;0.0;0.0;0.0;0.0;0.0;0.0;0.0;0.0;0.0;0.0;0.0;0.0;0.0;1.0;0.0;0.0
2024;2024/1;AP;14.0;6.0;1.0;3.0;2.0;2.0;0.0;0.0;0.0;1.0;4.0;0.0;0.0;0.0;0.0;0.0;1.0;0.0;0.0;0.0;0.0;0.0;0.0;0.0;0.0;13.0;3.0;0.0
2024;2024/1;AP;15.0;1.0;3.0;2.0;4.0;5.0;0.0;0.0;3.0;3.0;5.0;0.0;0.0;4.0;2.0;2.0;2.0;0.0;0.0;0.0;0.0;0.0;0.0;0.0;0.0;;;
2024;2024/1;AP;546.0;59.0;143.0;115.0;176.0;47.0;6.0;0.0;54.0;111.0;361.0;1.0;0.0;72.0;100.0;58.0;238.0;12.0;2.0;1.0;1.0;0.0;7.0;16.0;4.0;196.0;15.0;0.0
2024;2024/1;AP;103.0;23.0;24.0;17.0;29.0;10.0;0.0;0.0;9.0;16.0;76.0;0.0;0.0;5.0;8.0;3.0;17.0;2.0;1.0;0.0;0.0;0.0;3.0;4.0;0.0;80.0;4.0;0.0
2024;2024/1;AP;1443.0;224.0;476.0;294.0;345.0;98.0;6.0;0.0;140.0;281.0;978.0;4.0;0.0;153.0;255.0;144.0;943.0;86.0;8.0;0.0;4.0;0.0;26.0;45.0;10.0;763.0;39.0;0.0
2024;2024/1;AP;55.0;3.0;11.0;12.0;26.0;3.0;0.0;0.0;7.0;8.0;38.0;0.0;0.0;2.0;9.0;1.0;32.0;6.0;2.0;0.0;0.0;0.0;2.0;3.0;1.0;45.0;2.0;0.0
2024;2024/1;AP;2319.0;;;;;;;;;;;;;;;;;;;;;;;;;;;
2024;2024/1;BA;1003.0;254.0;247.0;175.0;200.0;111.0;13.0;3.0;44.0;197.0;762.0;0.0;0.0;18.0;16.0;30.0;271.0;10.0;7.0;8.0;0.0;0.0;5.0;8.0;20.0;430.0;8.0;22.0
2024;2024/1;BA;94.0;8.0;23.0;25.0;27.0;6.0;5.0;0.0;8.0;31.0;30.0;15.0;0.0;0.0;0.0;0.0;5.0;7.0;4.0;0.0;0.0;0.0;4.0;0.0;2.0;0.0;0.0;1.0
2024;2024/1;BA;2153.0;292.0;432.0;390.0;586.0;364.0;66.0;23.0;161.0;426.0;1559.0;5.0;2.0;62.0;0.0;0.0;0.0;2.0;7.0;1.0;0.0;0.0;20.0;60.0;0.0;918.0;0.0;0.0
2024;2024/1;BA;56.0;22.0;11.0;5.0;5.0;11.0;2.0;0.0;3.0;23.0;30.0;0.0;0.0;;;;;;;;;;;;;;;
2024;2024/1;BA;101.0;15.0;23.0;19.0;25.0;15.0;4.0;0.0;10.0;22.0;68.0;1.0;0.0;2.0;2.0;2.0;55.0;6.0;0.0;0.0;0.0;0.0;0.0;0.0;0.0;0.0;0.0;0.0
2024;2024/1;BA;193.0;23.0;46.0;5.0;48.0;14.0;1.0;0.0;3.0;60.0;127.0;0.0;1.0;18.0;16.0;73.0;0.0;4.0;0.0;0.0;0.0;0.0;0.0;8.0;0.0;78.0;0.0;1.0
2024;2024/1;BA;191.0;28.0;65.0;68.0;15.0;13.0;1.0;1.0;37.0;56.0;98.0;0.0;0.0;0.0;6.0;26.0;16.0;0.0;0.0;0.0;0.0;0.0;0.0;2.0;0.0;64.0;32.0;0.0
2024;2024/1;BA;79.0;13.0;16.0;22.0;16.0;11.0;1.0;0.0;3.0;20.0;56.0;0.0;0.0;0.0;3.0;3.0;13.0;11.0;1.0;0.0;0.0;0.0;2.0;0.0;0.0;25.0;0.0;0.0
2024;2024/1;BA;488.0;58.0;165.0;106.0;130.0;26.0;1.0;1.0;24.0;149.0;315.0;0.0;0.0;15.0;14.0;192.0;330.0;6.0;4.0;4.0;0.0;0.0;0.0;52.0;0.0;435.0;0.0;0.0
2024;2024/1;BA;395.0;61.0;78.0;57.0;128.0;61.0;8.0;2.0;107.0;133.0;155.0;0.0;0.0;;;;;;;;;;;;;;;
2024;2024/1;BA;551.0;165.0;110.0;180.0;25.0;25.0;25.0;2.0;117.0;75.0;300.0;0.0;0.0;59.0;28.0;40.0;30.0;55.0;7.0;11.0;0.0;0.0;7.0;10.0;0.0;90.0;40.0;0.0
2024;2024/1;BA;587.0;156.0;156.0;107.0;114.0;46.0;8.0;0.0;104.0;150.0;329.0;1.0;3.0;21.0;20.0;156.0;3.0;8.0;5.0;2.0;0.0;0.0;6.0;11.0;1.0;304.0;61.0;0.0
2024;2024/1;BA;1891.0;387.0;509.0;368.0;413.0;183.0;24.0;7.0;119.0;554.0;1205.0;4.0;2.0;45.0;2.0;120.0;264.0;75.0;9.0;9.0;0.0;0.0;30.0;22.0;0.0;457.0;0.0;0.0
2024;2024/1;BA;594.0;115.0;115.0;111.0;160.0;75.0;9.0;9.0;64.0;118.0;409.0;1.0;1.0;13.0;13.0;40.0;81.0;48.0;4.0;11.0;0.0;0.0;3.0;8.0;1.0;128.0;22.0;1.0
2024;2024/1;BA;877.0;166.0;196.0;198.0;197.0;95.0;19.0;6.0;195.0;247.0;434.0;0.0;1.0;;;;;;;;;;;;;;;
2024;2024/1;BA;472.0;83.0;111.0;77.0;130.0;52.0;14.0;5.0;35.0;99.0;331.0;7.0;0.0;3.0;2.0;16.0;37.0;21.0;4.0;1.0;0.0;0.0;2.0;3.0;3.0;94.0;27.0;0.0
2024;2024/1;BA;1065.0;214.0;236.0;173.0;270.0;147.0;21.0;4.0;38.0;131.0;896.0;0.0;0.0;39.0;31.0;34.0;125.0;29.0;0.0;2.0;0.0;1.0;2.0;7.0;2.0;253.0;13.0;4.0
2024;2024/1;BA;373.0;62.0;111.0;80.0;84.0;33.0;3.0;0.0;16.0;103.0;252.0;1.0;1.0;3.0;2.0;61.0;143.0;24.0;0.0;1.0;0.0;0.0;0.0;4.0;0.0;255.0;45.0;0.0
2024;2024/1;BA;536.0;64.0;114.0;88.0;153.0;97.0;13.0;7.0;81.0;81.0;369.0;0.0;5.0;20.0;26.0;40.0;147.0;22.0;7.0;3.0;1.0;0.0;2.0;29.0;0.0;262.0;40.0;0.0
2024;2024/1;BA;180.0;27.0;50.0;29.0;62.0;12.0;0.0;0.0;19.0;24.0;137.0;0.0;0.0;2.0;5.0;0.0;11.0;6.0;1.0;0.0;0.0;0.0;0.0;2.0;0.0;54.0;15.0;0.0
2024;2024/1;BA;596.0;161.0;123.0;100.0;137.0;64.0;10.0;1.0;62.0;178.0;353.0;0.0;3.0;10.0;3.0;18.0;58.0;22.0;1.0;2.0;;;1.0;4.0;0.0;163.0;9.0;0.0
2024;2024/1;BA;406.0;101.0;95.0;93.0;88.0;23.0;6.0;0.0;36.0;102.0;267.0;0.0;0.0;5.0;0.0;9.0;10.0;7.0;8.0;0.0;0.0;0.0;4.0;5.0;2.0;32.0;19.0;0.0
2024;2024/1;BA;658.0;127.0;129.0;105.0;181.0;96.0;18.0;2.0;32.0;56.0;384.0;0.0;0.0;;;;;;;;;;;;;;;
2024;2024/1;BA;140.0;12.0;19.0;26.0;58.0;24.0;1.0;0.0;6.0;15.0;119.0;0.0;0.0;2.0;0.0;6.0;4.0;6.0;0.0;0.0;0.0;0.0;0.0;0.0;0.0;0.0;0.0;0.0
2024;2024/1;BA;1398.0;79.0;226.0;219.0;282.0;129.0;25.0;1.0;42.0;210.0;720.0;0.0;0.0;2.0;2.0;21.0;368.0;105.0;3.0;7.0;0.0;0.0;1.0;1.0;0.0;155.0;0.0;0.0
2024;2024/1;BA;68.0;17.0;15.0;2.0;22.0;10.0;2.0;0.0;4.0;14.0;50.0;0.0;0.0;;;;;;;;;;;;;;;
2024;2024/1;BA;276.0;96.0;75.0;58.0;35.0;12.0;0.0;0.0;11.0;85.0;180.0;0.0;0.0;0.0;6.0;10.0;93.0;2.0;0.0;1.0;0.0;0.0;0.0;0.0;15.0;92.0;12.0;0.0
2024;2024/1;CE;6352.0;384.0;1516.0;1490.0;1993.0;805.0;132.0;32.0;726.0;643.0;4875.0;37.0;7.0;366.0;448.0;1398.0;3641.0;164.0;34.0;25.0;3.0;0.0;76.0;790.0;31.0;4632.0;2062.0;578.0
2024;2024/1;CE;9854.0;1642.0;2198.0;1800.0;2568.0;1262.0;253.0;128.0;1306.0;909.0;7328.0;61.0;20.0;;;;;;;;;;;;;;;
2024;2024/1;CE;29.0;3.0;4.0;5.0;9.0;6.0;2.0;;2.0;2.0;25.0;;;4.0;2.0;3.0;11.0;0.0;0.0;0.0;0.0;0.0;0.0;4.0;0.0;13.0;4.0;2.0
2024;2024/1;CE;61.0;0.0;5.0;5.0;22.0;22.0;4.0;3.0;11.0;3.0;46.0;;;1.0;3.0;4.0;4.0;;;;;;;;;3.0;1.0;1.0
2024;2024/1;CE;108.0;16.0;22.0;14.0;31.0;20.0;2.0;3.0;21.0;16.0;71.0;0.0;0.0;3.0;8.0;5.0;11.0;1.0;0.0;0.0;0.0;0.0;0.0;2.0;1.0;7.0;4.0;0.0
2024;2024/1;CE;98.0;0.0;8.0;11.0;62.0;17.0;0.0;0.0;26.0;4.0;62.0;;;3.0;8.0;34.0;48.0;5.0;2.0;6.0;0.0;0.0;1.0;28.0;0.0;67.0;48.0;66.0
2024;2024/1;CE;34.0;2.0;9.0;2.0;12.0;8.0;1.0;;8.0;2.0;24.0;;;;1.0;1.0;1.0;;;;;;;1.0;;2.0;;1.0
2024;2024/1;CE;1219.0;458.0;377.0;196.0;160.0;28.0;;;138.0;129.0;949.0;2.0;;64.0;110.0;193.0;872.0;66.0;10.0;7.0;2.0;0.0;7.0;236.0;6.0;584.0;191.0;56.0
2024;2024/1;CE;36.0;5.0;7.0;6.0;10.0;4.0;3.0;1.0;7.0;3.0;25.0;;;1.0;;1.0;1.0;;;;;;;;;2.0;1.0;1.0
2024;2024/1;CE;1255.0;225.0;223.0;223.0;260.0;160.0;162.0;2.0;149.0;108.0;981.0;9.0;1.0;99.0;116.0;168.0;626.0;35.0;17.0;9.0;1.0;0.0;18.0;145.0;6.0;411.0;128.0;31.0
2024;2024/1;CE;1287.0;129.0;341.0;337.0;384.0;88.0;8.0;0.0;149.0;150.0;969.0;6.0;2.0;106.0;123.0;277.0;873.0;135.0;12.0;4.0;1.0;0.0;11.0;245.0;3.0;499.0;177.0;42.0
2024;2024/1;CE;31.0;5.0;4.0;5.0;8.0;7.0;1.0;1.0;8.0;2.0;21.0;;;1.0;1.0;1.0;3.0;;;;;;;;;4.0;;
2024;2024/1;CE;47.0;5.0;8.0;10.0;17.0;6.0;1.0;;9.0;4.0;33.0;;;9.0;8.0;4.0;4.0;;;;;;1.0;3.0;;28.0;10.0;
2024;2024/1;CE;52.0;12.0;10.0;9.0;10.0;8.0;3.0;;11.0;7.0;33.0;0.0;1.0;7.0;5.0;0.0;8.0;0.0;0.0;0.0;0.0;0.0;0.0;1.0;0.0;10.0;4.0;1.0
2024;2024/1;CE;129.0;17.0;29.0;24.0;40.0;15.0;2.0;2.0;19.0;18.0;92.0;0.0;0.0;3.0;5.0;3.0;12.0;3.0;5.0;0.0;0.0;0.0;1.0;6.0;0.0;;;
2024;2024/1;CE;40.0;11.0;6.0;3.0;10.0;5.0;4.0;1.0;5.0;4.0;30.0;1.0;;0.0;1.0;;2.0;;;;;;;2.0;;7.0;1.0;
2024;2024/1;CE;357.0;106.0;71.0;59.0;86.0;31.0;3.0;1.0;42.0;24.0;291.0;;;17.0;29.0;51.0;116.0;9.0;2.0;;1.0;;5.0;38.0;2.0;95.0;28.0;18.0
2024;2024/1;CE;1345.0;175.0;259.0;321.0;390.0;200.0;;;193.0;158.0;972.0;11.0;2.0;92.0;121.0;10.0;562.0;85.0;9.0;3.0;1.0;0.0;14.0;143.0;5.0;390.0;116.0;25.0
2024;2024/1;CE;1880.0;479.0;607.0;430.0;324.0;39.0;;1.0;228.0;202.0;1427.0;10.0;3.0;107.0;126.0;248.0;1204.0;132.0;23.0;6.0;2.0;;15.0;402.0;12.0;912.0;324.0;60.0
2024;2024/1;CE;107.0;31.0;24.0;17.0;23.0;10.0;2.0;0.0;11.0;13.0;83.0;;;4.0;3.0;6.0;11.0;1.0;0.0;0.0;0.0;0.0;2.0;2.0;0.0;66.0;25.0;3.0
2024;2024/1;CE;679.0;121.0;173.0;118.0;185.0;72.0;7.0;3.0;46.0;82.0;551.0;;;33.0;31.0;49.0;228.0;30.0;8.0;6.0;;;18.0;45.0;2.0;379.0;181.0;422.0
2024;2024/1;CE;101.0;23.0;26.0;11.0;28.0;12.0;1.0;;19.0;7.0;73.0;2.0;;6.0;4.0;4.0;9.0;3.0;;1.0;;;2.0;2.0;;60.0;28.0;4.0
2024;2024/1;CE;1311.0;217.0;318.0;291.0;339.0;145.0;1.0;0.0;123.0;146.0;1026.0;6.0;3.0;135.0;146.0;253.0;843.0;80.0;16.0;4.0;3.0;0.0;17.0;222.0;8.0;464.0;155.0;37.0
2024;2024/1;CE;206.0;7.0;10.0;25.0;29.0;22.0;44.0;69.0;33.0;18.0;153.0;1.0;1.0;6.0;10.0;13.0;27.0;13.0;3.0;;;1.0;4.0;5.0;;1.0;;
2024;2024/1;CE;650.0;167.0;151.0;90.0;154.0;80.0;6.0;2.0;108.0;84.0;450.0;3.0;0.0;22.0;30.0;33.0;129.0;11.0;2.0;;4.0;;5.0;18.0;1.0;150.0;60.0;6.0
2024;2024/1;CE;1218.0;394.0;373.0;214.0;216.0;21.0;;;124.0;110.0;965.0;8.0;1.0;19.0;108.0;188.0;807.0;164.0;10.0;5.0;;;10.0;225.0;4.0;586.0;193.0;47.0
2024;2024/1;CE;1799.0;468.0;525.0;375.0;368.0;62.0;1.0;;182.0;188.0;1408.0;15.0;;96.0;120.0;287.0;1054.0;111.0;22.0;8.0;;;9.0;361.0;10.0;910.0;302.0;85.0
2024;2024/1;CE;1753.0;418.0;595.0;385.0;299.0;55.0;1.0;;203.0;182.0;1349.0;11.0;1.0;66.0;88.0;228.0;826.0;115.0;23.0;9.0;4.0;0.0;171.0;306.0;10.0;792.0;342.0;74.0
2024;2024/1;CE;1597.0;257.0;401.0;346.0;424.0;169.0;;;173.0;170.0;1240.0;5.0;;162.0;165.0;350.0;869.0;;9.0;6.0;;;11.0;266.0;6.0;545.0;192.0;36.0
2024;2024/1;CE;1843.0;433.0;467.0;332.0;402.0;173.0;31.0;5.0;66.0;97.0;1638.0;11.0;5.0;135.0;114.0;218.0;532.0;50.0;9.0;1.0;;;2.0;103.0;5.0;522.0;125.0;18.0
2024;2024/1;CE;941.0;140.0;201.0;148.0;250.0;162.0;39.0;1.0;128.0;127.0;655.0;10.0;5.0;81.0;80.0;89.0;282.0;49.0;8.0;1.0;0.0;0.0;8.0;57.0;4.0;294.0;95.0;15.0
2024;2024/1;CE;1526.0;82.0;222.0;263.0;554.0;402.0;3.0;;249.0;159.0;1097.0;15.0;6.0;130.0;100.0;181.0;344.0;36.0;19.0;6.0;1.0;0.0;9.0;54.0;3.0;202.0;59.0;13.0
2024;2024/1;DF;2514.0;574.0;541.0;442.0;672.0;280.0;5.0;0.0;294.0;392.0;1121.0;11.0;2.0;105.0;220.0;100.0;432.0;19.0;25.0;12.0;5.0;0.0;32.0;98.0;5.0;701.0;149.0;0.0
2024;2024/1;DF;3614.0;475.0;691.0;683.0;1052.0;424.0;289.0;0.0;548.0;680.0;2019.0;7.0;4.0;216.0;492.0;395.0;1307.0;33.0;30.0;7.0;0.0;0.0;15.0;198.0;11.0;750.0;81.0;0.0
2024;2024/1;DF;1588.0;140.0;381.0;352.0;511.0;202.0;2.0;0.0;269.0;313.0;921.0;3.0;0.0;31.0;88.0;108.0;497.0;16.0;5.0;1.0;2.0;0.0;5.0;89.0;3.0;346.0;52.0;0.0
2024;2024/1;DF;1316.0;147.0;252.0;222.0;413.0;235.0;33.0;14.0;307.0;204.0;802.0;3.0;0.0;43.0;118.0;100.0;342.0;7.0;6.0;1.0;2.0;0.0;58.0;181.0;6.0;804.0;164.0;0.0
2024;2024/1;DF;11013.0;515.0;2297.0;2434.0;3814.0;1626.0;203.0;70.0;1836.0;2307.0;5670.0;38.0;4.0;;;;;;;;;;;;;;;
2024;2024/1;DF;2795.0;331.0;643.0;578.0;889.0;354.0;0.0;0.0;439.0;570.0;1597.0;8.0;1.0;103.0;203.0;274.0;1233.0;74.0;21.0;6.0;1.0;0.0;12.0;157.0;2.0;915.0;122.0;0.0
2024;2024/1;DF;2722.0;274.0;632.0;632.0;875.0;309.0;0.0;0.0;431.0;530.0;1608.0;8.0;0.0;134.0;315.0;289.0;1404.0;76.0;39.0;4.0;4.0;0.0;38.0;224.0;14.0;817.0;91.0;
2024;2024/1;DF;2010.0;224.0;543.0;447.0;594.0;200.0;2.0;0.0;335.0;404.0;1186.0;10.0;0.0;88.0;207.0;215.0;883.0;55.0;16.0;6.0;6.0;0.0;12.0;181.0;6.0;754.0;67.0;0.0
2024;2024/1;DF;703.0;75.0;157.0;158.0;206.0;95.0;10.0;2.0;113.0;137.0;438.0;4.0;0.0;27.0;64.0;22.0;214.0;27.0;9.0;0.0;0.0;0.0;9.0;21.0;3.0;33.0;38.0;1.0
2024;2024/1;DF;53.0;;;4.0;17.0;25.0;7.0;;20.0;2.0;27.0;0.0;0.0;2.0;1.0;17.0;10.0;0.0;1.0;7.0;0.0;0.0;0.0;3.0;0.0;9.0;14.0;0.0
2024;2024/1;ES;53.0;0.0;9.0;21.0;18.0;3.0;2.0;0.0;24.0;19.0;10.0;0.0;0.0;;;;;;;;;;;;;;;
2024;2024/1;ES;735.0;85.0;205.0;213.0;162.0;58.0;9.0;0.0;141.0;157.0;410.0;0.0;0.0;46.0;11.0;85.0;128.0;40.0;3.0;4.0;1.0;0.0;5.0;70.0;0.0;;;
2024;2024/1;ES;4.0;0.0;1.0;0.0;2.0;1.0;0.0;0.0;3.0;0.0;1.0;0.0;0.0;1.0;1.0;0.0;2.0;0.0;0.0;0.0;0.0;0.0;0.0;0.0;0.0;1.0;0.0;0.0
2024;2024/1;ES;401.0;151.0;77.0;55.0;77.0;38.0;3.0;0.0;64.0;84.0;251.0;0.0;2.0;20.0;23.0;30.0;3.0;2.0;1.0;0.0;3.0;0.0;2.0;29.0;0.0;144.0;20.0;0.0
2024;2024/1;ES;478.0;147.0;124.0;64.0;99.0;44.0;0.0;0.0;93.0;147.0;238.0;0.0;0.0;8.0;20.0;8.0;38.0;2.0;3.0;0.0;0.0;0.0;1.0;11.0;0.0;209.0;84.0;24.0
2024;2024/1;ES;1.0;0.0;0.0;0.0;0.0;0.0;0.0;1.0;0.0;1.0;0.0;0.0;0.0;;;;;;;;;;;;;;;
2024;2024/1;ES;674.0;268.0;152.0;97.0;115.0;33.0;8.0;1.0;107.0;150.0;408.0;8.0;1.0;29.0;22.0;8.0;20.0;0.0;3.0;0.0;0.0;0.0;0.0;19.0;1.0;135.0;20.0;0.0
2024;2024/1;ES;2.0;0.0;2.0;0.0;0.0;0.0;0.0;0.0;1.0;0.0;1.0;0.0;0.0;;;;;;;;;;;;;2.0;;
2024;2024/1;ES;1043.0;154.0;120.0;77.0;92.0;34.0;2.0;1.0;127.0;207.0;615.0;4.0;0.0;;;;;;;;;;;;;;;
2024;2024/1;ES;2.0;0.0;0.0;0.0;2.0;0.0;0.0;0.0;1.0;1.0;0.0;0.0;0.0;;;;;;;;;;;;;;;
2024;2024/1;ES;325.0;82.0;79.0;43.0;61.0;19.0;7.0;1.0;64.0;54.0;206.0;0.0;0.0;;;;;;;;;;;;;;;
2024;2024/1;ES;1.0;0.0;0.0;0.0;1.0;0.0;0.0;0.0;;;;;;;;;;;;;;;;;;;;
2024;2024/1;ES;1026.0;0.0;0.0;0.0;195.0;100.0;0.0;0.0;104.0;96.0;484.0;5.0;5.0;20.0;60.0;32.0;154.0;8.0;6.0;5.0;0.0;0.0;3.0;49.0;16.0;450.0;159.0;69.0
2024;2024/1;ES;7.0;0.0;0.0;1.0;1.0;2.0;2.0;1.0;6.0;0.0;1.0;0.0;0.0;;;;1.0;;1.0;;;;1.0;;;2.0;2.0;
2024;2024/1;ES;391.0;163.0;92.0;49.0;53.0;24.0;2.0;0.0;73.0;92.0;226.0;0.0;0.0;16.0;19.0;7.0;25.0;2.0;0.0;0.0;0.0;0.0;0.0;9.0;2.0;119.0;25.0;0.0
2024;2024/1;ES;1.0;0.0;0.0;0.0;0.0;0.0;0.0;1.0;1.0;0.0;0.0;0.0;0.0;0.0;0.0;0.0;0.0;0.0;0.0;0.0;0.0;0.0;0.0;0.0;0.0;0.0;0.0;0.0
2024;2024/1;ES;583.0;218.0;149.0;71.0;104.0;34.0;7.0;0.0;49.0;113.0;421.0;0.0;0.0;10.0;18.0;16.0;46.0;6.0;2.0;0.0;0.0;0.0;0.0;8.0;0.0;265.0;79.0;0.0
2024;2024/1;ES;1.0;0.0;0.0;0.0;0.0;0.0;0.0;1.0;1.0;0.0;0.0;0.0;0.0;0.0;0.0;0.0;0.0;0.0;0.0;0.0;0.0;0.0;0.0;0.0;0.0;0.0;0.0;0.0
2024;2024/1;ES;1210.0;399.0;351.0;177.0;223.0;46.0;12.0;2.0;153.0;239.0;794.0;7.0;4.0;;;;;;;;;;;;;;;
2024;2024/1;ES;10.0;2.0;2.0;0.0;2.0;1.0;1.0;2.0;4.0;1.0;4.0;0.0;1.0;;;;;;;;;;;;;;;
2024;2024/1;ES;866.0;307.0;237.0;139.0;136.0;44.0;2.0;1.0;240.0;220.0;406.0;0.0;0.0;5.0;6.0;3.0;10.0;1.0;0.0;0.0;1.0;0.0;1.0;4.0;1.0;288.0;77.0;6.0
2024;2024/1;ES;881.0;117.0;262.0;209.0;234.0;50.0;8.0;0.0;76.0;221.0;514.0;10.0;1.0;;;;;;;;;;;;;;;
2024;2024/1;ES;457.0;57.0;88.0;125.0;121.0;60.0;6.0;0.0;94.0;93.0;270.0;0.0;0.0;10.0;15.0;18.0;45.0;8.0;10.0;4.0;0.0;0.0;7.0;4.0;0.0;201.0;79.0;1.0
2024;2024/1;ES;40.0;5.0;6.0;9.0;14.0;4.0;2.0;0.0;12.0;4.0;24.0;0.0;0.0;1.0;4.0;0.0;1.0;0.0;0.0;0.0;0.0;0.0;2.0;0.0;0.0;27.0;12.0;0.0
2024;2024/1;ES;211.0;44.0;58.0;40.0;46.0;18.0;5.0;0.0;41.0;55.0;70.0;0.0;0.0;4.0;8.0;3.0;14.0;4.0;1.0;2.0;0.0;0.0;4.0;1.0;0.0;140.0;75.0;0.0
2024;2024/1;ES;14.0;;;;;;;;1.0;4.0;3.0;0.0;0.0;0.0;0.0;1.0;0.0;0.0;0.0;0.0;0.0;0.0;0.0;0.0;0.0;15.0;9.0;0.0
2024;2024/1;ES;276.0;33.0;82.0;50.0;72.0;34.0;5.0;0.0;42.0;56.0;124.0;0.0;0.0;7.0;9.0;5.0;6.0;10.0;2.0;0.0;0.0;0.0;0.0;3.0;0.0;141.0;30.0;0.0
2024;2024/1;ES;22.0;12.0;5.0;5.0;0.0;0.0;0.0;0.0;5.0;10.0;5.0;2.0;0.0;5.0;;;7.0;;;;;;;;;10.0;;
2024;2024/1;ES;269.0;;;;;;;;;;;;;;;;;;;;;;;;;;;
2024;2024/1;ES;1.0;;;;;;;;;;;;;;;;;;;;;;;;;;;
2024;2024/1;ES;762.0;130.0;162.0;126.0;186.0;109.0;27.0;22.0;181.0;137.0;444.0;0.0;0.0;9.0;12.0;34.0;35.0;9.0;2.0;0.0;1.0;0.0;10.0;11.0;0.0;239.0;121.0;10.0
2024;2024/1;ES;724.0;145.0;209.0;154.0;170.0;38.0;6.0;2.0;99.0;171.0;442.0;6.0;0.0;23.0;46.0;36.0;150.0;0.0;5.0;0.0;2.0;0.0;5.0;38.0;6.0;347.0;5.0;0.0
2024;2024/1;ES;1161.0;143.0;344.0;282.0;338.0;49.0;3.0;2.0;139.0;234.0;770.0;3.0;2.0;100.0;61.0;231.0;231.0;63.0;11.0;4.0;2.0;0.0;8.0;123.0;1.0;165.0;2.0;0.0
2024;2024/1;ES;1247.0;202.0;392.0;256.0;325.0;69.0;3.0;0.0;247.0;400.0;600.0;0.0;0.0;;;;;;;;;;;;;;;
2024;2024/1;ES;1.0;0.0;0.0;0.0;0.0;1.0;0.0;0.0;0.0;0.0;1.0;0.0;0.0;0.0;0.0;0.0;1.0;0.0;0.0;0.0;0.0;0.0;0.0;0.0;0.0;;;
2024;2024/1;ES;1096.0;230.0;353.0;244.0;227.0;36.0;2.0;0.0;115.0;215.0;734.0;4.0;0.0;123.0;61.0;266.0;242.0;22.0;10.0;0.0;1.0;0.0;6.0;119.0;6.0;612.0;10.0;0.0
2024;2024/1;ES;1156.0;198.0;381.0;288.0;239.0;45.0;5.0;0.0;150.0;249.0;739.0;11.0;0.0;;;;;;;;;;;;;;;
2024;2024/1;ES;1723.0;32.0;168.0;181.0;535.0;559.0;196.0;52.0;279.0;329.0;993.0;12.0;5.0;;;;;;;;;;;;;;;
2024;2024/1;ES;6.0;0.0;0.0;0.0;1.0;2.0;2.0;1.0;2.0;2.0;2.0;0.0;0.0;;;;;;;;;;;;;;;
2024;2024/1;ES;251.0;36.0;70.0;49.0;65.0;25.0;5.0;1.0;54.0;61.0;136.0;0.0;0.0;2.0;2.0;19.0;28.0;11.0;1.0;1.0;1.0;0.0;0.0;1.0;0.0;72.0;29.0;6.0
2024;2024/1;ES;1034.0;144.0;279.0;259.0;272.0;70.0;6.0;4.0;209.0;313.0;488.0;1.0;0.0;26.0;27.0;145.0;33.0;17.0;4.0;1.0;0.0;0.0;3.0;15.0;1.0;391.0;20.0;57.0
2024;2024/1;ES;3.0;0.0;1.0;0.0;1.0;0.0;0.0;1.0;0.0;0.0;2.0;0.0;0.0;0.0;0.0;0.0;0.0;0.0;0.0;0.0;0.0;0.0;0.0;0.0;0.0;2.0;0.0;0.0
2024;2024/1;ES;527.0;98.0;145.0;88.0;135.0;58.0;2.0;1.0;113.0;110.0;300.0;4.0;0.0;78.0;37.0;178.0;72.0;19.0;2.0;3.0;0.0;0.0;6.0;34.0;1.0;331.0;165.0;0.0
2024;2024/1;ES;1.0;0.0;0.0;1.0;0.0;0.0;0.0;0.0;0.0;0.0;1.0;0.0;0.0;;;;;;;;;;;;;;;
2024;2024/1;ES;956.0;198.0;279.0;231.0;141.0;98.0;9.0;0.0;119.0;337.0;500.0;0.0;0.0;;;;;;;;;;;;;;;
2024;2024/1;ES;8.0;1.0;3.0;2.0;1.0;0.0;0.0;1.0;5.0;2.0;1.0;0.0;0.0;;;;;;;;;;;;;;;
2024;2024/1;ES;370.0;33.0;90.0;85.0;132.0;28.0;1.0;1.0;62.0;51.0;248.0;2.0;0.0;6.0;11.0;10.0;42.0;20.0;3.0;0.0;0.0;0.0;2.0;7.0;0.0;132.0;40.0;0.0
2024;2024/1;ES;2.0;0.0;0.0;0.0;2.0;0.0;0.0;0.0;1.0;0.0;1.0;0.0;0.0;;;1.0;1.0;;;;;;;;;1.0;;
2024;2024/1;ES;953.0;36.0;266.0;292.0;313.0;42.0;4.0;0.0;151.0;189.0;598.0;6.0;0.0;72.0;7.0;382.0;4.0;4.0;13.0;18.0;1.0;0.0;4.0;97.0;3.0;456.0;25.0;0.0
2024;2024/1;ES;140.0;3.0;12.0;29.0;89.0;7.0;0.0;0.0;;;;;;0.0;0.0;0.0;6.0;5.0;2.0;0.0;1.0;0.0;0.0;0.0;3.0;96.0;59.0;5.0
2024;2024/1;ES;240.0;31.0;49.0;52.0;69.0;32.0;5.0;2.0;33.0;40.0;109.0;2.0;0.0;25.0;16.0;31.0;29.0;5.0;4.0;1.0;0.0;0.0;2.0;2.0;0.0;152.0;45.0;5.0
2024;2024/1;ES;175.0;12.0;23.0;26.0;28.0;51.0;27.0;8.0;15.0;45.0;115.0;0.0;0.0;;;;;;;;;;;;;;;
2024;2024/1;ES;2.0;0.0;0.0;0.0;1.0;0.0;1.0;0.0;1.0;1.0;0.0;0.0;0.0;;;;;;;;;;;;;;;
2024;2024/1;ES;327.0;43.0;89.0;76.0;108.0;10.0;1.0;0.0;41.0;76.0;208.0;2.0;0.0;;;;;;;;;;;;;;;
2024;2024/1;ES;491.0;70.0;135.0;101.0;140.0;41.0;3.0;1.0;76.0;79.0;207.0;121.0;0.0;;;;;;;;;;;;;;;
2024;2024/1;ES;218.0;47.0;55.0;42.0;52.0;17.0;3.0;2.0;27.0;46.0;143.0;2.0;0.0;;;;;;;;;;;;;;;
2024;2024/1;ES;922.0;102.0;233.0;218.0;238.0;100.0;24.0;7.0;161.0;185.0;545.0;4.0;3.0;94.0;0.0;2.0;350.0;10.0;2.0;0.0;0.0;0.0;5.0;68.0;0.0;689.0;420.0;28.0
2024;2024/1;ES;7.0;0.0;1.0;2.0;3.0;0.0;0.0;1.0;1.0;0.0;6.0;0.0;0.0;0.0;0.0;0.0;3.0;0.0;0.0;0.0;0.0;0.0;0.0;0.0;0.0;0.0;1.0;0.0
2024;2024/1;ES;43.0;2.0;8.0;8.0;10.0;10.0;5.0;0.0;7.0;14.0;22.0;0.0;0.0;0.0;0.0;5.0;1.0;1.0;0.0;0.0;0.0;0.0;0.0;0.0;0.0;3.0;0.0;0.0
2024;2024/1;GO;2004.0;364.0;458.0;388.0;559.0;197.0;31.0;7.0;441.0;358.0;1196.0;7.0;0.0;0.0;160.0;318.0;0.0;24.0;12.0;4.0;0.0;0.0;70.0;37.0;0.0;;;
2024;2024/1;GO;357.0;51.0;85.0;55.0;106.0;52.0;3.0;5.0;54.0;63.0;240.0;0.0;0.0;;;;;;;;;;;9.0;;49.0;;
2024;2024/1;GO;218.0;43.0;47.0;47.0;51.0;21.0;6.0;0.0;38.0;56.0;124.0;0.0;0.0;;;;;;;;;;;;;;;
2024;2024/1;GO;359.0;48.0;107.0;82.0;97.0;15.0;6.0;4.0;58.0;133.0;168.0;0.0;0.0;;;;;;;;;;;;;;;
2024;2024/1;GO;43.0;12.0;10.0;5.0;15.0;1.0;0.0;0.0;17.0;10.0;16.0;0.0;0.0;;;;;;;;;;;;;;;
2024;2024/1;GO;163.0;20.0;38.0;30.0;46.0;28.0;1.0;0.0;59.0;15.0;89.0;0.0;0.0;;;;;;;;;;;;;;;
2024;2024/1;GO;333.0;;;;;;;;;;;;;;;;;;;;;;;;;;;
2024;2024/1;GO;2139.0;156.0;562.0;513.0;622.0;236.0;41.0;9.0;496.0;452.0;1116.0;13.0;1.0;;;;;;;;;;;;;;;
2024;2024/1;GO;100.0;9.0;25.0;17.0;26.0;18.0;3.0;0.0;22.0;17.0;56.0;0.0;0.0;2.0;0.0;0.0;20.0;6.0;1.0;0.0;0.0;0.0;0.0;0.0;0.0;46.0;0.0;0.0
2024;2024/1;GO;438.0;28.0;114.0;96.0;129.0;59.0;12.0;0.0;72.0;74.0;263.0;0.0;0.0;;;;;;;;;;;;;;;
2024;2024/1;GO;7874.0;727.0;1905.0;1536.0;2217.0;987.0;397.0;105.0;2714.0;1364.0;3667.0;58.0;12.0;;;;;;;;;;;;;;;
2024;2024/1;GO;315.0;19.0;88.0;106.0;85.0;16.0;1.0;0.0;88.0;57.0;169.0;1.0;0.0;6.0;;50.0;;6.0;;;;;;9.0;;69.0;;
2024;2024/1;GO;68.0;12.0;16.0;16.0;13.0;10.0;1.0;0.0;22.0;9.0;35.0;0.0;0.0;;;;;;;;;;;;;;;
2024;2024/1;GO;164.0;0.0;25.0;39.0;76.0;22.0;2.0;0.0;47.0;20.0;86.0;0.0;0.0;;;;43.0;4.0;;;;;;8.0;;57.0;;
2024;2024/1;GO;195.0;5.0;59.0;68.0;53.0;9.0;1.0;0.0;48.0;24.0;115.0;1.0;0.0;;;;;;;;;;;;;;;
2024;2024/1;GO;309.0;31.0;58.0;73.0;89.0;48.0;10.0;0.0;61.0;58.0;184.0;6.0;0.0;37.0;0.0;62.0;;1.0;;;;;2.0;7.0;;61.0;;
2024;2024/1;GO;43.0;4.0;5.0;12.0;16.0;6.0;0.0;0.0;12.0;9.0;22.0;0.0;0.0;;;;;;;;;;;;;;;
2024;2024/1;GO;154.0;11.0;22.0;23.0;55.0;31.0;9.0;3.0;37.0;24.0;83.0;2.0;0.0;;;;;;;;;;;;;;;
2024;2024/1;GO;99.0;24.0;25.0;18.0;17.0;13.0;1.0;1.0;23.0;18.0;58.0;0.0;0.0;7.0;1.0;8.0;0.0;2.0;0.0;0.0;0.0;0.0;1.0;1.0;0.0;23.0;0.0;0.0
2024;2024/1;GO;126.0;15.0;18.0;30.0;32.0;19.0;9.0;3.0;34.0;21.0;68.0;3.0;0.0;3.0;6.0;4.0;8.0;4.0;;;;;1.0;;6.0;18.0;4.0;2.0
2024;2024/1;GO;163.0;4.0;36.0;18.0;34.0;38.0;16.0;7.0;43.0;42.0;75.0;3.0;0.0;;;;;;;;;;;;;;;
2024;2024/1;GO;127.0;32.0;29.0;39.0;16.0;10.0;1.0;0.0;28.0;32.0;45.0;0.0;0.0;;;;;;;;;;;;;;;
2024;2024/1;GO;83.0;7.0;15.0;20.0;25.0;13.0;3.0;0.0;20.0;23.0;39.0;1.0;0.0;8.0;;10.0;;2.0;;;;;;1.0;;;;
2024;2024/1;GO;90.0;8.0;22.0;24.0;24.0;12.0;0.0;0.0;20.0;26.0;43.0;1.0;0.0;;;;;;;;;;;;;;;
2024;2024/1;GO;765.0;108.0;174.0;175.0;207.0;71.0;24.0;6.0;273.0;167.0;315.0;1.0;0.0;65.0;0.0;170.0;0.0;8.0;1.0;0.0;0.0;0.0;3.0;16.0;0.0;125.0;0.0;0.0
2024;2024/1;GO;191.0;25.0;46.0;48.0;57.0;10.0;5.0;0.0;28.0;11.0;149.0;3.0;0.0;;;;;;;;;;;;;;;
2024;2024/1;GO;149.0;23.0;24.0;30.0;43.0;19.0;10.0;0.0;38.0;27.0;82.0;2.0;0.0;13.0;0.0;28.0;0.0;3.0;0.0;0.0;0.0;0.0;1.0;7.0;0.0;16.0;0.0;0.0
2024;2024/1;GO;176.0;15.0;35.0;34.0;67.0;21.0;4.0;0.0;39.0;37.0;100.0;0.0;0.0;;;;;;;;;;;;;;;
2024;2024/1;GO;424.0;48.0;113.0;91.0;115.0;50.0;6.0;1.0;96.0;104.0;224.0;0.0;0.0;36.0;;49.0;;7.0;;;1.0;;2.0;10.0;;79.0;;
2024;2024/1;GO;49.0;6.0;12.0;5.0;15.0;9.0;2.0;0.0;2.0;16.0;31.0;;;4.0;;3.0;;1.0;;;;;1.0;1.0;;6.0;5.0;
2024;2024/1;GO;320.0;47.0;73.0;57.0;97.0;38.0;8.0;0.0;104.0;40.0;172.0;1.0;0.0;;;;;;;;;;;;;;;
2024;2024/1;GO;132.0;20.0;27.0;21.0;43.0;18.0;3.0;0.0;29.0;22.0;78.0;2.0;1.0;18.0;6.0;18.0;;1.0;;;;;;;;;;
2024;2024/1;GO;179.0;26.0;36.0;39.0;57.0;19.0;1.0;1.0;39.0;27.0;97.0;0.0;0.0;;;;;;;;;;;;;;;
2024;2024/1;GO;114.0;18.0;22.0;23.0;26.0;20.0;5.0;0.0;24.0;26.0;62.0;0.0;0.0;;;;;;;;;;;;;;;
2024;2024/1;GO;108.0;14.0;20.0;15.0;20.0;8.0;2.0;0.0;14.0;16.0;52.0;0.0;0.0;6.0;;9.0;;1.0;;;;;;1.0;;29.0;;
2024;2024/1;GO;32.0;5.0;12.0;7.0;8.0;0.0;0.0;0.0;5.0;8.0;19.0;0.0;0.0;0.0;5.0;0.0;13.0;3.0;2.0;0.0;0.0;0.0;0.0;0.0;0.0;1.0;0.0;0.0
2024;2024/1;GO;111.0;4.0;13.0;6.0;23.0;11.0;6.0;1.0;22.0;14.0;70.0;0.0;0.0;12.0;0.0;16.0;0.0;2.0;0.0;0.0;0.0;0.0;2.0;1.0;1.0;10.0;0.0;0.0
2024;2024/1;GO;213.0;23.0;59.0;33.0;63.0;30.0;4.0;1.0;25.0;45.0;143.0;0.0;0.0;16.0;12.0;6.0;32.0;8.0;;;;;1.0;4.0;;51.0;17.0;
2024;2024/1;GO;119.0;6.0;29.0;26.0;31.0;21.0;5.0;1.0;35.0;18.0;64.0;1.0;0.0;;;;;;;;;;;;;;;
2024;2024/1;GO;211.0;12.0;26.0;36.0;55.0;32.0;4.0;1.0;47.0;6.0;158.0;0.0;0.0;;;;;;;;;;;;;;;
2024;2024/1;GO;154.0;19.0;32.0;29.0;39.0;27.0;4.0;0.0;25.0;24.0;100.0;0.0;0.0;;;;;;;;;;;;;;;
2024;2024/1;GO;112.0;14.0;22.0;18.0;33.0;15.0;5.0;5.0;31.0;14.0;67.0;0.0;0.0;;6.0;;12.0;2.0;;;;;;1.0;;26.0;12.0;
2024;2024/1;GO;179.0;7.0;13.0;13.0;32.0;12.0;6.0;0.0;14.0;16.0;50.0;0.0;0.0;5.0;;10.0;;4.0;;;;;2.0;4.0;;15.0;1.0;
2024;2024/1;GO;460.0;72.0;105.0;90.0;124.0;51.0;9.0;5.0;126.0;79.0;252.0;2.0;0.0;36.0;;81.0;3.0;;;;;;;7.0;;151.0;2.0;
2024;2024/1;GO;159.0;19.0;33.0;25.0;41.0;12.0;3.0;1.0;28.0;77.0;2.0;23.0;0.0;;;;;;;;;;;;;;;
2024;2024/1;GO;413.0;66.0;83.0;84.0;127.0;36.0;10.0;1.0;73.0;77.0;235.0;0.0;0.0;;;;;;;;;;;;;;;
2024;2024/1;GO;88.0;9.0;19.0;21.0;24.0;12.0;2.0;1.0;6.0;15.0;67.0;0.0;0.0;;9.0;14.0;;2.0;;;;;1.0;1.0;;26.0;;
2024;2024/1;GO;187.0;28.0;28.0;16.0;8.0;14.0;0.0;2.0;42.0;18.0;36.0;0.0;0.0;16.0;;22.0;;;;;;;;;;12.0;;
2024;2024/1;GO;497.0;32.0;104.0;108.0;149.0;81.0;15.0;1.0;141.0;76.0;280.0;0.0;0.0;48.0;;86.0;;2.0;;;;;1.0;8.0;;126.0;;
2024;2024/1;GO;279.0;48.0;71.0;59.0;64.0;28.0;6.0;3.0;73.0;82.0;103.0;3.0;0.0;;;;;;;;;;;;;;;
2024;2024/1;GO;145.0;22.0;33.0;28.0;34.0;19.0;8.0;1.0;27.0;29.0;83.0;1.0;;;;;;;;;;;;;;;;
2024;2024/1;GO;190.0;31.0;48.0;53.0;27.0;28.0;3.0;0.0;34.0;48.0;108.0;0.0;0.0;;;;;;;;;;;;;;;
2024;2024/1;GO;134.0;24.0;29.0;28.0;27.0;24.0;2.0;0.0;29.0;32.0;66.0;5.0;2.0;;;;;;;;;;;;;;;
2024;2024/1;GO;318.0;19.0;52.0;47.0;100.0;24.0;18.0;1.0;31.0;57.0;210.0;0.0;0.0;;;38.0;;4.0;;;;;;3.0;;26.0;;
2024;2024/1;GO;137.0;12.0;45.0;33.0;31.0;10.0;6.0;0.0;28.0;39.0;69.0;1.0;0.0;;;;;;;;;;;;;;;
2024;2024/1;GO;108.0;15.0;23.0;39.0;19.0;11.0;1.0;0.0;27.0;34.0;47.0;0.0;0.0;;;;;;;;;;;;;;;
2024;2024/1;GO;185.0;23.0;36.0;27.0;43.0;16.0;3.0;0.0;49.0;18.0;76.0;4.0;0.0;;;;;;;;;;;;;;;
2024;2024/1;GO;397.0;71.0;94.0;80.0;106.0;39.0;7.0;;76.0;79.0;241.0;1.0;;;;;;;;;;;;;;;;
2024;2024/1;GO;68.0;5.0;10.0;14.0;24.0;14.0;1.0;0.0;18.0;21.0;29.0;0.0;0.0;10.0;8.0;;6.0;1.0;1.0;;;;;;;28.0;28.0;
2024;2024/1;GO;214.0;34.0;47.0;28.0;69.0;26.0;7.0;3.0;32.0;43.0;139.0;;;;;;;;;;;;;;;;;
2024;2024/1;GO;160.0;25.0;29.0;37.0;32.0;33.0;4.0;0.0;26.0;35.0;99.0;0.0;0.0;;;;;;;;;;;;;;;
2024;2024/1;GO;260.0;34.0;65.0;60.0;58.0;40.0;2.0;1.0;56.0;65.0;138.0;1.0;0.0;;;;;;;;;;;;;;;
2024;2024/1;GO;372.0;39.0;118.0;78.0;88.0;39.0;7.0;1.0;98.0;47.0;206.0;1.0;0.0;;;;;;;;;;;;;;;
2024;2024/1;GO;131.0;15.0;42.0;39.0;23.0;9.0;3.0;0.0;46.0;34.0;49.0;2.0;0.0;;;;;;;;;;;;;;;
2024;2024/1;GO;126.0;17.0;24.0;24.0;40.0;21.0;0.0;0.0;26.0;24.0;76.0;0.0;0.0;;;;;;;;;;;;;;;
2024;2024/1;GO;544.0;54.0;87.0;92.0;208.0;48.0;10.0;2.0;71.0;106.0;364.0;0.0;0.0;;;;;;;;;;;;;;;
2024;2024/1;GO;183.0;23.0;54.0;37.0;50.0;13.0;6.0;0.0;28.0;37.0;117.0;1.0;0.0;11.0;0.0;38.0;0.0;2.0;2.0;0.0;0.0;0.0;0.0;2.0;0.0;37.0;5.0;0.0
2024;2024/1;GO;95.0;4.0;43.0;20.0;21.0;7.0;0.0;0.0;16.0;21.0;58.0;0.0;0.0;;;;;;;;;;;;;;;
2024;2024/1;GO;98.0;15.0;20.0;19.0;29.0;15.0;0.0;0.0;27.0;28.0;43.0;0.0;0.0;;;;;;;;;;;;;;;
2024;2024/1;GO;60.0;8.0;11.0;11.0;19.0;7.0;4.0;;7.0;17.0;36.0;;;;;;;15.0;;;;;;;;;;6.0
2024;2024/1;GO;248.0;19.0;35.0;31.0;43.0;22.0;5.0;1.0;39.0;24.0;93.0;;;;;;;;;;;;;;;;;
2024;2024/1;GO;87.0;11.0;14.0;19.0;27.0;14.0;2.0;0.0;7.0;22.0;57.0;1.0;0.0;;;;;;;;;;;;;;;
2024;2024/1;GO;708.0;140.0;110.0;139.0;189.0;70.0;5.0;1.0;110.0;132.0;325.0;1.0;0.0;;;;;;;;;;;;;;;
2024;2024/1;GO;128.0;9.0;33.0;28.0;34.0;18.0;3.0;3.0;32.0;10.0;84.0;1.0;0.0;;;;;;;;;;;;;;;
2024;2024/1;GO;186.0;36.0;35.0;27.0;52.0;30.0;5.0;1.0;25.0;55.0;104.0;2.0;0.0;;;;;;;;;;;;;;;
2024;2024/1;GO;228.0;28.0;52.0;43.0;78.0;23.0;4.0;0.0;44.0;52.0;128.0;1.0;0.0;;;;;;;;;;;;;;;
2024;2024/1;GO;830.0;163.0;232.0;253.0;123.0;43.0;11.0;2.0;180.0;256.0;385.0;0.0;0.0;;;;;;;;;;;;;;;
2024;2024/1;GO;213.0;49.0;51.0;30.0;60.0;21.0;1.0;1.0;33.0;53.0;127.0;0.0;0.0;4.0;;35.0;;3.0;;;;;1.0;4.0;;24.0;;
2024;2024/1;GO;111.0;16.0;24.0;20.0;35.0;16.0;0.0;0.0;37.0;20.0;54.0;0.0;0.0;3.0;7.0;7.0;12.0;0.0;0.0;0.0;0.0;0.0;2.0;1.0;0.0;42.0;0.0;0.0
2024;2024/1;GO;583.0;32.0;141.0;114.0;189.0;90.0;14.0;2.0;99.0;102.0;345.0;4.0;1.0;;;;;;;;;;;;;;;
2024;2024/1;GO;38.0;4.0;16.0;12.0;4.0;2.0;0.0;0.0;8.0;13.0;17.0;0.0;0.0;;;;;;;;;;;;;;;
2024;2024/1;GO;42.0;5.0;9.0;13.0;12.0;3.0;0.0;0.0;11.0;5.0;25.0;1.0;0.0;2.0;;;6.0;;;;;;;;;14.0;;
2024;2024/1;GO;85.0;13.0;17.0;17.0;21.0;15.0;1.0;1.0;14.0;19.0;52.0;0.0;0.0;11.0;;12.0;;6.0;;;;;1.0;;;22.0;;
2024;2024/1;GO;403.0;41.0;111.0;93.0;107.0;43.0;7.0;1.0;;;;;;;;;;;;;;;;;;;;
2024;2024/1;MA;31.0;2.0;10.0;5.0;7.0;5.0;2.0;0.0;6.0;3.0;16.0;0.0;0.0;;1.0;2.0;12.0;3.0;1.0;;;;;2.0;;13.0;;
2024;2024/1;MA;74.0;9.0;7.0;11.0;26.0;20.0;1.0;0.0;8.0;10.0;45.0;4.0;0.0;4.0;1.0;13.0;34.0;12.0;;;;;;7.0;;13.0;;
2024;2024/1;MA;39.0;3.0;3.0;2.0;16.0;13.0;2.0;0.0;2.0;3.0;32.0;1.0;0.0;;2.0;1.0;6.0;6.0;;;;;;2.0;;14.0;;
2024;2024/1;MA;89.0;2.0;5.0;15.0;41.0;21.0;4.0;1.0;15.0;21.0;44.0;9.0;0.0;7.0;5.0;8.0;20.0;7.0;1.0;;;;1.0;7.0;;12.0;;
2024;2024/1;MA;72.0;2.0;9.0;15.0;34.0;9.0;3.0;0.0;11.0;4.0;56.0;0.0;0.0;1.0;;11.0;28.0;22.0;1.0;;;;;4.0;;28.0;;
2024;2024/1;MA;72.0;6.0;14.0;15.0;23.0;12.0;2.0;0.0;10.0;6.0;48.0;0.0;0.0;4.0;4.0;20.0;27.0;26.0;;;;;;4.0;;12.0;1.0;
2024;2024/1;MA;47.0;4.0;3.0;7.0;19.0;12.0;2.0;0.0;5.0;11.0;31.0;0.0;0.0;2.0;3.0;1.0;6.0;4.0;;;;;;2.0;;10.0;;
2024;2024/1;MA;13.0;0.0;5.0;1.0;4.0;2.0;0.0;0.0;2.0;0.0;10.0;1.0;0.0;2.0;2.0;;7.0;2.0;;1.0;;;;;;9.0;;
2024;2024/1;MA;26.0;4.0;7.0;5.0;8.0;2.0;0.0;0.0;3.0;2.0;21.0;0.0;0.0;6.0;3.0;15.0;28.0;;;;;;1.0;4.0;;17.0;;
2024;2024/1;MA;144.0;46.0;32.0;27.0;29.0;10.0;0.0;0.0;18.0;24.0;101.0;1.0;0.0;15.0;6.0;28.0;68.0;10.0;;1.0;2.0;;;18.0;;61.0;1.0;
2024;2024/1;MA;322.0;90.0;76.0;53.0;81.0;17.0;3.0;2.0;44.0;61.0;206.0;9.0;0.0;53.0;37.0;53.0;161.0;23.0;;1.0;3.0;;;34.0;;116.0;;
2024;2024/1;MA;427.0;50.0;65.0;64.0;136.0;89.0;19.0;3.0;44.0;114.0;254.0;2.0;1.0;50.0;28.0;37.0;80.0;18.0;;;;;;25.0;;87.0;;
2024;2024/1;MA;192.0;24.0;33.0;33.0;75.0;27.0;0.0;0.0;11.0;25.0;140.0;3.0;1.0;32.0;9.0;49.0;57.0;18.0;6.0;3.0;;;4.0;15.0;;36.0;;
2024;2024/1;MA;331.0;73.0;75.0;48.0;98.0;33.0;2.0;1.0;41.0;63.0;206.0;20.0;0.0;56.0;36.0;55.0;151.0;22.0;5.0;;1.0;;;32.0;;93.0;;
2024;2024/1;MA;507.0;162.0;135.0;85.0;86.0;37.0;2.0;0.0;42.0;134.0;320.0;7.0;0.0;75.0;38.0;80.0;168.0;31.0;4.0;;;;3.0;35.0;;300.0;;
2024;2024/1;MA;644.0;109.0;237.0;151.0;126.0;21.0;0.0;0.0;53.0;157.0;423.0;9.0;0.0;86.0;64.0;243.0;670.0;59.0;12.0;1.0;2.0;;5.0;124.0;;471.0;2.0;
2024;2024/1;MA;385.0;88.0;113.0;75.0;80.0;22.0;4.0;3.0;31.0;71.0;270.0;7.0;0.0;30.0;28.0;120.0;315.0;52.0;1.0;1.0;;;6.0;75.0;;188.0;;
2024;2024/1;MA;1216.0;253.0;248.0;186.0;332.0;132.0;31.0;12.0;172.0;171.0;796.0;24.0;0.0;63.0;36.0;115.0;265.0;17.0;3.0;3.0;;;12.0;73.0;;382.0;11.0;
2024;2024/1;MA;311.0;74.0;56.0;41.0;90.0;45.0;3.0;0.0;39.0;40.0;224.0;7.0;0.0;14.0;2.0;15.0;65.0;19.0;3.0;;;;7.0;26.0;;289.0;;
2024;2024/1;MA;300.0;82.0;53.0;41.0;65.0;45.0;10.0;4.0;41.0;55.0;197.0;3.0;0.0;42.0;18.0;47.0;87.0;21.0;2.0;;1.0;;1.0;28.0;;141.0;;
2024;2024/1;MA;326.0;105.0;84.0;41.0;67.0;24.0;4.0;1.0;62.0;44.0;210.0;5.0;1.0;52.0;39.0;33.0;155.0;24.0;1.0;1.0;;;;34.0;;154.0;;
2024;2024/1;MA;84.0;17.0;16.0;14.0;21.0;12.0;3.0;1.0;21.0;18.0;40.0;0.0;5.0;7.0;4.0;7.0;12.0;4.0;;;;;;7.0;;26.0;;
2024;2024/1;MA;52.0;8.0;12.0;8.0;13.0;8.0;2.0;0.0;11.0;4.0;37.0;0.0;0.0;1.0;2.0;4.0;7.0;2.0;;;;;2.0;5.0;;37.0;;
2024;2024/1;MA;156.0;37.0;37.0;24.0;38.0;17.0;2.0;1.0;11.0;29.0;113.0;0.0;0.0;20.0;13.0;25.0;87.0;14.0;1.0;;;;1.0;17.0;;39.0;;
2024;2024/1;MA;233.0;61.0;47.0;43.0;56.0;19.0;5.0;1.0;40.0;16.0;173.0;1.0;0.0;38.0;24.0;33.0;78.0;10.0;;;;;2.0;23.0;;95.0;;
2024;2024/1;MA;171.0;35.0;52.0;33.0;40.0;9.0;2.0;0.0;16.0;34.0;114.0;4.0;0.0;17.0;14.0;31.0;69.0;12.0;2.0;;;;1.0;17.0;;42.0;;
2024;2024/1;MA;134.0;30.0;34.0;24.0;23.0;19.0;3.0;1.0;9.0;21.0;95.0;6.0;0.0;33.0;26.0;18.0;56.0;7.0;2.0;;;;1.0;8.0;;23.0;;
2024;2024/1;MA;177.0;58.0;40.0;27.0;34.0;17.0;0.0;1.0;31.0;30.0;113.0;1.0;0.0;15.0;8.0;30.0;69.0;14.0;1.0;;;;1.0;16.0;;84.0;;
2024;2024/1;MA;165.0;18.0;16.0;27.0;53.0;34.0;13.0;4.0;24.0;29.0;106.0;2.0;0.0;21.0;8.0;28.0;25.0;3.0;;;;;4.0;13.0;;62.0;;
2024;2024/1;MA;70.0;16.0;15.0;13.0;15.0;6.0;5.0;0.0;6.0;22.0;41.0;1.0;0.0;11.0;6.0;12.0;17.0;1.0;;;;;1.0;2.0;;33.0;;
2024;2024/1;MA;70.0;15.0;12.0;8.0;23.0;11.0;1.0;0.0;10.0;12.0;41.0;1.0;5.0;3.0;4.0;4.0;8.0;5.0;;;;;;7.0;;16.0;;
2024;2024/1;MA;511.0;196.0;146.0;75.0;69.0;22.0;3.0;0.0;58.0;100.0;312.0;17.0;0.0;31.0;25.0;162.0;321.0;38.0;4.0;3.0;;;1.0;82.0;;265.0;;
2024;2024/1;MA;180.0;64.0;35.0;25.0;36.0;17.0;1.0;1.0;16.0;45.0;119.0;0.0;0.0;23.0;20.0;16.0;63.0;8.0;2.0;;;;1.0;13.0;;100.0;;
2024;2024/1;MA;15.0;0.0;0.0;1.0;8.0;2.0;3.0;1.0;8.0;1.0;4.0;1.0;0.0;;;1.0;;;1.0;;;;;;;3.0;;
2024;2024/1;MA;100.0;16.0;19.0;16.0;28.0;16.0;4.0;1.0;19.0;24.0;55.0;1.0;0.0;1.0;3.0;5.0;23.0;1.0;1.0;;;;;4.0;;23.0;;
2024;2024/1;MA;105.0;20.0;18.0;16.0;36.0;13.0;1.0;1.0;16.0;17.0;70.0;2.0;0.0;2.0;19.0;16.0;28.0;12.0;3.0;;;;;12.0;;4.0;;
2024;2024/1;MA;151.0;36.0;25.0;25.0;39.0;21.0;5.0;0.0;16.0;18.0;105.0;12.0;0.0;17.0;1.0;16.0;16.0;;;;;;;1.0;;3.0;;
2024;2024/1;MA;186.0;36.0;29.0;20.0;68.0;25.0;7.0;1.0;5.0;21.0;158.0;0.0;0.0;13.0;8.0;19.0;25.0;5.0;;;;;3.0;7.0;;63.0;;
2024;2024/1;MA;274.0;73.0;51.0;26.0;73.0;41.0;9.0;1.0;32.0;46.0;186.0;1.0;2.0;3.0;22.0;36.0;13.0;8.0;2.0;;1.0;;3.0;29.0;;92.0;2.0;
2024;2024/1;MA;128.0;37.0;28.0;23.0;17.0;19.0;3.0;1.0;14.0;26.0;80.0;2.0;0.0;42.0;28.0;12.0;25.0;7.0;;;;;9.0;1.0;;39.0;;
2024;2024/1;MA;423.0;33.0;62.0;70.0;154.0;81.0;17.0;5.0;59.0;81.0;274.0;4.0;0.0;41.0;33.0;64.0;97.0;18.0;2.0;;3.0;;8.0;24.0;;74.0;1.0;
2024;2024/1;MA;875.0;112.0;230.0;185.0;262.0;75.0;10.0;1.0;114.0;171.0;576.0;7.0;0.0;183.0;116.0;272.0;468.0;78.0;7.0;5.0;5.0;;12.0;15.0;;321.0;2.0;
2024;2024/1;MA;419.0;112.0;129.0;93.0;71.0;14.0;0.0;0.0;65.0;61.0;274.0;9.0;0.0;41.0;35.0;123.0;329.0;66.0;3.0;5.0;;;4.0;64.0;;326.0;6.0;
2024;2024/1;MA;112.0;18.0;22.0;30.0;36.0;6.0;0.0;0.0;17.0;15.0;70.0;8.0;0.0;14.0;12.0;3.0;18.0;31.0;;2.0;;;2.0;22.0;;87.0;2.0;
2024;2024/1;MA;429.0;135.0;135.0;83.0;65.0;11.0;0.0;0.0;43.0;105.0;273.0;8.0;0.0;32.0;28.0;117.0;436.0;28.0;3.0;6.0;;;1.0;54.0;;196.0;5.0;
2024;2024/1;MA;558.0;227.0;143.0;96.0;85.0;6.0;1.0;0.0;56.0;103.0;390.0;7.0;0.0;26.0;23.0;13.0;498.0;51.0;21.0;6.0;1.0;;1.0;68.0;;268.0;;
2024;2024/1;MA;564.0;159.0;187.0;123.0;87.0;6.0;1.0;0.0;53.0;125.0;368.0;8.0;0.0;3.0;2.0;117.0;421.0;7.0;4.0;5.0;1.0;;;68.0;;424.0;;
2024;2024/1;MA;378.0;149.0;85.0;47.0;71.0;20.0;5.0;0.0;35.0;69.0;266.0;7.0;0.0;28.0;29.0;71.0;246.0;18.0;2.0;;4.0;;5.0;93.0;;189.0;;
2024;2024/1;MA;122.0;41.0;30.0;18.0;21.0;10.0;1.0;0.0;10.0;29.0;79.0;3.0;0.0;18.0;9.0;31.0;43.0;9.0;;;;;1.0;18.0;;55.0;;
2024;2024/1;MA;144.0;36.0;32.0;22.0;31.0;20.0;2.0;0.0;16.0;29.0;99.0;0.0;0.0;15.0;8.0;12.0;41.0;8.0;;;;;1.0;13.0;;62.0;1.0;
2024;2024/1;MA;200.0;24.0;54.0;47.0;64.0;11.0;0.0;0.0;18.0;41.0;137.0;4.0;0.0;7.0;6.0;41.0;155.0;19.0;1.0;1.0;;;1.0;2.0;;92.0;;
2024;2024/1;MA;180.0;10.0;35.0;35.0;69.0;27.0;4.0;0.0;24.0;29.0;107.0;6.0;0.0;12.0;11.0;19.0;63.0;12.0;1.0;1.0;1.0;;2.0;5.0;;52.0;;
2024;2024/1;MA;101.0;11.0;24.0;21.0;30.0;15.0;0.0;0.0;13.0;22.0;59.0;1.0;1.0;21.0;11.0;25.0;47.0;7.0;;3.0;;;;1.0;;22.0;;
2024;2024/1;MA;73.0;5.0;15.0;24.0;26.0;3.0;0.0;0.0;14.0;9.0;45.0;2.0;0.0;2.0;3.0;7.0;53.0;15.0;1.0;;1.0;;;19.0;;84.0;1.0;
2024;2024/1;MG;29.0;4.0;4.0;3.0;10.0;6.0;1.0;1.0;3.0;9.0;16.0;1.0;0.0;;;;;;;;;;;;;;;
2024;2024/1;MG;114.0;16.0;18.0;30.0;34.0;14.0;1.0;1.0;36.0;30.0;45.0;0.0;0.0;4.0;2.0;15.0;4.0;0.0;1.0;0.0;0.0;0.0;0.0;2.0;0.0;51.0;0.0;0.0
2024;2024/1;MG;93.0;1.0;25.0;17.0;26.0;20.0;3.0;1.0;11.0;18.0;61.0;2.0;0.0;1.0;1.0;1.0;0.0;0.0;0.0;0.0;0.0;0.0;0.0;0.0;0.0;28.0;0.0;0.0
2024;2024/1;MG;117.0;14.0;15.0;29.0;44.0;14.0;1.0;0.0;42.0;23.0;50.0;2.0;0.0;4.0;0.0;7.0;0.0;0.0;0.0;0.0;0.0;0.0;0.0;0.0;0.0;20.0;0.0;0.0
2024;2024/1;MG;42.0;4.0;10.0;7.0;15.0;5.0;1.0;0.0;12.0;10.0;18.0;0.0;0.0;1.0;0.0;0.0;1.0;0.0;0.0;0.0;0.0;0.0;0.0;0.0;0.0;15.0;0.0;0.0
2024;2024/1;MG;115.0;3.0;20.0;15.0;50.0;25.0;2.0;0.0;29.0;29.0;54.0;3.0;0.0;1.0;0.0;5.0;3.0;0.0;1.0;0.0;0.0;0.0;0.0;1.0;0.0;43.0;1.0;0.0
2024;2024/1;MG;162.0;4.0;21.0;23.0;68.0;36.0;8.0;1.0;35.0;40.0;84.0;1.0;0.0;0.0;0.0;2.0;5.0;0.0;0.0;0.0;0.0;0.0;0.0;1.0;0.0;13.0;1.0;1.0
2024;2024/1;MG;69.0;5.0;9.0;14.0;30.0;9.0;2.0;0.0;27.0;9.0;32.0;0.0;1.0;2.0;1.0;6.0;0.0;0.0;0.0;1.0;0.0;0.0;0.0;0.0;0.0;29.0;2.0;1.0
2024;2024/1;MG;238.0;39.0;53.0;46.0;67.0;20.0;9.0;3.0;81.0;84.0;71.0;0.0;0.0;9.0;6.0;8.0;15.0;;;2.0;;;;6.0;;67.0;5.0;
2024;2024/1;MG;105.0;16.0;27.0;19.0;26.0;14.0;3.0;0.0;35.0;23.0;38.0;2.0;0.0;3.0;4.0;2.0;11.0;0.0;0.0;0.0;0.0;0.0;0.0;1.0;0.0;36.0;3.0;0.0
2024;2024/1;MG;124.0;21.0;32.0;23.0;37.0;8.0;3.0;0.0;26.0;17.0;74.0;7.0;0.0;0.0;0.0;0.0;5.0;0.0;0.0;0.0;0.0;0.0;0.0;0.0;0.0;12.0;1.0;0.0
2024;2024/1;MG;76.0;5.0;13.0;12.0;28.0;12.0;4.0;2.0;28.0;12.0;33.0;3.0;0.0;0.0;0.0;0.0;0.0;0.0;0.0;0.0;0.0;0.0;0.0;0.0;0.0;0.0;0.0;0.0
2024;2024/1;MG;105.0;9.0;25.0;30.0;25.0;13.0;2.0;1.0;37.0;36.0;29.0;3.0;0.0;4.0;;23.0;;;;;;;;2.0;;36.0;;
2024;2024/1;MG;257.0;42.0;39.0;51.0;70.0;45.0;7.0;2.0;87.0;55.0;112.0;0.0;0.0;12.0;17.0;13.0;26.0;0.0;1.0;;;;;7.0;;55.0;3.0;0.0
2024;2024/1;MG;65.0;3.0;13.0;10.0;30.0;8.0;1.0;0.0;20.0;11.0;32.0;1.0;0.0;1.0;3.0;2.0;1.0;0.0;0.0;0.0;0.0;0.0;0.0;0.0;0.0;20.0;3.0;0.0
2024;2024/1;MG;68.0;2.0;6.0;11.0;28.0;19.0;1.0;1.0;11.0;17.0;37.0;1.0;0.0;2.0;;1.0;1.0;;;1.0;;;;;;17.0;1.0;
2024;2024/1;MG;67.0;6.0;25.0;20.0;9.0;6.0;1.0;0.0;18.0;19.0;30.0;0.0;0.0;3.0;1.0;1.0;3.0;;;;;;;;;17.0;;
2024;2024/1;MG;91.0;2.0;10.0;22.0;34.0;20.0;2.0;1.0;15.0;33.0;40.0;3.0;0.0;;;2.0;4.0;;;;;;;;;14.0;;
2024;2024/1;MG;77.0;7.0;11.0;20.0;28.0;10.0;1.0;0.0;14.0;11.0;45.0;3.0;0.0;0.0;1.0;1.0;12.0;0.0;0.0;1.0;;;;;;33.0;;
2024;2024/1;MG;137.0;12.0;30.0;32.0;42.0;18.0;2.0;1.0;41.0;29.0;66.0;1.0;0.0;8.0;7.0;17.0;9.0;;1.0;1.0;;;;;;18.0;;
2024;2024/1;MG;36.0;3.0;5.0;4.0;15.0;7.0;1.0;1.0;11.0;7.0;17.0;0.0;0.0;2.0;1.0;;1.0;;;;;;;;;;;
2024;2024/1;MG;72.0;15.0;14.0;10.0;19.0;11.0;3.0;0.0;25.0;14.0;31.0;1.0;0.0;6.0;;8.0;;;1.0;;;;;;;22.0;1.0;
2024;2024/1;MG;105.0;5.0;23.0;20.0;30.0;18.0;8.0;1.0;13.0;25.0;62.0;0.0;2.0;;;2.0;;;;;;;;;;1.0;;
2024;2024/1;MG;131.0;13.0;31.0;23.0;44.0;17.0;3.0;0.0;53.0;21.0;56.0;1.0;0.0;11.0;1.0;14.0;3.0;;1.0;;;;;1.0;;25.0;;
2024;2024/1;MG;130.0;12.0;21.0;26.0;39.0;23.0;7.0;2.0;48.0;21.0;53.0;4.0;0.0;4.0;4.0;5.0;11.0;;;;;;;2.0;1.0;36.0;5.0;
2024;2024/1;MG;72.0;15.0;11.0;5.0;25.0;8.0;5.0;2.0;28.0;10.0;32.0;1.0;0.0;;;;;;;;;;;;;;;
2024;2024/1;MG;51.0;4.0;12.0;13.0;15.0;5.0;2.0;0.0;13.0;14.0;24.0;0.0;0.0;2.0;2.0;4.0;3.0;0.0;2.0;0.0;0.0;0.0;1.0;0.0;0.0;14.0;1.0;0.0
2024;2024/1;MG;125.0;2.0;14.0;20.0;46.0;29.0;12.0;1.0;29.0;20.0;74.0;0.0;0.0;;;;;;;;;;;;;;;
2024;2024/1;MG;177.0;23.0;45.0;46.0;39.0;21.0;1.0;1.0;42.0;38.0;90.0;4.0;0.0;3.0;;12.0;17.0;;1.0;;;;;;;35.0;;2.0
2024;2024/1;MG;130.0;15.0;28.0;34.0;30.0;13.0;6.0;4.0;39.0;29.0;45.0;2.0;0.0;3.0;4.0;5.0;13.0;0.0;0.0;0.0;0.0;0.0;1.0;0.0;0.0;29.0;2.0;0.0
2024;2024/1;MG;107.0;13.0;21.0;26.0;37.0;8.0;2.0;0.0;28.0;21.0;56.0;1.0;1.0;5.0;1.0;12.0;8.0;0.0;0.0;1.0;0.0;0.0;0.0;1.0;0.0;25.0;0.0;0.0
2024;2024/1;MG;110.0;12.0;28.0;27.0;27.0;14.0;2.0;0.0;35.0;26.0;47.0;1.0;0.0;1.0;3.0;8.0;9.0;0.0;0.0;0.0;0.0;0.0;0.0;0.0;1.0;20.0;0.0;0.0
2024;2024/1;MG;35.0;2.0;13.0;6.0;10.0;4.0;0.0;0.0;5.0;9.0;21.0;0.0;0.0;0.0;0.0;0.0;0.0;0.0;0.0;0.0;0.0;0.0;0.0;0.0;0.0;7.0;0.0;0.0
2024;2024/1;MG;78.0;12.0;12.0;14.0;32.0;7.0;0.0;1.0;15.0;29.0;34.0;0.0;0.0;1.0;0.0;2.0;1.0;0.0;0.0;0.0;0.0;0.0;0.0;1.0;0.0;19.0;0.0;0.0
2024;2024/1;MG;135.0;18.0;24.0;27.0;47.0;16.0;2.0;0.0;12.0;40.0;81.0;0.0;0.0;7.0;1.0;13.0;3.0;0.0;0.0;0.0;0.0;0.0;0.0;1.0;0.0;51.0;0.0;0.0
2024;2024/1;MG;198.0;8.0;46.0;44.0;63.0;30.0;7.0;0.0;106.0;23.0;62.0;4.0;0.0;6.0;1.0;16.0;4.0;;3.0;;;;1.0;1.0;;63.0;3.0;1.0
2024;2024/1;MG;39.0;2.0;7.0;10.0;14.0;6.0;0.0;0.0;21.0;2.0;15.0;0.0;0.0;;;1.0;2.0;;1.0;;;;;;;26.0;1.0;1.0
2024;2024/1;MG;54.0;5.0;11.0;8.0;19.0;10.0;1.0;0.0;17.0;9.0;26.0;1.0;0.0;1.0;2.0;2.0;1.0;;1.0;;;;;;;24.0;;
2024;2024/1;MG;83.0;8.0;14.0;14.0;24.0;17.0;5.0;1.0;8.0;8.0;28.0;1.0;0.0;;;;;;;;;;;;;;;
2024;2024/1;MG;33.0;5.0;6.0;6.0;8.0;6.0;2.0;0.0;5.0;12.0;15.0;0.0;0.0;;1.0;;;;;;;;;;;10.0;;
2024;2024/1;MG;190.0;3.0;13.0;40.0;84.0;39.0;9.0;2.0;46.0;37.0;103.0;3.0;0.0;;;1.0;9.0;;;1.0;;;;;;21.0;4.0;
2024;2024/1;MG;47.0;3.0;6.0;8.0;17.0;10.0;2.0;1.0;11.0;12.0;23.0;0.0;0.0;1.0;;;;;;;;;;;;7.0;;
2024;2024/1;MG;100.0;10.0;26.0;22.0;23.0;17.0;2.0;0.0;20.0;16.0;62.0;2.0;0.0;2.0;2.0;10.0;7.0;;;;;;;2.0;;34.0;;
2024;2024/1;MG;363.0;22.0;61.0;78.0;126.0;56.0;12.0;7.0;103.0;74.0;169.0;3.0;0.0;3.0;6.0;9.0;13.0;;;;;;;2.0;;83.0;5.0;
2024;2024/1;MG;66.0;2.0;15.0;19.0;20.0;7.0;3.0;0.0;14.0;8.0;15.0;3.0;0.0;5.0;2.0;1.0;2.0;;1.0;;;;;;;20.0;1.0;
2024;2024/1;MG;43.0;0.0;3.0;5.0;19.0;14.0;2.0;0.0;6.0;11.0;26.0;0.0;0.0;;;;1.0;;;;;;;;;;;
2024;2024/1;MG;40.0;3.0;7.0;4.0;15.0;9.0;2.0;0.0;22.0;9.0;9.0;0.0;0.0;;;1.0;2.0;;;;;;;;;6.0;1.0;
2024;2024/1;MG;83.0;4.0;15.0;12.0;30.0;18.0;3.0;0.0;21.0;15.0;42.0;2.0;0.0;1.0;;4.0;3.0;;;;;;;;;13.0;;
2024;2024/1;MG;37.0;3.0;8.0;9.0;6.0;9.0;2.0;0.0;15.0;6.0;16.0;0.0;0.0;;;;1.0;;;;;;;;;12.0;;
2024;2024/1;MG;29.0;0.0;0.0;2.0;19.0;8.0;0.0;0.0;11.0;6.0;12.0;0.0;0.0;0.0;0.0;0.0;1.0;0.0;0.0;0.0;0.0;0.0;0.0;0.0;0.0;1.0;0.0;0.0
2024;2024/1;MG;39.0;2.0;9.0;9.0;11.0;8.0;0.0;0.0;7.0;12.0;20.0;0.0;0.0;2.0;0.0;5.0;8.0;0.0;0.0;0.0;0.0;0.0;0.0;1.0;0.0;7.0;0.0;0.0
2024;2024/1;MG;69.0;12.0;13.0;7.0;22.0;13.0;1.0;0.0;27.0;10.0;29.0;2.0;0.0;4.0;4.0;8.0;4.0;0.0;1.0;0.0;0.0;0.0;0.0;0.0;0.0;7.0;0.0;0.0
2024;2024/1;MG;23.0;8.0;4.0;5.0;6.0;0.0;0.0;0.0;5.0;8.0;10.0;0.0;0.0;0.0;5.0;0.0;4.0;0.0;0.0;1.0;0.0;0.0;0.0;0.0;0.0;13.0;0.0;0.0
2024;2024/1;MG;743.0;223.0;184.0;117.0;165.0;49.0;5.0;0.0;113.0;225.0;401.0;4.0;0.0;40.0;57.0;59.0;68.0;0.0;4.0;0.0;0.0;0.0;2.0;0.0;23.0;206.0;9.0;1.0
2024;2024/1;MG;67.0;0.0;4.0;16.0;36.0;10.0;1.0;0.0;7.0;19.0;40.0;1.0;0.0;;;;;;;;;;;;;;;
2024;2024/1;MG;558.0;165.0;112.0;87.0;142.0;46.0;3.0;2.0;86.0;167.0;301.0;4.0;0.0;60.0;65.0;50.0;49.0;0.0;3.0;0.0;0.0;0.0;3.0;11.0;0.0;124.0;5.0;0.0
2024;2024/1;MG;382.0;81.0;69.0;83.0;105.0;39.0;3.0;2.0;49.0;97.0;228.0;8.0;0.0;54.0;48.0;18.0;17.0;0.0;2.0;0.0;0.0;0.0;0.0;9.0;0.0;74.0;1.0;0.0
2024;2024/1;MG;2.0;0.0;0.0;0.0;0.0;2.0;0.0;0.0;1.0;1.0;0.0;0.0;0.0;;;;;;;;;;;;;;;
2024;2024/1;MG;734.0;102.0;185.0;158.0;206.0;62.0;18.0;3.0;217.0;149.0;347.0;20.0;1.0;25.0;24.0;64.0;70.0;0.0;0.0;2.0;0.0;0.0;0.0;9.0;1.0;230.0;17.0;2.0
2024;2024/1;MG;362.0;39.0;80.0;63.0;122.0;50.0;6.0;2.0;82.0;95.0;180.0;3.0;2.0;16.0;9.0;18.0;26.0;0.0;3.0;3.0;0.0;0.0;3.0;2.0;0.0;120.0;8.0;2.0
2024;2024/1;MG;2481.0;348.0;684.0;544.0;701.0;186.0;15.0;3.0;399.0;675.0;1360.0;44.0;3.0;66.0;62.0;195.0;316.0;0.0;4.0;4.0;0.0;0.0;4.0;16.0;0.0;757.0;34.0;13.0
2024;2024/1;MG;431.0;58.0;87.0;84.0;138.0;51.0;11.0;1.0;130.0;81.0;219.0;1.0;0.0;38.0;28.0;34.0;37.0;0.0;2.0;0.0;0.0;0.0;1.0;4.0;1.0;82.0;2.0;0.0
2024;2024/1;MG;1099.0;158.0;261.0;248.0;314.0;103.0;12.0;3.0;206.0;362.0;515.0;16.0;0.0;54.0;20.0;60.0;56.0;2.0;2.0;0.0;0.0;0.0;1.0;3.0;0.0;325.0;12.0;2.0
2024;2024/1;MG;671.0;25.0;165.0;174.0;255.0;47.0;5.0;0.0;140.0;165.0;355.0;10.0;0.0;16.0;4.0;61.0;47.0;0.0;2.0;3.0;0.0;0.0;1.0;7.0;4.0;141.0;11.0;0.0
2024;2024/1;MG;666.0;47.0;180.0;166.0;223.0;47.0;3.0;0.0;132.0;155.0;370.0;9.0;0.0;4.0;8.0;79.0;67.0;0.0;0.0;1.0;1.0;0.0;0.0;10.0;2.0;121.0;4.0;1.0
2024;2024/1;MG;772.0;65.0;164.0;193.0;276.0;72.0;1.0;1.0;164.0;195.0;402.0;10.0;0.0;14.0;17.0;58.0;83.0;0.0;0.0;2.0;0.0;0.0;1.0;16.0;1.0;304.0;6.0;2.0
2024;2024/1;MG;170.0;6.0;29.0;36.0;55.0;43.0;1.0;0.0;41.0;40.0;85.0;4.0;0.0;14.0;7.0;8.0;5.0;0.0;3.0;0.0;0.0;0.0;0.0;0.0;0.0;3.0;1.0;0.0
2024;2024/1;MG;969.0;95.0;210.0;207.0;289.0;136.0;22.0;6.0;187.0;194.0;569.0;17.0;0.0;0.0;15.0;71.0;65.0;0.0;2.0;0.0;0.0;0.0;2.0;6.0;0.0;205.0;4.0;1.0
2024;2024/1;MG;1192.0;159.0;275.0;280.0;365.0;100.0;9.0;3.0;318.0;250.0;614.0;10.0;0.0;36.0;34.0;71.0;116.0;0.0;3.0;3.0;0.0;0.0;1.0;12.0;0.0;240.0;8.0;0.0
2024;2024/1;MG;777.0;112.0;197.0;161.0;214.0;76.0;16.0;1.0;206.0;206.0;337.0;28.0;0.0;54.0;105.0;60.0;268.0;0.0;13.0;3.0;1.0;0.0;2.0;31.0;1.0;356.0;74.0;13.0
2024;2024/1;MG;1279.0;204.0;303.0;247.0;357.0;139.0;26.0;2.0;216.0;385.0;650.0;27.0;1.0;58.0;40.0;90.0;89.0;0.0;3.0;0.0;1.0;0.0;2.0;11.0;1.0;361.0;8.0;5.0
2024;2024/1;MG;1234.0;141.0;299.0;283.0;375.0;119.0;13.0;4.0;217.0;324.0;676.0;13.0;4.0;20.0;13.0;33.0;67.0;0.0;3.0;5.0;0.0;0.0;3.0;7.0;0.0;301.0;11.0;3.0
2024;2024/1;MG;1464.0;163.0;346.0;343.0;433.0;161.0;16.0;2.0;357.0;491.0;571.0;20.0;3.0;52.0;25.0;107.0;75.0;0.0;3.0;2.0;0.0;0.0;3.0;15.0;0.0;445.0;20.0;3.0
2024;2024/1;MG;1384.0;230.0;349.0;302.0;405.0;96.0;1.0;0.0;215.0;399.0;748.0;21.0;1.0;88.0;41.0;228.0;89.0;0.0;1.0;3.0;0.0;0.0;5.0;23.0;0.0;476.0;17.0;5.0
2024;2024/1;MG;1349.0;166.0;285.0;296.0;418.0;158.0;20.0;6.0;408.0;291.0;630.0;17.0;3.0;72.0;46.0;96.0;94.0;0.0;5.0;5.0;0.0;0.0;4.0;29.0;1.0;241.0;12.0;5.0
2024;2024/1;MG;1069.0;270.0;227.0;193.0;280.0;97.0;2.0;0.0;183.0;326.0;367.0;6.0;0.0;8.0;109.0;9.0;368.0;16.0;6.0;0.0;0.0;0.0;12.0;0.0;0.0;480.0;298.0;0.0
2024;2024/1;MG;544.0;65.0;151.0;154.0;149.0;25.0;0.0;0.0;97.0;160.0;279.0;7.0;1.0;57.0;54.0;85.0;72.0;0.0;7.0;2.0;0.0;0.0;3.0;1.0;0.0;120.0;1.0;0.0
2024;2024/1;MG;373.0;42.0;70.0;82.0;138.0;37.0;4.0;0.0;136.0;74.0;161.0;2.0;0.0;10.0;11.0;26.0;25.0;0.0;2.0;0.0;0.0;0.0;0.0;3.0;0.0;87.0;2.0;0.0
2024;2024/1;MG;781.0;71.0;164.0;213.0;256.0;69.0;8.0;0.0;221.0;187.0;354.0;19.0;0.0;15.0;14.0;28.0;61.0;0.0;1.0;3.0;0.0;0.0;0.0;13.0;0.0;184.0;18.0;4.0
2024;2024/1;MG;403.0;10.0;69.0;100.0;179.0;42.0;3.0;0.0;141.0;67.0;188.0;6.0;0.0;6.0;9.0;13.0;32.0;0.0;0.0;3.0;0.0;0.0;0.0;6.0;0.0;55.0;5.0;1.0
2024;2024/1;MG;181.0;11.0;40.0;36.0;55.0;29.0;8.0;2.0;28.0;38.0;110.0;5.0;0.0;9.0;4.0;15.0;14.0;0.0;0.0;0.0;0.0;0.0;1.0;1.0;0.0;49.0;5.0;1.0
2024;2024/1;MG;1236.0;196.0;325.0;253.0;345.0;95.0;19.0;2.0;335.0;312.0;578.0;11.0;0.0;46.0;46.0;76.0;78.0;0.0;4.0;4.0;0.0;0.0;6.0;11.0;0.0;422.0;14.0;3.0
2024;2024/1;MG;466.0;81.0;115.0;119.0;113.0;35.0;1.0;0.0;169.0;89.0;184.0;3.0;0.0;4.0;6.0;11.0;4.0;0.0;0.0;1.0;0.0;0.0;0.0;0.0;0.0;62.0;2.0;0.0
2024;2024/1;MG;276.0;25.0;62.0;65.0;93.0;26.0;5.0;0.0;36.0;58.0;158.0;6.0;1.0;23.0;18.0;35.0;44.0;0.0;0.0;2.0;0.0;0.0;1.0;3.0;0.0;81.0;4.0;1.0
2024;2024/1;MG;1613.0;325.0;487.0;316.0;389.0;88.0;6.0;2.0;248.0;459.0;880.0;24.0;1.0;72.0;33.0;149.0;101.0;0.0;2.0;1.0;0.0;0.0;2.0;17.0;0.0;463.0;8.0;3.0
2024;2024/1;MG;271.0;43.0;67.0;54.0;76.0;28.0;3.0;0.0;53.0;87.0;124.0;7.0;0.0;25.0;20.0;24.0;48.0;4.0;0.0;0.0;1.0;0.0;1.0;14.0;0.0;91.0;4.0;1.0
2024;2024/1;MG;136.0;19.0;24.0;26.0;43.0;23.0;1.0;0.0;20.0;32.0;82.0;2.0;0.0;4.0;4.0;2.0;11.0;0.0;0.0;1.0;0.0;0.0;0.0;0.0;1.0;14.0;0.0;0.0
2024;2024/1;MG;2182.0;316.0;348.0;344.0;648.0;397.0;96.0;29.0;369.0;601.0;1135.0;27.0;3.0;133.0;37.0;187.0;110.0;0.0;4.0;4.0;0.0;0.0;6.0;15.0;0.0;324.0;8.0;1.0
2024;2024/1;MG;196.0;25.0;55.0;42.0;56.0;15.0;3.0;0.0;28.0;57.0;108.0;3.0;0.0;1.0;1.0;17.0;9.0;0.0;1.0;0.0;0.0;0.0;0.0;4.0;0.0;0.0;0.0;0.0
2024;2024/1;MG;1810.0;225.0;417.0;400.0;565.0;179.0;16.0;4.0;567.0;350.0;877.0;13.0;1.0;15.0;32.0;478.0;11.0;1.0;3.0;2.0;2.0;0.0;6.0;52.0;0.0;758.0;203.0;3.0
2024;2024/1;MG;605.0;148.0;142.0;129.0;143.0;37.0;4.0;0.0;68.0;173.0;349.0;5.0;0.0;38.0;41.0;35.0;69.0;0.0;4.0;4.0;0.0;0.0;3.0;7.0;0.0;213.0;5.0;0.0
2024;2024/1;MG;1035.0;141.0;239.0;214.0;317.0;112.0;11.0;1.0;183.0;220.0;554.0;13.0;0.0;55.0;22.0;115.0;54.0;0.0;5.0;0.0;0.0;0.0;2.0;6.0;1.0;216.0;6.0;3.0
2024;2024/1;MG;134.0;11.0;34.0;27.0;39.0;16.0;7.0;0.0;57.0;16.0;58.0;2.0;0.0;13.0;16.0;14.0;13.0;4.0;0.0;0.0;0.0;0.0;0.0;0.0;3.0;36.0;1.0;0.0
2024;2024/1;MG;247.0;51.0;67.0;49.0;51.0;26.0;3.0;0.0;63.0;80.0;86.0;9.0;0.0;10.0;6.0;11.0;7.0;0.0;2.0;0.0;0.0;0.0;0.0;6.0;0.0;45.0;2.0;2.0
2024;2024/1;MG;200.0;39.0;34.0;37.0;63.0;25.0;1.0;1.0;48.0;53.0;93.0;3.0;0.0;17.0;8.0;8.0;12.0;0.0;0.0;0.0;0.0;0.0;0.0;5.0;0.0;43.0;0.0;0.0
2024;2024/1;MG;189.0;30.0;42.0;25.0;51.0;32.0;6.0;2.0;36.0;49.0;95.0;2.0;0.0;7.0;7.0;13.0;14.0;1.0;1.0;0.0;0.0;0.0;1.0;1.0;0.0;50.0;5.0;0.0
2024;2024/1;MG;179.0;47.0;45.0;21.0;44.0;20.0;1.0;0.0;32.0;41.0;101.0;1.0;0.0;18.0;15.0;17.0;4.0;1.0;0.0;0.0;0.0;0.0;1.0;0.0;2.0;95.0;19.0;0.0
2024;2024/1;MG;199.0;46.0;34.0;37.0;57.0;22.0;2.0;1.0;21.0;34.0;143.0;1.0;0.0;16.0;17.0;8.0;;1.0;2.0;;;;;1.0;;45.0;;
2024;2024/1;MG;166.0;27.0;52.0;25.0;38.0;18.0;5.0;1.0;28.0;56.0;38.0;5.0;1.0;35.0;0.0;38.0;0.0;0.0;0.0;0.0;0.0;0.0;0.0;0.0;0.0;59.0;0.0;0.0
2024;2024/1;MG;183.0;30.0;32.0;44.0;57.0;19.0;1.0;0.0;102.0;25.0;56.0;0.0;0.0;0.0;0.0;0.0;0.0;0.0;0.0;0.0;0.0;0.0;0.0;0.0;0.0;0.0;0.0;0.0
2024;2024/1;MG;377.0;62.0;64.0;68.0;132.0;42.0;9.0;0.0;123.0;73.0;181.0;0.0;0.0;19.0;25.0;28.0;33.0;0.0;2.0;0.0;1.0;0.0;2.0;2.0;0.0;117.0;3.0;0.0
2024;2024/1;MG;280.0;42.0;52.0;53.0;131.0;2.0;0.0;0.0;66.0;75.0;139.0;0.0;0.0;38.0;4.0;36.0;8.0;1.0;1.0;0.0;0.0;0.0;0.0;12.0;5.0;67.0;25.0;0.0
2024;2024/1;MG;222.0;35.0;63.0;50.0;53.0;18.0;3.0;0.0;61.0;47.0;108.0;6.0;0.0;23.0;8.0;14.0;20.0;0.0;0.0;0.0;0.0;0.0;0.0;4.0;0.0;57.0;2.0;2.0
2024;2024/1;MG;133.0;35.0;29.0;25.0;27.0;13.0;4.0;0.0;13.0;41.0;79.0;0.0;0.0;6.0;3.0;9.0;5.0;0.0;2.0;0.0;0.0;0.0;0.0;1.0;0.0;44.0;1.0;0.0
2024;2024/1;MG;285.0;34.0;53.0;51.0;96.0;38.0;11.0;2.0;113.0;53.0;90.0;0.0;0.0;20.0;20.0;10.0;19.0;0.0;0.0;0.0;0.0;0.0;1.0;2.0;0.0;66.0;3.0;1.0
2024;2024/1;MG;137.0;25.0;35.0;30.0;31.0;14.0;2.0;0.0;19.0;41.0;68.0;1.0;0.0;7.0;6.0;12.0;14.0;;0.0;0.0;0.0;0.0;0.0;2.0;0.0;36.0;0.0;1.0
2024;2024/1;MG;158.0;31.0;31.0;36.0;40.0;12.0;4.0;1.0;30.0;48.0;40.0;0.0;0.0;4.0;3.0;9.0;13.0;0.0;2.0;7.0;1.0;4.0;0.0;3.0;0.0;41.0;4.0;0.0
2024;2024/1;MG;151.0;57.0;33.0;15.0;29.0;13.0;2.0;0.0;44.0;30.0;57.0;1.0;0.0;5.0;7.0;12.0;10.0;0.0;0.0;1.0;0.0;0.0;0.0;0.0;0.0;31.0;3.0;0.0
2024;2024/1;MG;178.0;31.0;41.0;37.0;44.0;18.0;5.0;0.0;36.0;22.0;72.0;2.0;0.0;10.0;1.0;3.0;10.0;0.0;1.0;0.0;0.0;0.0;0.0;0.0;0.0;51.0;1.0;0.0
2024;2024/1;MG;151.0;40.0;35.0;25.0;34.0;15.0;2.0;0.0;46.0;25.0;68.0;2.0;0.0;9.0;4.0;6.0;5.0;2.0;3.0;0.0;0.0;0.0;0.0;6.0;0.0;42.0;39.0;0.0
2024;2024/1;MG;120.0;24.0;26.0;22.0;30.0;16.0;2.0;0.0;13.0;31.0;70.0;3.0;0.0;11.0;3.0;11.0;7.0;0.0;0.0;0.0;0.0;0.0;0.0;0.0;0.0;14.0;0.0;1.0
2024;2024/1;MG;85.0;15.0;24.0;15.0;18.0;10.0;1.0;1.0;13.0;19.0;32.0;2.0;0.0;5.0;6.0;7.0;3.0;0.0;1.0;0.0;0.0;0.0;0.0;0.0;0.0;21.0;2.0;0.0
2024;2024/1;MG;232.0;35.0;55.0;50.0;70.0;20.0;1.0;0.0;65.0;53.0;79.0;0.0;0.0;19.0;6.0;19.0;15.0;0.0;0.0;0.0;0.0;0.0;0.0;5.0;0.0;97.0;2.0;1.0
2024;2024/1;MG;177.0;22.0;34.0;35.0;60.0;19.0;7.0;0.0;70.0;31.0;73.0;0.0;0.0;13.0;4.0;10.0;16.0;0.0;2.0;0.0;0.0;0.0;0.0;3.0;0.0;71.0;0.0;0.0
2024;2024/1;MG;95.0;15.0;16.0;20.0;27.0;12.0;5.0;0.0;16.0;19.0;58.0;0.0;0.0;13.0;2.0;7.0;11.0;0.0;0.0;0.0;0.0;0.0;0.0;2.0;0.0;18.0;0.0;0.0
2024;2024/1;MG;128.0;15.0;20.0;25.0;39.0;26.0;3.0;0.0;5.0;14.0;27.0;1.0;0.0;20.0;8.0;7.0;0.0;0.0;3.0;0.0;0.0;0.0;1.0;1.0;0.0;37.0;5.0;0.0
2024;2024/1;MG;156.0;45.0;21.0;28.0;34.0;21.0;5.0;2.0;34.0;40.0;62.0;6.0;0.0;10.0;2.0;17.0;9.0;0.0;1.0;3.0;0.0;0.0;0.0;2.0;0.0;47.0;1.0;0.0
2024;2024/1;MG;456.0;105.0;95.0;98.0;113.0;43.0;2.0;0.0;70.0;142.0;229.0;11.0;0.0;34.0;20.0;26.0;34.0;0.0;4.0;0.0;0.0;0.0;0.0;3.0;0.0;106.0;3.0;0.0
2024;2024/1;MG;90.0;26.0;16.0;14.0;18.0;10.0;6.0;0.0;10.0;19.0;57.0;0.0;0.0;3.0;8.0;1.0;2.0;3.0;2.0;2.0;3.0;0.0;1.0;1.0;1.0;51.0;32.0;0.0
2024;2024/1;MG;284.0;58.0;63.0;54.0;79.0;26.0;2.0;2.0;89.0;84.0;90.0;21.0;0.0;21.0;12.0;20.0;0.0;0.0;1.0;0.0;0.0;0.0;2.0;6.0;0.0;69.0;2.0;0.0
2024;2024/1;MG;252.0;48.0;60.0;46.0;69.0;26.0;2.0;1.0;60.0;63.0;114.0;2.0;0.0;6.0;10.0;4.0;16.0;0.0;3.0;0.0;0.0;0.0;1.0;2.0;0.0;65.0;6.0;0.0
2024;2024/1;MG;211.0;58.0;49.0;46.0;44.0;10.0;2.0;2.0;58.0;50.0;80.0;1.0;0.0;10.0;15.0;9.0;15.0;0.0;1.0;0.0;0.0;0.0;1.0;2.0;1.0;63.0;2.0;1.0
2024;2024/1;MG;103.0;26.0;24.0;13.0;20.0;18.0;1.0;0.0;16.0;31.0;56.0;;;1.0;4.0;4.0;3.0;;;;;;;1.0;3.0;34.0;;
2024;2024/1;MG;145.0;17.0;30.0;25.0;49.0;18.0;1.0;2.0;13.0;40.0;76.0;0.0;0.0;10.0;14.0;3.0;7.0;0.0;0.0;0.0;0.0;0.0;1.0;1.0;0.0;29.0;1.0;1.0
2024;2024/1;MG;471.0;105.0;117.0;85.0;126.0;32.0;5.0;0.0;65.0;156.0;241.0;5.0;0.0;0.0;0.0;0.0;0.0;0.0;0.0;0.0;0.0;0.0;0.0;0.0;0.0;0.0;0.0;0.0
2024;2024/1;MG;226.0;40.0;55.0;39.0;57.0;30.0;5.0;0.0;36.0;44.0;133.0;3.0;0.0;10.0;6.0;11.0;15.0;0.0;0.0;1.0;0.0;0.0;1.0;1.0;0.0;47.0;0.0;0.0
2024;2024/1;MG;186.0;23.0;49.0;36.0;55.0;21.0;2.0;0.0;21.0;50.0;99.0;1.0;0.0;12.0;7.0;9.0;2.0;0.0;0.0;0.0;1.0;0.0;0.0;1.0;0.0;65.0;4.0;1.0
2024;2024/1;MG;182.0;35.0;47.0;46.0;39.0;12.0;3.0;0.0;46.0;59.0;72.0;1.0;0.0;8.0;8.0;11.0;13.0;0.0;0.0;0.0;0.0;0.0;0.0;2.0;0.0;41.0;4.0;0.0
2024;2024/1;MG;172.0;33.0;36.0;29.0;46.0;20.0;8.0;0.0;48.0;32.0;73.0;3.0;0.0;7.0;5.0;12.0;10.0;0.0;0.0;0.0;0.0;0.0;0.0;2.0;0.0;52.0;;
2024;2024/1;MG;75.0;18.0;14.0;12.0;27.0;3.0;1.0;0.0;29.0;9.0;36.0;1.0;0.0;0.0;4.0;10.0;0.0;0.0;0.0;0.0;0.0;0.0;1.0;0.0;0.0;25.0;1.0;1.0
2024;2024/1;MG;810.0;127.0;173.0;168.0;241.0;88.0;10.0;3.0;222.0;202.0;376.0;10.0;0.0;91.0;40.0;100.0;42.0;0.0;6.0;0.0;0.0;0.0;5.0;17.0;0.0;270.0;7.0;2.0
2024;2024/1;MG;242.0;42.0;43.0;60.0;71.0;25.0;1.0;0.0;71.0;52.0;118.0;1.0;0.0;0.0;30.0;20.0;11.0;0.0;0.0;0.0;2.0;0.0;3.0;8.0;0.0;36.0;0.0;0.0
2024;2024/1;MG;587.0;130.0;129.0;85.0;177.0;55.0;11.0;0.0;85.0;150.0;344.0;8.0;0.0;36.0;42.0;37.0;43.0;0.0;0.0;0.0;0.0;0.0;1.0;5.0;5.0;201.0;6.0;0.0
2024;2024/1;MG;105.0;17.0;26.0;18.0;32.0;11.0;1.0;0.0;11.0;27.0;64.0;2.0;1.0;25.0;6.0;5.0;5.0;2.0;6.0;0.0;0.0;0.0;0.0;1.0;0.0;15.0;6.0;0.0
2024;2024/1;MG;401.0;60.0;96.0;73.0;125.0;43.0;3.0;0.0;145.0;57.0;192.0;3.0;0.0;35.0;27.0;36.0;26.0;0.0;2.0;1.0;0.0;0.0;2.0;8.0;0.0;95.0;0.0;0.0
2024;2024/1;MG;132.0;43.0;30.0;24.0;29.0;6.0;0.0;0.0;22.0;31.0;78.0;1.0;0.0;0.0;3.0;10.0;18.0;0.0;1.0;0.0;0.0;0.0;2.0;3.0;0.0;85.0;3.0;0.0
2024;2024/1;MG;174.0;44.0;28.0;38.0;42.0;19.0;2.0;1.0;28.0;32.0;96.0;1.0;0.0;13.0;9.0;8.0;6.0;0.0;1.0;0.0;0.0;0.0;2.0;3.0;0.0;43.0;3.0;1.0
2024;2024/1;MG;91.0;16.0;17.0;19.0;22.0;11.0;4.0;0.0;10.0;27.0;46.0;1.0;1.0;4.0;0.0;11.0;3.0;0.0;0.0;0.0;1.0;0.0;0.0;0.0;0.0;17.0;0.0;1.0
2024;2024/1;MG;1137.0;156.0;256.0;259.0;323.0;118.0;22.0;2.0;501.0;187.0;432.0;16.0;0.0;44.0;39.0;52.0;45.0;0.0;7.0;0.0;0.0;0.0;7.0;0.0;11.0;346.0;22.0;7.0
2024;2024/1;MG;81.0;14.0;12.0;16.0;21.0;15.0;3.0;0.0;16.0;9.0;52.0;1.0;0.0;6.0;0.0;7.0;0.0;0.0;0.0;0.0;0.0;0.0;0.0;0.0;0.0;21.0;0.0;0.0
2024;2024/1;MG;185.0;15.0;24.0;34.0;60.0;42.0;10.0;0.0;20.0;51.0;109.0;1.0;1.0;4.0;4.0;1.0;0.0;0.0;0.0;0.0;0.0;0.0;0.0;1.0;0.0;8.0;0.0;0.0
2024;2024/1;MG;133.0;25.0;27.0;29.0;30.0;17.0;3.0;2.0;19.0;27.0;81.0;2.0;0.0;3.0;2.0;2.0;11.0;0.0;0.0;0.0;0.0;0.0;0.0;0.0;1.0;27.0;0.0;0.0
2024;2024/1;MG;202.0;42.0;41.0;26.0;70.0;19.0;3.0;0.0;41.0;23.0;79.0;2.0;0.0;9.0;19.0;12.0;0.0;0.0;1.0;0.0;0.0;0.0;0.0;2.0;0.0;64.0;15.0;0.0
2024;2024/1;MG;138.0;24.0;37.0;26.0;44.0;6.0;1.0;0.0;36.0;31.0;70.0;1.0;0.0;11.0;3.0;11.0;5.0;0.0;0.0;0.0;0.0;0.0;0.0;3.0;0.0;53.0;0.0;0.0
2024;2024/1;MG;225.0;43.0;61.0;36.0;54.0;28.0;3.0;0.0;76.0;39.0;107.0;3.0;0.0;23.0;14.0;19.0;14.0;0.0;0.0;0.0;0.0;0.0;0.0;6.0;0.0;78.0;1.0;0.0
2024;2024/1;MG;57.0;0.0;1.0;3.0;15.0;36.0;2.0;0.0;12.0;16.0;25.0;0.0;0.0;0.0;0.0;0.0;1.0;0.0;0.0;0.0;0.0;0.0;0.0;0.0;0.0;0.0;0.0;0.0
2024;2024/1;MG;86.0;14.0;16.0;13.0;22.0;17.0;2.0;2.0;12.0;30.0;42.0;1.0;0.0;3.0;0.0;0.0;0.0;4.0;2.0;0.0;0.0;0.0;0.0;0.0;0.0;18.0;2.0;2.0
2024;2024/1;MG;363.0;79.0;81.0;75.0;97.0;26.0;4.0;0.0;41.0;56.0;114.0;1.0;0.0;11.0;2.0;18.0;13.0;0.0;0.0;0.0;0.0;0.0;0.0;4.0;0.0;67.0;0.0;0.0
2024;2024/1;MG;125.0;31.0;28.0;21.0;32.0;11.0;2.0;0.0;14.0;39.0;48.0;1.0;0.0;13.0;2.0;12.0;10.0;0.0;0.0;0.0;0.0;0.0;0.0;3.0;0.0;32.0;3.0;1.0
2024;2024/1;MG;150.0;41.0;35.0;19.0;31.0;19.0;3.0;2.0;6.0;35.0;108.0;1.0;0.0;0.0;14.0;0.0;15.0;5.0;0.0;0.0;0.0;0.0;0.0;0.0;0.0;45.0;0.0;0.0
2024;2024/1;MG;157.0;36.0;33.0;24.0;47.0;15.0;1.0;1.0;30.0;37.0;56.0;4.0;0.0;14.0;0.0;0.0;20.0;3.0;0.0;0.0;0.0;0.0;0.0;4.0;0.0;45.0;10.0;0.0
2024;2024/1;MG;226.0;36.0;52.0;48.0;52.0;32.0;5.0;1.0;54.0;71.0;95.0;6.0;0.0;9.0;10.0;14.0;15.0;0.0;6.0;0.0;0.0;0.0;0.0;2.0;0.0;42.0;1.0;1.0
2024;2024/1;MG;134.0;9.0;41.0;32.0;39.0;13.0;0.0;0.0;25.0;38.0;69.0;2.0;0.0;1.0;3.0;6.0;17.0;0.0;0.0;1.0;0.0;0.0;1.0;2.0;0.0;80.0;1.0;0.0
2024;2024/1;MG;92.0;33.0;26.0;11.0;20.0;2.0;0.0;0.0;12.0;21.0;57.0;1.0;0.0;3.0;3.0;2.0;4.0;0.0;1.0;0.0;0.0;0.0;4.0;2.0;2.0;32.0;0.0;0.0
2024;2024/1;MG;195.0;33.0;44.0;39.0;64.0;14.0;1.0;0.0;58.0;45.0;88.0;3.0;0.0;18.0;13.0;27.0;13.0;0.0;1.0;0.0;0.0;0.0;2.0;7.0;0.0;32.0;0.0;0.0
2024;2024/1;MG;222.0;43.0;47.0;43.0;72.0;14.0;2.0;1.0;53.0;78.0;87.0;2.0;0.0;24.0;21.0;12.0;12.0;0.0;1.0;0.0;0.0;0.0;1.0;2.0;0.0;50.0;0.0;0.0
2024;2024/1;MG;136.0;16.0;29.0;35.0;34.0;19.0;3.0;0.0;32.0;46.0;51.0;6.0;0.0;8.0;20.0;6.0;7.0;0.0;0.0;2.0;0.0;0.0;0.0;1.0;0.0;51.0;2.0;0.0
2024;2024/1;MG;175.0;37.0;39.0;30.0;47.0;19.0;1.0;1.0;48.0;43.0;78.0;6.0;0.0;11.0;10.0;24.0;14.0;0.0;5.0;0.0;0.0;0.0;1.0;3.0;1.0;47.0;1.0;1.0
2024;2024/1;MG;141.0;24.0;26.0;26.0;39.0;22.0;4.0;0.0;56.0;28.0;49.0;3.0;0.0;16.0;0.0;4.0;17.0;2.0;0.0;0.0;0.0;0.0;0.0;1.0;0.0;23.0;0.0;0.0
2024;2024/1;MG;105.0;15.0;20.0;18.0;25.0;23.0;4.0;0.0;9.0;41.0;51.0;1.0;0.0;1.0;4.0;3.0;3.0;0.0;1.0;0.0;0.0;0.0;0.0;3.0;0.0;27.0;6.0;0.0
2024;2024/1;MG;153.0;24.0;39.0;26.0;45.0;14.0;4.0;1.0;17.0;51.0;72.0;7.0;4.0;3.0;4.0;5.0;9.0;0.0;0.0;0.0;0.0;0.0;0.0;2.0;1.0;18.0;0.0;1.0
2024;2024/1;MG;218.0;64.0;49.0;37.0;44.0;19.0;5.0;0.0;47.0;50.0;112.0;5.0;0.0;15.0;13.0;9.0;20.0;0.0;1.0;0.0;0.0;0.0;0.0;1.0;0.0;80.0;4.0;1.0
2024;2024/1;MG;162.0;48.0;36.0;26.0;34.0;17.0;1.0;0.0;26.0;54.0;78.0;2.0;0.0;9.0;8.0;5.0;8.0;0.0;1.0;0.0;0.0;0.0;2.0;2.0;0.0;48.0;15.0;1.0
2024;2024/1;MG;179.0;31.0;46.0;27.0;48.0;24.0;2.0;1.0;24.0;44.0;103.0;6.0;2.0;13.0;3.0;6.0;4.0;0.0;0.0;0.0;0.0;0.0;0.0;1.0;0.0;67.0;1.0;0.0
2024;2024/1;MG;142.0;25.0;26.0;36.0;39.0;14.0;2.0;0.0;26.0;44.0;39.0;5.0;0.0;8.0;8.0;7.0;14.0;0.0;0.0;0.0;0.0;0.0;0.0;1.0;0.0;42.0;1.0;1.0
2024;2024/1;MG;78.0;12.0;9.0;19.0;25.0;13.0;0.0;0.0;10.0;20.0;19.0;0.0;0.0;6.0;5.0;3.0;0.0;0.0;1.0;0.0;0.0;0.0;0.0;2.0;0.0;18.0;0.0;0.0
2024;2024/1;MG;113.0;14.0;23.0;23.0;36.0;14.0;2.0;1.0;14.0;19.0;33.0;0.0;0.0;11.0;0.0;6.0;13.0;2.0;1.0;0.0;0.0;0.0;0.0;2.0;0.0;31.0;6.0;0.0
2024;2024/1;MG;164.0;26.0;34.0;35.0;44.0;25.0;0.0;0.0;50.0;37.0;75.0;2.0;0.0;18.0;10.0;17.0;0.0;0.0;0.0;0.0;0.0;0.0;0.0;0.0;0.0;65.0;4.0;1.0
2024;2024/1;MG;222.0;31.0;42.0;43.0;66.0;30.0;9.0;0.0;91.0;26.0;104.0;1.0;0.0;6.0;15.0;9.0;18.0;;;;;;2.0;3.0;1.0;46.0;1.0;
2024;2024/1;MG;111.0;34.0;19.0;17.0;27.0;14.0;0.0;0.0;20.0;25.0;60.0;5.0;0.0;8.0;13.0;0.0;10.0;2.0;0.0;0.0;0.0;0.0;0.0;0.0;0.0;49.0;6.0;0.0
2024;2024/1;MG;132.0;30.0;23.0;19.0;32.0;22.0;4.0;2.0;13.0;28.0;66.0;2.0;0.0;3.0;3.0;5.0;6.0;;;;;;;;;33.0;2.0;
2024;2024/1;MG;112.0;24.0;21.0;19.0;35.0;11.0;2.0;0.0;14.0;36.0;51.0;2.0;0.0;5.0;5.0;2.0;10.0;0.0;1.0;0.0;1.0;0.0;0.0;0.0;0.0;37.0;2.0;0.0
2024;2024/1;MG;91.0;32.0;17.0;12.0;23.0;7.0;0.0;0.0;11.0;23.0;54.0;3.0;0.0;12.0;;7.0;;;;;;;;;;43.0;;
2024;2024/1;MG;262.0;82.0;57.0;41.0;61.0;18.0;2.0;1.0;56.0;66.0;118.0;5.0;0.0;15.0;9.0;26.0;31.0;0.0;0.0;0.0;0.0;0.0;1.0;2.0;0.0;51.0;1.0;0.0
2024;2024/1;MG;99.0;15.0;19.0;11.0;31.0;20.0;2.0;1.0;11.0;36.0;38.0;0.0;0.0;0.0;2.0;3.0;2.0;0.0;0.0;0.0;0.0;0.0;0.0;0.0;0.0;9.0;0.0;1.0
2024;2024/1;MG;87.0;15.0;12.0;30.0;22.0;7.0;1.0;0.0;21.0;14.0;37.0;0.0;0.0;5.0;2.0;1.0;3.0;0.0;2.0;0.0;0.0;0.0;2.0;1.0;0.0;34.0;0.0;0.0
2024;2024/1;MG;279.0;64.0;57.0;61.0;69.0;23.0;4.0;1.0;64.0;66.0;141.0;1.0;0.0;20.0;20.0;31.0;31.0;0.0;2.0;1.0;0.0;0.0;1.0;1.0;2.0;50.0;1.0;1.0
2024;2024/1;MG;387.0;87.0;79.0;78.0;104.0;31.0;8.0;0.0;122.0;77.0;140.0;5.0;0.0;27.0;54.0;45.0;0.0;0.0;3.0;0.0;0.0;0.0;0.0;4.0;1.0;;;
2024;2024/1;MG;85.0;20.0;18.0;9.0;21.0;13.0;4.0;0.0;11.0;23.0;46.0;3.0;0.0;1.0;1.0;2.0;;;;;;;;;;29.0;;
2024;2024/1;MG;107.0;25.0;25.0;23.0;26.0;8.0;0.0;0.0;13.0;34.0;60.0;0.0;0.0;;;;;;;;;;;;;;;
2024;2024/1;MG;91.0;21.0;17.0;24.0;23.0;5.0;1.0;0.0;8.0;24.0;57.0;2.0;0.0;8.0;7.0;11.0;1.0;0.0;0.0;0.0;0.0;0.0;0.0;1.0;0.0;27.0;2.0;0.0
2024;2024/1;MG;143.0;37.0;27.0;31.0;32.0;16.0;0.0;0.0;31.0;38.0;71.0;1.0;0.0;0.0;5.0;3.0;3.0;0.0;0.0;0.0;0.0;0.0;0.0;1.0;0.0;50.0;5.0;0.0
2024;2024/1;MG;194.0;41.0;52.0;40.0;46.0;14.0;1.0;0.0;14.0;61.0;106.0;1.0;0.0;8.0;2.0;25.0;6.0;0.0;1.0;0.0;0.0;0.0;1.0;0.0;0.0;47.0;0.0;0.0
2024;2024/1;MG;207.0;15.0;36.0;51.0;76.0;22.0;7.0;0.0;96.0;37.0;70.0;3.0;0.0;38.0;0.0;18.0;0.0;0.0;0.0;0.0;0.0;0.0;0.0;0.0;0.0;46.0;0.0;0.0
2024;2024/1;MG;114.0;17.0;24.0;24.0;31.0;16.0;2.0;0.0;21.0;37.0;51.0;2.0;3.0;4.0;2.0;9.0;9.0;0.0;0.0;0.0;0.0;0.0;0.0;0.0;0.0;19.0;1.0;0.0
2024;2024/1;MG;780.0;125.0;155.0;166.0;239.0;87.0;8.0;0.0;314.0;124.0;323.0;11.0;0.0;36.0;33.0;53.0;58.0;0.0;2.0;0.0;0.0;0.0;5.0;7.0;1.0;286.0;4.0;5.0
2024;2024/1;MG;139.0;41.0;34.0;23.0;34.0;7.0;0.0;0.0;40.0;15.0;31.0;0.0;0.0;17.0;16.0;3.0;7.0;0.0;0.0;0.0;0.0;0.0;1.0;2.0;0.0;34.0;1.0;0.0
2024;2024/1;MG;111.0;15.0;27.0;18.0;41.0;9.0;1.0;0.0;28.0;25.0;57.0;1.0;0.0;7.0;0.0;22.0;12.0;0.0;0.0;0.0;0.0;0.0;0.0;2.0;0.0;29.0;11.0;0.0
2024;2024/1;MG;99.0;22.0;26.0;20.0;23.0;6.0;2.0;0.0;27.0;18.0;53.0;1.0;0.0;20.0;5.0;2.0;15.0;0.0;0.0;0.0;0.0;0.0;1.0;10.0;0.0;12.0;12.0;0.0
2024;2024/1;MG;76.0;10.0;8.0;18.0;19.0;17.0;4.0;0.0;31.0;11.0;34.0;0.0;0.0;1.0;5.0;5.0;5.0;0.0;1.0;0.0;0.0;0.0;0.0;1.0;0.0;9.0;3.0;0.0
2024;2024/1;MG;195.0;31.0;46.0;52.0;46.0;16.0;4.0;0.0;53.0;57.0;73.0;1.0;1.0;12.0;6.0;11.0;19.0;0.0;1.0;0.0;0.0;0.0;1.0;5.0;0.0;40.0;3.0;0.0
2024;2024/1;MG;178.0;25.0;35.0;36.0;53.0;18.0;8.0;2.0;56.0;37.0;84.0;1.0;0.0;3.0;17.0;2.0;23.0;6.0;0.0;0.0;0.0;0.0;2.0;0.0;0.0;64.0;0.0;0.0
2024;2024/1;MG;93.0;12.0;17.0;15.0;30.0;15.0;3.0;1.0;11.0;10.0;38.0;2.0;0.0;3.0;2.0;2.0;6.0;0.0;0.0;0.0;0.0;0.0;0.0;0.0;0.0;16.0;0.0;0.0
2024;2024/1;MG;105.0;38.0;24.0;11.0;26.0;6.0;0.0;0.0;15.0;30.0;58.0;2.0;0.0;4.0;7.0;2.0;4.0;0.0;0.0;0.0;0.0;0.0;0.0;1.0;0.0;46.0;0.0;0.0
2024;2024/1;MG;152.0;18.0;30.0;25.0;55.0;23.0;1.0;0.0;78.0;25.0;45.0;4.0;0.0;5.0;5.0;9.0;10.0;0.0;1.0;0.0;0.0;0.0;2.0;0.0;0.0;66.0;3.0;1.0
2024;2024/1;MG;95.0;6.0;25.0;19.0;28.0;14.0;3.0;0.0;23.0;19.0;51.0;2.0;0.0;9.0;1.0;4.0;3.0;0.0;0.0;0.0;0.0;0.0;1.0;3.0;0.0;27.0;1.0;0.0
2024;2024/1;MG;155.0;10.0;33.0;30.0;58.0;20.0;3.0;0.0;50.0;35.0;60.0;3.0;0.0;13.0;9.0;7.0;10.0;0.0;1.0;0.0;0.0;0.0;0.0;0.0;0.0;29.0;6.0;2.0
2024;2024/1;MG;332.0;63.0;71.0;62.0;101.0;28.0;6.0;1.0;89.0;69.0;171.0;3.0;0.0;34.0;38.0;22.0;32.0;;1.0;;;;1.0;;;62.0;3.0;
2024;2024/1;MG;191.0;44.0;41.0;27.0;45.0;27.0;6.0;1.0;22.0;52.0;92.0;0.0;0.0;5.0;3.0;7.0;4.0;0.0;1.0;0.0;0.0;0.0;1.0;1.0;0.0;58.0;2.0;1.0
2024;2024/1;MG;111.0;19.0;38.0;26.0;21.0;6.0;0.0;1.0;17.0;34.0;56.0;1.0;0.0;17.0;16.0;13.0;16.0;3.0;0.0;0.0;0.0;0.0;1.0;2.0;0.0;26.0;1.0;2.0
2024;2024/1;MG;1392.0;172.0;431.0;362.0;342.0;79.0;6.0;0.0;208.0;400.0;768.0;13.0;1.0;114.0;0.0;524.0;0.0;0.0;19.0;8.0;0.0;0.0;10.0;70.0;0.0;674.0;142.0;0.0
2024;2024/1;MG;1298.0;230.0;377.0;303.0;305.0;80.0;2.0;1.0;195.0;374.0;709.0;19.0;0.0;54.0;33.0;151.0;107.0;0.0;1.0;2.0;0.0;0.0;2.0;29.0;2.0;499.0;0.0;6.0
2024;2024/1;MG;651.0;103.0;120.0;126.0;217.0;73.0;10.0;1.0;198.0;179.0;269.0;3.0;0.0;53.0;31.0;35.0;45.0;0.0;2.0;0.0;0.0;0.0;4.0;4.0;0.0;220.0;20.0;1.0
2024;2024/1;MG;115.0;45.0;25.0;20.0;13.0;8.0;4.0;0.0;15.0;60.0;40.0;0.0;0.0;10.0;6.0;10.0;8.0;0.0;0.0;0.0;0.0;0.0;1.0;5.0;0.0;25.0;5.0;0.0
2024;2024/1;MG;117.0;20.0;18.0;19.0;41.0;17.0;2.0;0.0;16.0;29.0;64.0;1.0;0.0;26.0;0.0;22.0;1.0;1.0;0.0;0.0;0.0;0.0;0.0;2.0;0.0;25.0;0.0;0.0
2024;2024/1;MG;480.0;60.0;93.0;106.0;139.0;65.0;10.0;5.0;194.0;78.0;202.0;4.0;0.0;33.0;21.0;21.0;45.0;0.0;5.0;0.0;0.0;0.0;0.0;4.0;1.0;230.0;20.0;2.0
2024;2024/1;MG;294.0;40.0;75.0;48.0;97.0;31.0;3.0;0.0;105.0;53.0;123.0;3.0;0.0;23.0;18.0;24.0;19.0;0.0;1.0;0.0;0.0;0.0;5.0;8.0;0.0;88.0;4.0;0.0
2024;2024/1;MG;112.0;34.0;31.0;14.0;24.0;6.0;3.0;0.0;15.0;24.0;68.0;2.0;0.0;9.0;1.0;11.0;1.0;0.0;1.0;0.0;0.0;0.0;1.0;2.0;0.0;31.0;0.0;0.0
2024;2024/1;MG;104.0;23.0;13.0;12.0;37.0;15.0;3.0;1.0;15.0;28.0;56.0;2.0;1.0;1.0;6.0;4.0;0.0;0.0;0.0;0.0;0.0;0.0;0.0;0.0;0.0;20.0;1.0;0.0
2024;2024/1;MG;648.0;137.0;136.0;123.0;158.0;78.0;16.0;0.0;63.0;150.0;351.0;11.0;0.0;20.0;14.0;21.0;25.0;0.0;1.0;0.0;0.0;0.0;1.0;3.0;0.0;141.0;6.0;3.0
2024;2024/1;MG;171.0;28.0;46.0;29.0;45.0;21.0;2.0;0.0;34.0;51.0;85.0;1.0;0.0;8.0;11.0;3.0;10.0;0.0;0.0;1.0;0.0;0.0;2.0;0.0;0.0;65.0;7.0;3.0
2024;2024/1;MG;57.0;11.0;12.0;10.0;20.0;3.0;1.0;0.0;11.0;9.0;35.0;2.0;0.0;4.0;4.0;3.0;4.0;0.0;0.0;0.0;0.0;0.0;0.0;3.0;0.0;9.0;0.0;0.0
2024;2024/1;MG;196.0;39.0;38.0;37.0;50.0;23.0;8.0;1.0;45.0;57.0;92.0;2.0;0.0;19.0;0.0;0.0;0.0;0.0;0.0;0.0;0.0;0.0;0.0;0.0;0.0;0.0;0.0;0.0
2024;2024/1;MG;110.0;24.0;20.0;28.0;25.0;10.0;3.0;0.0;38.0;16.0;55.0;1.0;0.0;8.0;5.0;11.0;6.0;2.0;0.0;0.0;0.0;0.0;0.0;1.0;0.0;29.0;9.0;1.0
2024;2024/1;MG;86.0;16.0;19.0;12.0;23.0;14.0;2.0;0.0;23.0;9.0;54.0;0.0;0.0;2.0;1.0;3.0;8.0;0.0;2.0;0.0;0.0;0.0;0.0;1.0;0.0;10.0;2.0;0.0
2024;2024/1;MG;256.0;56.0;61.0;51.0;59.0;24.0;5.0;0.0;70.0;86.0;90.0;5.0;0.0;14.0;13.0;10.0;19.0;0.0;0.0;0.0;0.0;0.0;0.0;3.0;0.0;95.0;12.0;3.0
2024;2024/1;MG;220.0;48.0;38.0;34.0;60.0;34.0;5.0;1.0;33.0;37.0;142.0;5.0;0.0;17.0;15.0;18.0;13.0;0.0;2.0;0.0;0.0;0.0;0.0;2.0;0.0;42.0;1.0;1.0
2024;2024/1;MG;295.0;48.0;60.0;65.0;85.0;31.0;5.0;1.0;90.0;69.0;133.0;3.0;0.0;24.0;24.0;0.0;20.0;0.0;1.0;0.0;0.0;0.0;1.0;5.0;1.0;66.0;1.0;0.0
2024;2024/1;MG;212.0;51.0;44.0;32.0;61.0;23.0;1.0;0.0;36.0;57.0;115.0;4.0;0.0;7.0;12.0;13.0;0.0;0.0;0.0;2.0;0.0;0.0;2.0;1.0;0.0;67.0;3.0;0.0
2024;2024/1;MG;237.0;49.0;62.0;40.0;56.0;27.0;3.0;0.0;55.0;85.0;93.0;3.0;0.0;8.0;9.0;20.0;22.0;0.0;0.0;0.0;0.0;0.0;1.0;4.0;0.0;75.0;6.0;0.0
2024;2024/1;MG;93.0;24.0;22.0;8.0;28.0;11.0;0.0;0.0;9.0;26.0;41.0;0.0;0.0;5.0;7.0;1.0;4.0;0.0;0.0;0.0;0.0;0.0;1.0;0.0;0.0;19.0;1.0;0.0
2024;2024/1;MG;91.0;14.0;23.0;10.0;29.0;12.0;3.0;0.0;13.0;21.0;37.0;3.0;1.0;0.0;2.0;0.0;2.0;0.0;0.0;0.0;0.0;0.0;0.0;0.0;0.0;10.0;2.0;2.0
2024;2024/1;MG;7023.0;;;;;;;;;;;;;;;;;;;;;;;;;;;
2024;2024/1;MS;4.0;3.0;0.0;1.0;0.0;0.0;0.0;0.0;4.0;0.0;0.0;0.0;0.0;;;;;;;;;;;;;4.0;;
2024;2024/1;MS;1298.0;89.0;277.0;274.0;435.0;143.0;77.0;3.0;431.0;133.0;647.0;2.0;6.0;;;;;;;;;;;;;;;
2024;2024/1;MS;159.0;15.0;18.0;44.0;41.0;33.0;8.0;0.0;59.0;18.0;82.0;0.0;0.0;3.0;4.0;10.0;7.0;2.0;0.0;0.0;0.0;0.0;1.0;2.0;0.0;38.0;5.0;1.0
2024;2024/1;MS;174.0;22.0;35.0;36.0;53.0;28.0;0.0;0.0;63.0;27.0;84.0;0.0;0.0;18.0;4.0;11.0;11.0;;;;;;;2.0;;96.0;1.0;1.0
2024;2024/1;MS;30.0;3.0;11.0;6.0;7.0;3.0;0.0;0.0;16.0;6.0;8.0;0.0;0.0;1.0;;4.0;;;;;;;1.0;1.0;;15.0;1.0;
2024;2024/1;MS;31.0;;;;;;;;;;;;;;;;;;;;;;;;;;;
2024;2024/1;MS;2375.0;335.0;581.0;525.0;747.0;169.0;18.0;0.0;735.0;304.0;1293.0;6.0;7.0;212.0;190.0;203.0;186.0;53.0;3.0;0.0;0.0;0.0;10.0;33.0;5.0;568.0;211.0;2.0
2024;2024/1;MS;321.0;64.0;67.0;55.0;54.0;60.0;15.0;6.0;87.0;91.0;129.0;0.0;14.0;53.0;;21.0;;;;;;;;;;87.0;;
2024;2024/1;MS;142.0;25.0;24.0;43.0;39.0;11.0;0.0;0.0;14.0;8.0;117.0;0.0;3.0;5.0;;10.0;;;;;;;;;;96.0;;
2024;2024/1;MS;274.0;39.0;53.0;56.0;93.0;29.0;4.0;;70.0;35.0;166.0;;3.0;5.0;7.0;2.0;8.0;4.0;0.0;0.0;0.0;0.0;1.0;6.0;0.0;82.0;3.0;3.0
2024;2024/1;MS;69.0;15.0;15.0;8.0;26.0;5.0;;;13.0;14.0;42.0;;;;;5.0;;;;;;;;1.0;;40.0;;
2024;2024/1;MS;111.0;19.0;20.0;22.0;33.0;15.0;2.0;0.0;34.0;7.0;55.0;2.0;13.0;3.0;2.0;4.0;3.0;4.0;1.0;0.0;0.0;0.0;0.0;2.0;0.0;35.0;33.0;24.0
2024;2024/1;MS;84.0;19.0;17.0;17.0;22.0;7.0;1.0;1.0;31.0;5.0;40.0;0.0;8.0;6.0;;7.0;;;;;;;;1.0;;58.0;;
2024;2024/1;MS;133.0;10.0;24.0;25.0;51.0;21.0;2.0;0.0;39.0;14.0;79.0;0.0;1.0;1.0;5.0;2.0;3.0;1.0;0.0;0.0;0.0;0.0;1.0;3.0;0.0;104.0;26.0;12.0
2024;2024/1;MS;75.0;11.0;16.0;14.0;17.0;13.0;4.0;0.0;24.0;3.0;45.0;0.0;3.0;0.0;0.0;1.0;5.0;0.0;0.0;0.0;0.0;0.0;0.0;1.0;0.0;0.0;12.0;53.0
2024;2024/1;MS;140.0;26.0;33.0;29.0;36.0;14.0;1.0;0.0;36.0;16.0;73.0;2.0;3.0;6.0;;6.0;;;;;;;1.0;1.0;;104.0;;
2024;2024/1;MS;104.0;13.0;16.0;23.0;42.0;9.0;1.0;0.0;44.0;6.0;47.0;0.0;1.0;0.0;8.0;2.0;4.0;5.0;1.0;0.0;0.0;0.0;0.0;0.0;0.0;14.0;7.0;7.0
2024;2024/1;MS;301.0;46.0;52.0;44.0;79.0;66.0;10.0;4.0;100.0;45.0;120.0;0.0;0.0;19.0;17.0;13.0;9.0;1.0;4.0;;;;;1.0;;79.0;;
2024;2024/1;MS;125.0;19.0;33.0;14.0;37.0;16.0;6.0;0.0;19.0;3.0;38.0;1.0;0.0;14.0;;15.0;;;;;;;;;;58.0;;
2024;2024/1;MS;87.0;12.0;14.0;12.0;33.0;13.0;1.0;2.0;19.0;7.0;25.0;0.0;14.0;7.0;;1.0;;;;;;;;1.0;;29.0;;
2024;2024/1;MS;66.0;4.0;15.0;17.0;20.0;9.0;1.0;0.0;2.0;9.0;55.0;0.0;0.0;;;;;;;;;;;;;;;
2024;2024/1;MS;180.0;37.0;37.0;28.0;47.0;28.0;3.0;;53.0;13.0;88.0;;26.0;29.0;10.0;11.0;7.0;1.0;;;;;;8.0;1.0;94.0;;
2024;2024/1;MS;217.0;19.0;32.0;34.0;76.0;41.0;14.0;1.0;14.0;9.0;180.0;0.0;14.0;28.0;16.0;15.0;12.0;4.0;0.0;0.0;0.0;0.0;6.0;6.0;0.0;89.0;0.0;0.0
2024;2024/1;MS;138.0;8.0;15.0;15.0;42.0;45.0;10.0;3.0;40.0;18.0;75.0;0.0;5.0;1.0;0.0;1.0;1.0;0.0;0.0;0.0;0.0;0.0;1.0;0.0;0.0;14.0;0.0;0.0
2024;2024/1;MS;116.0;8.0;17.0;12.0;41.0;25.0;9.0;4.0;60.0;17.0;39.0;0.0;0.0;;;;;;;;;;;;;;;
2024;2024/1;MS;646.0;83.0;134.0;125.0;194.0;92.0;16.0;2.0;93.0;60.0;492.0;0.0;0.0;56.0;;;138.0;7.0;;;;;;12.0;;;;214.0
2024;2024/1;MS;336.0;33.0;65.0;70.0;97.0;61.0;9.0;0.0;152.0;41.0;127.0;1.0;0.0;15.0;22.0;13.0;25.0;8.0;;;;;;8.0;;123.0;;
2024;2024/1;MS;65.0;6.0;14.0;9.0;24.0;11.0;1.0;0.0;14.0;11.0;37.0;0.0;3.0;8.0;7.0;1.0;8.0;0.0;0.0;0.0;0.0;0.0;1.0;1.0;0.0;27.0;3.0;2.0
2024;2024/1;MS;66.0;3.0;9.0;18.0;18.0;15.0;3.0;0.0;21.0;1.0;38.0;0.0;6.0;;9.0;3.0;;;;;;1.0;4.0;;;38.0;;
2024;2024/1;MS;107.0;4.0;14.0;23.0;40.0;19.0;6.0;1.0;9.0;10.0;84.0;0.0;4.0;0.0;10.0;2.0;3.0;0.0;0.0;0.0;1.0;0.0;2.0;6.0;0.0;28.0;5.0;2.0
2024;2024/1;MS;645.0;69.0;114.0;135.0;218.0;90.0;14.0;0.0;211.0;57.0;361.0;2.0;14.0;;;;;;;;;;;;;;;
2024;2024/1;MS;273.0;44.0;54.0;56.0;80.0;36.0;3.0;0.0;105.0;20.0;126.0;0.0;0.0;0.0;26.0;0.0;25.0;0.0;0.0;0.0;0.0;0.0;0.0;0.0;0.0;115.0;0.0;0.0
2024;2024/1;MS;1474.0;90.0;257.0;286.0;539.0;223.0;76.0;3.0;465.0;182.0;791.0;30.0;6.0;60.0;119.0;165.0;165.0;92.0;7.0;5.0;3.0;0.0;11.0;110.0;1.0;0.0;66.0;362.0
2024;2024/1;MS;4.0;0.0;1.0;1.0;1.0;1.0;0.0;0.0;2.0;0.0;2.0;0.0;0.0;;;;;;;;;;;;;4.0;;
2024;2024/1;MS;911.0;102.0;240.0;150.0;224.0;174.0;15.0;6.0;;;;;;46.0;45.0;53.0;152.0;15.0;1.0;0.0;2.0;0.0;6.0;39.0;0.0;206.0;36.0;29.0
2024;2024/1;MS;62.0;4.0;9.0;10.0;28.0;8.0;3.0;0.0;28.0;9.0;25.0;0.0;0.0;1.0;1.0;2.0;5.0;0.0;0.0;0.0;0.0;0.0;0.0;0.0;0.0;22.0;0.0;0.0
2024;2024/1;MS;100.0;9.0;13.0;17.0;32.0;25.0;4.0;0.0;24.0;7.0;52.0;0.0;2.0;12.0;7.0;5.0;4.0;4.0;0.0;0.0;0.0;0.0;0.0;3.0;0.0;29.0;4.0;4.0
2024;2024/1;MS;96.0;8.0;21.0;22.0;27.0;15.0;3.0;0.0;34.0;13.0;49.0;0.0;0.0;4.0;5.0;2.0;6.0;0.0;0.0;1.0;0.0;0.0;1.0;1.0;0.0;41.0;0.0;0.0
2024;2024/1;MS;196.0;15.0;27.0;43.0;39.0;48.0;16.0;0.0;136.0;6.0;42.0;0.0;0.0;2.0;;1.0;;;;;;;;;6.0;106.0;2.0;2.0
2024;2024/1;MS;501.0;;;;;;;;;;;;;;;;;;;;;;;;;;;
2024;2024/1;MS;742.0;113.0;124.0;151.0;245.0;93.0;15.0;1.0;179.0;74.0;439.0;2.0;45.0;61.0;62.0;14.0;117.0;21.0;4.0;1.0;3.0;0.0;30.0;40.0;3.0;215.0;42.0;26.0
2024;2024/1;MS;513.0;73.0;126.0;110.0;164.0;37.0;3.0;0.0;122.0;51.0;308.0;0.0;0.0;212.0;142.0;111.0;84.0;14.0;0.0;0.0;0.0;0.0;4.0;12.0;11.0;241.0;54.0;9.0
2024;2024/1;MS;516.0;70.0;97.0;105.0;191.0;45.0;6.0;2.0;145.0;80.0;286.0;1.0;4.0;56.0;79.0;16.0;128.0;27.0;3.0;2.0;4.0;0.0;5.0;60.0;0.0;275.0;47.0;28.0
2024;2024/1;MS;2558.0;289.0;549.0;539.0;799.0;335.0;47.0;;706.0;197.0;1458.0;;197.0;54.0;331.0;30.0;121.0;167.0;9.0;3.0;53.0;23.0;34.0;53.0;32.0;730.0;7.0;8.0
2024;2024/1;MS;139.0;1.0;2.0;24.0;61.0;38.0;2.0;0.0;42.0;11.0;80.0;1.0;0.0;11.0;5.0;55.0;110.0;15.0;2.0;2.0;0.0;0.0;0.0;20.0;0.0;195.0;58.0;23.0
2024;2024/1;MS;878.0;92.0;119.0;126.0;223.0;102.0;22.0;0.0;;;;;25.0;76.0;;99.0;;;;;;;;;;200.0;;33.0
2024;2024/1;MS;794.0;122.0;166.0;187.0;219.0;91.0;9.0;0.0;260.0;84.0;448.0;0.0;2.0;87.0;8.0;92.0;4.0;4.0;1.0;0.0;0.0;0.0;3.0;9.0;0.0;353.0;0.0;6.0
2024;2024/1;MS;655.0;161.0;125.0;127.0;150.0;55.0;10.0;2.0;183.0;57.0;367.0;0.0;4.0;;;;;;;;;;;;;;;
2024;2024/1;MS;3303.0;298.0;616.0;577.0;974.0;613.0;193.0;32.0;596.0;213.0;1388.0;2.0;25.0;150.0;0.0;0.0;0.0;0.0;0.0;0.0;0.0;0.0;0.0;0.0;0.0;1156.0;0.0;0.0
2024;2024/1;MS;489.0;78.0;95.0;103.0;127.0;77.0;9.0;0.0;73.0;17.0;101.0;0.0;4.0;0.0;43.0;0.0;42.0;0.0;0.0;0.0;0.0;0.0;0.0;0.0;0.0;250.0;51.0;49.0
2024;2024/1;MT;225.0;28.0;69.0;73.0;34.0;19.0;2.0;0.0;41.0;36.0;147.0;1.0;0.0;;;;;;;;;;;;;;;
2024;2024/1;MT;107.0;;;;;;;;;;;;;;;;;;;;;;;;;;;
2024;2024/1;MT;108.0;23.0;17.0;15.0;27.0;22.0;4.0;0.0;26.0;16.0;64.0;1.0;1.0;0.0;7.0;0.0;13.0;2.0;0.0;0.0;0.0;0.0;0.0;0.0;0.0;31.0;7.0;
2024;2024/1;MT;78.0;29.0;16.0;10.0;13.0;7.0;3.0;0.0;13.0;11.0;54.0;0.0;0.0;;;8.0;;;;;;;;;;22.0;8.0;
2024;2024/1;MT;142.0;43.0;22.0;24.0;33.0;14.0;4.0;2.0;10.0;24.0;108.0;0.0;0.0;2.0;3.0;1.0;7.0;2.0;;;;;;4.0;1.0;53.0;;
2024;2024/1;MT;273.0;42.0;55.0;45.0;72.0;47.0;12.0;0.0;46.0;40.0;180.0;2.0;5.0;;;;;;;;;;;;;;;
2024;2024/1;MT;207.0;54.0;46.0;42.0;39.0;21.0;5.0;0.0;42.0;44.0;119.0;2.0;0.0;;;;;;;;;;;;;;;
2024;2024/1;MT;37.0;0.0;0.0;2.0;12.0;20.0;3.0;0.0;11.0;6.0;19.0;1.0;0.0;;;;;;;;;;;;;;;
2024;2024/1;MT;114.0;22.0;24.0;21.0;29.0;15.0;3.0;0.0;23.0;19.0;72.0;0.0;0.0;;;;;;;;;;;;;;;
2024;2024/1;MT;85.0;15.0;16.0;13.0;22.0;15.0;4.0;0.0;12.0;16.0;56.0;1.0;0.0;;;;;;;;;;;;;;;
2024;2024/1;MT;399.0;98.0;70.0;78.0;107.0;40.0;6.0;0.0;53.0;55.0;289.0;2.0;0.0;;;;;;;;;;;;;;;
2024;2024/1;MT;70.0;16.0;14.0;16.0;16.0;6.0;2.0;0.0;9.0;14.0;47.0;0.0;0.0;;;;;;;;;;;;;;;
2024;2024/1;MT;137.0;25.0;19.0;18.0;46.0;26.0;3.0;0.0;26.0;22.0;85.0;2.0;1.0;;;;;;;;;;;;;;;
2024;2024/1;MT;120.0;32.0;22.0;13.0;33.0;15.0;5.0;0.0;21.0;19.0;69.0;0.0;2.0;;;;;;;;;;;;;;;
2024;2024/1;MT;196.0;;;;;;;;;;;;;;;;;;;;;;;;;;;
2024;2024/1;MT;98.0;30.0;15.0;18.0;20.0;11.0;4.0;0.0;20.0;10.0;40.0;20.0;0.0;;;;;;;;;;;;;;;
2024;2024/1;MT;71.0;17.0;19.0;7.0;12.0;10.0;6.0;0.0;17.0;14.0;40.0;0.0;0.0;;;;;;;;;;;;;;;
2024;2024/1;MT;77.0;17.0;10.0;11.0;22.0;11.0;6.0;0.0;13.0;15.0;49.0;0.0;0.0;;;;;;;;;;;;;;;
2024;2024/1;MT;64.0;13.0;10.0;10.0;16.0;15.0;0.0;0.0;20.0;9.0;32.0;1.0;1.0;;;;;;;;;;;;;;;
2024;2024/1;MT;261.0;40.0;50.0;43.0;79.0;37.0;12.0;0.0;60.0;33.0;165.0;3.0;0.0;;;;;;;;;;;;;;;
2024;2024/1;MT;340.0;125.0;55.0;40.0;77.0;39.0;4.0;0.0;71.0;52.0;213.0;3.0;1.0;;;;;;;;;;;;;;;
2024;2024/1;MT;62.0;18.0;15.0;10.0;13.0;5.0;1.0;0.0;11.0;18.0;32.0;1.0;0.0;;;;;;;;;;;;;;;
2024;2024/1;MT;90.0;17.0;19.0;13.0;28.0;10.0;3.0;0.0;9.0;22.0;58.0;0.0;1.0;;;;;;;;;;;;;;;
2024;2024/1;MT;75.0;25.0;16.0;13.0;10.0;9.0;2.0;0.0;17.0;9.0;48.0;0.0;1.0;;;;;;;;;;;;;;;
2024;2024/1;MT;54.0;9.0;15.0;12.0;13.0;4.0;1.0;0.0;9.0;5.0;37.0;3.0;0.0;;;;;;;;;;;;;;;
2024;2024/1;MT;131.0;65.0;23.0;17.0;19.0;6.0;1.0;0.0;20.0;26.0;84.0;0.0;1.0;;;;5.0;4.0;;;;;;;;100.0;50.0;
2024;2024/1;MT;41.0;7.0;8.0;8.0;12.0;5.0;1.0;0.0;10.0;6.0;23.0;2.0;0.0;3.0;0.0;0.0;0.0;1.0;0.0;0.0;0.0;0.0;0.0;0.0;0.0;17.0;0.0;0.0
2024;2024/1;MT;115.0;28.0;28.0;17.0;27.0;15.0;0.0;0.0;24.0;18.0;73.0;0.0;0.0;1.0;3.0;2.0;6.0;1.0;;;;;1.0;2.0;;82.0;27.0;7.0
2024;2024/1;MT;251.0;78.0;44.0;38.0;65.0;20.0;6.0;0.0;72.0;37.0;141.0;1.0;0.0;;;;;;;;;;;;;;;
2024;2024/1;MT;329.0;129.0;64.0;38.0;64.0;29.0;5.0;0.0;83.0;64.0;180.0;2.0;0.0;;;;;;;;;;;;;;;
2024;2024/1;MT;235.0;49.0;50.0;29.0;59.0;33.0;15.0;0.0;51.0;37.0;139.0;1.0;0.0;;;;;;;;;;;;;;;
2024;2024/1;MT;289.0;52.0;57.0;47.0;89.0;37.0;7.0;0.0;63.0;40.0;178.0;8.0;0.0;;;;;;;;;;;;;;;
2024;2024/1;MT;411.0;104.0;98.0;54.0;98.0;41.0;11.0;5.0;92.0;98.0;216.0;5.0;0.0;;;;;;;;;;;;;;;
2024;2024/1;MT;326.0;;;;;;;;;;;;;;;;;;;;;;;;;;;
2024;2024/1;MT;1055.0;85.0;200.0;211.0;342.0;169.0;48.0;0.0;191.0;199.0;621.0;4.0;1.0;;;;;;;;;;;;;;;
2024;2024/1;MT;27.0;0.0;0.0;0.0;9.0;15.0;3.0;0.0;8.0;9.0;10.0;0.0;0.0;1.0;2.0;;1.0;;;;;;;;;3.0;;
2024;2024/1;MT;6044.0;771.0;1244.0;1193.0;1770.0;811.0;160.0;64.0;1226.0;708.0;3130.0;63.0;6.0;;;;;;;;;;;;;;;
2024;2024/1;MT;2870.0;494.0;730.0;647.0;773.0;209.0;17.0;0.0;527.0;514.0;1716.0;30.0;3.0;;;;;;;;;;;;;;;
2024;2024/1;MT;1590.0;298.0;411.0;287.0;408.0;154.0;32.0;0.0;353.0;228.0;988.0;2.0;3.0;;;;;;;;;;;;;;;
2024;2024/1;MT;869.0;221.0;191.0;160.0;197.0;76.0;24.0;0.0;231.0;147.0;472.0;5.0;2.0;;;;;;;;;;;;;;;
2024;2024/1;MT;484.0;82.0;115.0;78.0;135.0;60.0;10.0;4.0;89.0;73.0;312.0;8.0;2.0;;;;;;;;;;;;;;;
2024;2024/1;MT;343.0;60.0;81.0;73.0;100.0;28.0;1.0;0.0;72.0;54.0;209.0;2.0;0.0;;;;;;;;;;;;;;;
2024;2024/1;PA;52.0;6.0;16.0;8.0;14.0;6.0;2.0;0.0;7.0;14.0;31.0;0.0;0.0;4.0;3.0;4.0;5.0;2.0;0.0;0.0;1.0;0.0;2.0;1.0;0.0;3.0;2.0;0.0
2024;2024/1;PA;106.0;56.0;32.0;18.0;0.0;0.0;0.0;0.0;65.0;32.0;9.0;0.0;0.0;8.0;0.0;25.0;0.0;0.0;0.0;0.0;0.0;0.0;10.0;0.0;0.0;39.0;0.0;0.0
2024;2024/1;PA;74.0;18.0;25.0;17.0;14.0;0.0;0.0;0.0;12.0;29.0;33.0;0.0;0.0;7.0;4.0;1.0;29.0;4.0;0.0;0.0;0.0;0.0;2.0;0.0;0.0;25.0;0.0;0.0
2024;2024/1;PA;114.0;41.0;32.0;24.0;8.0;4.0;5.0;0.0;24.0;32.0;58.0;0.0;0.0;0.0;6.0;5.0;23.0;0.0;0.0;0.0;0.0;0.0;5.0;0.0;0.0;15.0;1.0;0.0
2024;2024/1;PA;266.0;96.0;51.0;45.0;49.0;20.0;3.0;2.0;21.0;95.0;149.0;1.0;0.0;13.0;7.0;63.0;6.0;0.0;0.0;0.0;0.0;0.0;10.0;8.0;0.0;59.0;10.0;0.0
2024;2024/1;PA;402.0;253.0;84.0;26.0;19.0;8.0;0.0;0.0;21.0;99.0;275.0;0.0;7.0;42.0;80.0;85.0;70.0;20.0;0.0;0.0;0.0;0.0;35.0;4.0;0.0;180.0;48.0;0.0
2024;2024/1;PA;344.0;122.0;83.0;70.0;30.0;8.0;7.0;0.0;10.0;74.0;200.0;0.0;0.0;58.0;23.0;19.0;13.0;3.0;0.0;0.0;0.0;0.0;0.0;0.0;0.0;60.0;30.0;0.0
2024;2024/1;PA;419.0;149.0;112.0;60.0;42.0;35.0;15.0;6.0;130.0;146.0;127.0;0.0;0.0;8.0;6.0;6.0;13.0;2.0;0.0;0.0;0.0;0.0;2.0;0.0;0.0;76.0;18.0;0.0
2024;2024/1;PA;177.0;45.0;36.0;32.0;21.0;10.0;15.0;0.0;78.0;49.0;46.0;0.0;0.0;11.0;0.0;10.0;10.0;0.0;2.0;0.0;0.0;0.0;2.0;0.0;0.0;35.0;15.0;2.0
2024;2024/1;PA;224.0;39.0;63.0;44.0;39.0;21.0;13.0;5.0;30.0;92.0;97.0;5.0;0.0;21.0;17.0;16.0;24.0;5.0;0.0;0.0;0.0;0.0;0.0;0.0;0.0;41.0;7.0;0.0
2024;2024/1;PA;81.0;29.0;31.0;11.0;6.0;3.0;1.0;0.0;3.0;20.0;58.0;0.0;0.0;11.0;14.0;9.0;9.0;4.0;0.0;0.0;0.0;0.0;1.0;3.0;;18.0;0.0;0.0
2024;2024/1;PA;3950.0;885.0;982.0;729.0;939.0;352.0;48.0;15.0;219.0;335.0;2989.0;10.0;4.0;318.0;22.0;377.0;1238.0;31.0;11.0;2.0;2.0;0.0;33.0;41.0;3.0;988.0;69.0;10.0
2024;2024/1;PA;45.0;4.0;7.0;10.0;9.0;14.0;1.0;0.0;9.0;6.0;30.0;0.0;0.0;0.0;0.0;0.0;3.0;2.0;0.0;0.0;0.0;0.0;0.0;0.0;0.0;3.0;0.0;0.0
2024;2024/1;PA;436.0;47.0;150.0;136.0;65.0;32.0;6.0;0.0;120.0;89.0;227.0;0.0;0.0;5.0;23.0;9.0;170.0;25.0;4.0;0.0;0.0;0.0;0.0;2.0;0.0;132.0;17.0;0.0
2024;2024/1;PA;429.0;30.0;46.0;53.0;156.0;138.0;5.0;1.0;6.0;7.0;416.0;0.0;0.0;1.0;1.0;4.0;7.0;2.0;0.0;0.0;0.0;0.0;0.0;0.0;0.0;0.0;0.0;0.0
2024;2024/1;PA;237.0;62.0;57.0;36.0;48.0;29.0;3.0;2.0;24.0;3.0;210.0;0.0;0.0;34.0;21.0;16.0;31.0;6.0;0.0;0.0;0.0;0.0;0.0;0.0;0.0;30.0;15.0;0.0
2024;2024/1;PA;191.0;73.0;43.0;37.0;32.0;3.0;3.0;0.0;6.0;51.0;134.0;0.0;0.0;2.0;5.0;2.0;31.0;11.0;0.0;0.0;0.0;0.0;0.0;0.0;0.0;45.0;0.0;0.0
2024;2024/1;PA;118.0;45.0;51.0;16.0;1.0;4.0;1.0;0.0;35.0;32.0;51.0;0.0;0.0;14.0;17.0;12.0;24.0;3.0;0.0;0.0;0.0;0.0;0.0;0.0;4.0;15.0;0.0;0.0
2024;2024/1;PA;153.0;60.0;35.0;32.0;16.0;10.0;0.0;0.0;29.0;34.0;90.0;0.0;0.0;0.0;13.0;22.0;17.0;3.0;0.0;0.0;0.0;0.0;2.0;0.0;0.0;44.0;8.0;0.0
2024;2024/1;PA;540.0;209.0;162.0;97.0;44.0;20.0;8.0;0.0;81.0;197.0;188.0;74.0;0.0;29.0;48.0;95.0;94.0;46.0;0.0;0.0;0.0;0.0;1.0;4.0;0.0;112.0;0.0;0.0
2024;2024/1;PA;231.0;10.0;10.0;20.0;70.0;66.0;40.0;15.0;20.0;40.0;171.0;0.0;0.0;0.0;0.0;4.0;3.0;0.0;1.0;0.0;0.0;0.0;2.0;4.0;0.0;0.0;1.0;0.0
2024;2024/1;PA;328.0;129.0;105.0;44.0;15.0;22.0;11.0;2.0;109.0;86.0;129.0;0.0;4.0;42.0;0.0;29.0;21.0;0.0;0.0;0.0;0.0;0.0;0.0;17.0;0.0;43.0;0.0;0.0
2024;2024/1;PA;471.0;95.0;82.0;102.0;102.0;53.0;36.0;1.0;80.0;100.0;285.0;5.0;1.0;12.0;7.0;35.0;122.0;9.0;1.0;3.0;0.0;0.0;2.0;15.0;2.0;43.0;0.0;0.0
2024;2024/1;PA;560.0;132.0;162.0;101.0;75.0;72.0;18.0;0.0;144.0;17.0;398.0;0.0;1.0;13.0;99.0;39.0;123.0;32.0;0.0;0.0;0.0;0.0;10.0;21.0;18.0;102.0;6.0;1.0
2024;2024/1;PA;284.0;21.0;70.0;79.0;98.0;15.0;1.0;0.0;29.0;5.0;250.0;0.0;0.0;21.0;15.0;17.0;29.0;16.0;10.0;0.0;8.0;0.0;3.0;8.0;5.0;16.0;20.0;4.0
2024;2024/1;PA;276.0;62.0;58.0;59.0;29.0;30.0;38.0;0.0;102.0;65.0;50.0;59.0;0.0;30.0;15.0;49.0;41.0;40.0;30.0;20.0;0.0;0.0;29.0;12.0;0.0;60.0;10.0;10.0
2024;2024/1;PA;98.0;17.0;29.0;20.0;23.0;9.0;0.0;0.0;14.0;21.0;63.0;0.0;0.0;8.0;10.0;2.0;29.0;1.0;0.0;0.0;0.0;0.0;0.0;0.0;0.0;18.0;0.0;0.0
2024;2024/1;PA;73.0;21.0;19.0;13.0;10.0;6.0;4.0;0.0;5.0;6.0;62.0;0.0;0.0;1.0;3.0;4.0;19.0;4.0;0.0;0.0;0.0;0.0;0.0;0.0;0.0;16.0;3.0;0.0
2024;2024/1;PA;407.0;53.0;125.0;94.0;95.0;30.0;10.0;0.0;77.0;80.0;250.0;0.0;0.0;20.0;19.0;20.0;20.0;25.0;14.0;0.0;0.0;0.0;0.0;0.0;0.0;51.0;6.0;0.0
2024;2024/1;PA;332.0;108.0;90.0;86.0;35.0;10.0;3.0;0.0;28.0;122.0;182.0;0.0;0.0;20.0;24.0;26.0;32.0;2.0;0.0;0.0;0.0;0.0;0.0;0.0;1.0;54.0;15.0;0.0
2024;2024/1;PA;525.0;111.0;121.0;109.0;119.0;57.0;5.0;3.0;39.0;153.0;333.0;0.0;0.0;3.0;26.0;26.0;81.0;17.0;0.0;0.0;3.0;0.0;3.0;2.0;4.0;61.0;10.0;0.0
2024;2024/1;PA;183.0;26.0;39.0;29.0;52.0;30.0;7.0;0.0;6.0;22.0;155.0;0.0;0.0;2.0;7.0;3.0;18.0;10.0;1.0;0.0;0.0;0.0;1.0;1.0;0.0;37.0;11.0;0.0
2024;2024/1;PA;161.0;2.0;20.0;39.0;46.0;43.0;11.0;0.0;39.0;26.0;94.0;2.0;0.0;2.0;0.0;5.0;13.0;2.0;2.0;1.0;0.0;0.0;0.0;0.0;0.0;4.0;3.0;1.0
2024;2024/1;PA;229.0;59.0;60.0;52.0;45.0;13.0;0.0;0.0;49.0;50.0;130.0;0.0;0.0;11.0;12.0;17.0;67.0;15.0;0.0;0.0;0.0;0.0;0.0;8.0;0.0;18.0;4.0;0.0
2024;2024/1;PA;1061.0;157.0;276.0;234.0;264.0;130.0;0.0;0.0;332.0;422.0;227.0;80.0;0.0;147.0;170.0;140.0;156.0;170.0;20.0;1.0;3.0;0.0;40.0;47.0;30.0;205.0;78.0;4.0
2024;2024/1;PA;405.0;94.0;167.0;72.0;63.0;9.0;0.0;0.0;116.0;110.0;179.0;0.0;0.0;10.0;23.0;29.0;64.0;35.0;5.0;3.0;0.0;0.0;7.0;0.0;0.0;48.0;81.0;0.0
2024;2024/1;PA;832.0;320.0;324.0;124.0;45.0;19.0;0.0;0.0;96.0;106.0;630.0;0.0;0.0;60.0;31.0;78.0;74.0;44.0;6.0;5.0;0.0;0.0;16.0;20.0;0.0;40.0;46.0;4.0
2024;2024/1;PA;104.0;9.0;42.0;32.0;14.0;6.0;1.0;0.0;12.0;24.0;68.0;0.0;0.0;5.0;5.0;14.0;31.0;12.0;1.0;0.0;0.0;0.0;1.0;3.0;0.0;12.0;0.0;1.0
2024;2024/1;PA;1068.0;282.0;204.0;219.0;231.0;94.0;38.0;0.0;214.0;210.0;593.0;51.0;0.0;57.0;43.0;42.0;30.0;46.0;0.0;0.0;0.0;0.0;0.0;0.0;0.0;259.0;30.0;28.0
2024;2024/1;PA;184.0;37.0;39.0;37.0;55.0;8.0;5.0;3.0;65.0;24.0;85.0;10.0;0.0;12.0;6.0;15.0;11.0;2.0;0.0;0.0;0.0;0.0;1.0;0.0;3.0;5.0;5.0;0.0
2024;2024/1;PA;138.0;37.0;33.0;16.0;31.0;18.0;3.0;0.0;9.0;31.0;98.0;0.0;0.0;2.0;14.0;4.0;26.0;2.0;0.0;0.0;0.0;0.0;0.0;11.0;0.0;80.0;3.0;0.0
2024;2024/1;PA;479.0;120.0;123.0;130.0;61.0;20.0;25.0;0.0;63.0;120.0;251.0;45.0;0.0;94.0;80.0;92.0;232.0;9.0;3.0;1.0;1.0;0.0;6.0;10.0;1.0;282.0;53.0;0.0
2024;2024/1;PA;451.0;10.0;49.0;90.0;180.0;95.0;23.0;4.0;48.0;53.0;300.0;3.0;0.0;4.0;0.0;4.0;19.0;2.0;3.0;1.0;0.0;0.0;1.0;6.0;0.0;73.0;13.0;0.0
2024;2024/1;PA;468.0;180.0;139.0;59.0;61.0;20.0;6.0;0.0;140.0;43.0;285.0;0.0;0.0;30.0;21.0;44.0;34.0;14.0;0.0;2.0;0.0;0.0;11.0;12.0;0.0;326.0;79.0;1.0
2024;2024/1;PA;112.0;11.0;33.0;37.0;26.0;4.0;1.0;0.0;10.0;15.0;85.0;0.0;2.0;21.0;0.0;23.0;2.0;0.0;0.0;0.0;0.0;0.0;1.0;0.0;0.0;25.0;9.0;22.0
2024;2024/1;PA;87.0;18.0;29.0;19.0;17.0;4.0;0.0;0.0;21.0;19.0;47.0;0.0;0.0;3.0;0.0;7.0;0.0;4.0;0.0;0.0;0.0;0.0;0.0;0.0;1.0;26.0;9.0;0.0
2024;2024/1;PA;34.0;8.0;11.0;8.0;7.0;0.0;0.0;0.0;7.0;7.0;20.0;0.0;0.0;4.0;1.0;2.0;1.0;1.0;0.0;0.0;0.0;0.0;0.0;0.0;0.0;11.0;1.0;0.0
2024;2024/1;PA;501.0;144.0;153.0;91.0;38.0;47.0;26.0;2.0;51.0;84.0;306.0;59.0;1.0;21.0;11.0;35.0;67.0;12.0;1.0;1.0;0.0;0.0;4.0;13.0;2.0;54.0;10.0;0.0
2024;2024/1;PA;35.0;5.0;7.0;7.0;8.0;7.0;1.0;0.0;5.0;8.0;22.0;0.0;0.0;2.0;2.0;2.0;19.0;1.0;0.0;0.0;0.0;0.0;0.0;0.0;0.0;9.0;0.0;0.0
2024;2024/1;PA;242.0;39.0;59.0;64.0;59.0;13.0;8.0;0.0;45.0;77.0;110.0;10.0;0.0;21.0;16.0;40.0;20.0;0.0;0.0;0.0;0.0;0.0;0.0;2.0;0.0;14.0;0.0;0.0
2024;2024/1;PA;114.0;27.0;25.0;28.0;19.0;6.0;7.0;2.0;35.0;34.0;45.0;0.0;0.0;12.0;10.0;11.0;12.0;7.0;0.0;0.0;0.0;0.0;0.0;2.0;0.0;7.0;5.0;0.0
2024;2024/1;PA;1752.0;621.0;572.0;398.0;135.0;12.0;14.0;0.0;612.0;713.0;427.0;0.0;0.0;398.0;326.0;681.0;210.0;84.0;0.0;0.0;0.0;5.0;16.0;14.0;0.0;1399.0;0.0;0.0
2024;2024/1;PA;103.0;17.0;16.0;12.0;38.0;18.0;2.0;0.0;24.0;58.0;21.0;0.0;0.0;21.0;18.0;21.0;13.0;5.0;0.0;0.0;0.0;0.0;0.0;3.0;0.0;5.0;3.0;0.0
2024;2024/1;PA;260.0;67.0;61.0;65.0;43.0;24.0;0.0;0.0;73.0;85.0;71.0;31.0;0.0;21.0;12.0;44.0;99.0;26.0;0.0;11.0;0.0;0.0;0.0;0.0;0.0;0.0;0.0;0.0
2024;2024/1;PA;54.0;11.0;13.0;14.0;9.0;7.0;0.0;0.0;15.0;17.0;22.0;0.0;0.0;6.0;8.0;5.0;7.0;0.0;0.0;0.0;0.0;0.0;0.0;0.0;0.0;0.0;0.0;0.0
2024;2024/1;PB;83.0;3.0;15.0;11.0;23.0;27.0;4.0;0.0;33.0;12.0;38.0;0.0;0.0;1.0;9.0;2.0;2.0;;;;;;;;;14.0;1.0;1.0
2024;2024/1;PB;85.0;12.0;14.0;12.0;26.0;19.0;2.0;0.0;20.0;4.0;61.0;0.0;0.0;4.0;18.0;5.0;17.0;1.0;1.0;1.0;0.0;0.0;0.0;2.0;2.0;16.0;2.0;0.0
2024;2024/1;PB;17.0;5.0;3.0;2.0;3.0;2.0;2.0;0.0;1.0;1.0;15.0;0.0;0.0;1.0;1.0;;8.0;;;;;;;1.0;;8.0;5.0;
2024;2024/1;PB;59.0;16.0;14.0;9.0;13.0;6.0;1.0;0.0;9.0;3.0;47.0;0.0;0.0;;;;;;;;;;;;;;;
2024;2024/1;PB;68.0;17.0;18.0;16.0;12.0;3.0;2.0;;10.0;9.0;48.0;1.0;;18.0;7.0;12.0;;4.0;;;;;;;;4.0;4.0;4.0
2024;2024/1;PB;24.0;7.0;3.0;4.0;4.0;5.0;1.0;0.0;6.0;6.0;12.0;0.0;0.0;3.0;3.0;2.0;8.0;2.0;0.0;0.0;0.0;0.0;0.0;1.0;0.0;2.0;0.0;0.0
2024;2024/1;PB;66.0;8.0;27.0;7.0;12.0;10.0;2.0;0.0;15.0;7.0;44.0;0.0;0.0;0.0;0.0;2.0;8.0;0.0;0.0;0.0;0.0;0.0;0.0;0.0;0.0;31.0;18.0;0.0
2024;2024/1;PB;60.0;11.0;11.0;13.0;15.0;9.0;0.0;1.0;19.0;11.0;30.0;0.0;0.0;;;8.0;;;;;;;1.0;;;8.0;;
2024;2024/1;PB;63.0;8.0;12.0;11.0;21.0;5.0;6.0;0.0;17.0;21.0;25.0;0.0;0.0;3.0;5.0;4.0;8.0;5.0;0.0;0.0;0.0;0.0;5.0;3.0;1.0;15.0;3.0;0.0
2024;2024/1;PB;20.0;7.0;1.0;1.0;3.0;3.0;1.0;0.0;2.0;3.0;11.0;0.0;0.0;0.0;1.0;1.0;1.0;0.0;0.0;0.0;0.0;0.0;0.0;1.0;0.0;4.0;0.0;1.0
2024;2024/1;PB;63.0;10.0;17.0;5.0;24.0;5.0;2.0;0.0;9.0;48.0;6.0;0.0;0.0;2.0;6.0;2.0;11.0;1.0;1.0;5.0;0.0;0.0;0.0;1.0;1.0;4.0;2.0;0.0
2024;2024/1;PB;255.0;;;;;;;;;;;;;;;;;;;;;;;;;;;
2024;2024/1;PB;79.0;20.0;18.0;12.0;18.0;9.0;1.0;1.0;6.0;8.0;65.0;0.0;0.0;2.0;6.0;7.0;8.0;3.0;0.0;0.0;0.0;0.0;0.0;0.0;0.0;;;
2024;2024/1;PB;170.0;39.0;40.0;38.0;43.0;10.0;;;;42.0;128.0;;;;;;;;;;;;;;;;;
2024;2024/1;PB;74.0;18.0;9.0;10.0;27.0;6.0;4.0;0.0;20.0;19.0;35.0;0.0;0.0;2.0;;;2.0;1.0;;;;;;;;30.0;0.0;0.0
2024;2024/1;PB;55.0;10.0;13.0;9.0;16.0;6.0;1.0;0.0;22.0;3.0;30.0;0.0;0.0;2.0;4.0;7.0;20.0;1.0;0.0;0.0;0.0;0.0;0.0;0.0;0.0;19.0;1.0;0.0
2024;2024/1;PB;45.0;9.0;10.0;9.0;13.0;3.0;1.0;;21.0;3.0;21.0;;;1.0;;17.0;;;;;;;;;;5.0;;
2024;2024/1;PB;107.0;12.0;21.0;14.0;31.0;25.0;3.0;1.0;29.0;8.0;69.0;1.0;0.0;3.0;3.0;4.0;19.0;4.0;0.0;0.0;0.0;0.0;0.0;1.0;2.0;9.0;2.0;0.0
2024;2024/1;PB;24.0;4.0;5.0;4.0;7.0;3.0;1.0;;4.0;3.0;17.0;;;;1.0;1.0;5.0;;;;;;;;;4.0;;
2024;2024/1;PB;35.0;8.0;6.0;8.0;12.0;1.0;0.0;0.0;3.0;2.0;30.0;0.0;0.0;;;;;;;;;;;;;12.0;;
2024;2024/1;PB;82.0;22.0;21.0;17.0;11.0;6.0;4.0;1.0;27.0;21.0;34.0;0.0;0.0;5.0;0.0;5.0;0.0;0.0;0.0;0.0;0.0;0.0;0.0;0.0;0.0;40.0;0.0;0.0
2024;2024/1;PB;82.0;19.0;22.0;8.0;19.0;9.0;5.0;0.0;17.0;5.0;60.0;0.0;0.0;10.0;24.0;11.0;3.0;0.0;0.0;0.0;0.0;0.0;0.0;1.0;0.0;15.0;6.0;0.0
2024;2024/1;PB;61.0;14.0;18.0;10.0;11.0;4.0;3.0;1.0;15.0;8.0;37.0;1.0;0.0;3.0;2.0;3.0;11.0;0.0;0.0;0.0;0.0;0.0;0.0;0.0;1.0;16.0;0.0;0.0
2024;2024/1;PB;64.0;10.0;17.0;10.0;16.0;8.0;2.0;1.0;17.0;3.0;44.0;0.0;0.0;3.0;3.0;2.0;16.0;2.0;0.0;0.0;0.0;0.0;1.0;1.0;1.0;6.0;4.0;0.0
2024;2024/1;PB;63.0;7.0;5.0;4.0;25.0;15.0;7.0;0.0;13.0;5.0;45.0;0.0;0.0;;;;;1.0;;;;;;;;3.0;0.0;0.0
2024;2024/1;PB;84.0;24.0;17.0;6.0;21.0;13.0;2.0;1.0;25.0;6.0;49.0;4.0;;;;;;;;;;;;;;;;
2024;2024/1;PB;231.0;67.0;56.0;35.0;35.0;25.0;9.0;4.0;44.0;72.0;115.0;0.0;0.0;11.0;38.0;8.0;43.0;9.0;0.0;1.0;0.0;0.0;5.0;1.0;0.0;95.0;61.0;0.0
2024;2024/1;PB;41.0;14.0;10.0;3.0;11.0;3.0;0.0;0.0;7.0;5.0;29.0;0.0;0.0;;;;;;;;;;;;;;;
2024;2024/1;PB;57.0;15.0;7.0;8.0;17.0;5.0;3.0;2.0;16.0;7.0;34.0;0.0;0.0;;1.0;;5.0;;;;;;;;;6.0;;
2024;2024/1;PB;55.0;17.0;15.0;7.0;8.0;6.0;1.0;1.0;13.0;3.0;39.0;;;;;;;;;;;;;;;;;
2024;2024/1;PB;134.0;45.0;27.0;19.0;23.0;17.0;3.0;0.0;40.0;36.0;58.0;0.0;0.0;6.0;8.0;9.0;12.0;1.0;0.0;0.0;0.0;0.0;1.0;0.0;0.0;27.0;5.0;0.0
2024;2024/1;PB;152.0;27.0;23.0;21.0;42.0;33.0;5.0;1.0;71.0;9.0;72.0;;;4.0;11.0;6.0;4.0;0.0;0.0;0.0;0.0;0.0;0.0;0.0;0.0;13.0;5.0;
2024;2024/1;PB;125.0;12.0;31.0;20.0;40.0;16.0;2.0;4.0;39.0;15.0;70.0;;1.0;;4.0;6.0;21.0;2.0;;;;;;;;15.0;;
2024;2024/1;PB;40.0;6.0;8.0;11.0;10.0;3.0;2.0;;0.0;2.0;38.0;;;8.0;;;2.0;;;;;;1.0;;;;;
2024;2024/1;PB;19.0;0.0;5.0;2.0;8.0;3.0;1.0;0.0;4.0;1.0;14.0;0.0;0.0;;;3.0;;;;1.0;;;;;;1.0;0.0;0.0
2024;2024/1;PB;78.0;20.0;16.0;13.0;18.0;7.0;4.0;0.0;22.0;8.0;48.0;0.0;0.0;3.0;1.0;8.0;2.0;1.0;;;;;;;1.0;16.0;2.0;
2024;2024/1;PB;32.0;8.0;4.0;1.0;11.0;6.0;2.0;;8.0;2.0;22.0;;;;;1.0;4.0;1.0;;;;;;;;2.0;;
2024;2024/1;PB;196.0;39.0;46.0;26.0;57.0;24.0;4.0;0.0;43.0;19.0;133.0;1.0;0.0;8.0;10.0;25.0;45.0;1.0;0.0;0.0;0.0;0.0;0.0;4.0;3.0;16.0;2.0;0.0
2024;2024/1;PB;37.0;3.0;11.0;7.0;14.0;2.0;;;10.0;15.0;12.0;;;;;;;;;;;;;;;;;
2024;2024/1;PB;66.0;17.0;18.0;5.0;15.0;9.0;1.0;1.0;9.0;6.0;51.0;0.0;0.0;2.0;5.0;4.0;5.0;4.0;0.0;0.0;0.0;0.0;0.0;2.0;0.0;9.0;7.0;0.0
2024;2024/1;PB;59.0;6.0;3.0;8.0;5.0;5.0;0.0;0.0;5.0;1.0;21.0;0.0;0.0;;;;;;;;;;;;;;;
2024;2024/1;PB;27.0;7.0;7.0;2.0;8.0;1.0;0.0;2.0;5.0;3.0;19.0;0.0;0.0;;;;;;;;;;;;;7.0;2.0;0.0
2024;2024/1;PB;2629.0;;;;;;;;;;;;;;;;;;;;;;;;;;;
2024;2024/1;PB;411.0;49.0;69.0;103.0;127.0;52.0;8.0;3.0;57.0;59.0;295.0;;;12.0;5.0;5.0;8.0;2.0;4.0;;;;3.0;3.0;;256.0;50.0;3.0
2024;2024/1;PB;235.0;43.0;46.0;32.0;73.0;31.0;9.0;1.0;58.0;50.0;127.0;0.0;0.0;19.0;58.0;18.0;51.0;14.0;4.0;0.0;0.0;0.0;0.0;0.0;1.0;39.0;7.0;0.0
2024;2024/1;PB;688.0;294.0;155.0;83.0;109.0;42.0;4.0;1.0;124.0;110.0;454.0;;;;;;;;;;;;;;;;;
2024;2024/1;PB;681.0;190.0;150.0;140.0;120.0;61.0;20.0;0.0;120.0;196.0;350.0;10.0;5.0;12.0;35.0;28.0;80.0;20.0;;8.0;;;10.0;8.0;;70.0;50.0;
2024;2024/1;PB;210.0;11.0;59.0;52.0;74.0;13.0;0.0;1.0;24.0;19.0;167.0;0.0;0.0;37.0;31.0;44.0;211.0;19.0;3.0;1.0;0.0;0.0;0.0;21.0;0.0;61.0;12.0;0.0
2024;2024/1;PB;2250.0;318.0;659.0;511.0;544.0;180.0;32.0;6.0;357.0;250.0;1640.0;3.0;0.0;123.0;209.0;264.0;1665.0;102.0;15.0;0.0;6.0;1.0;11.0;118.0;7.0;687.0;115.0;38.0
2024;2024/1;PB;25.0;3.0;8.0;7.0;6.0;1.0;;;2.0;3.0;20.0;;;9.0;3.0;4.0;2.0;;;;;;;;;;;
2024;2024/1;PB;79.0;8.0;19.0;16.0;29.0;5.0;2.0;;20.0;5.0;54.0;0.0;0.0;6.0;5.0;0.0;14.0;5.0;0.0;0.0;0.0;0.0;1.0;1.0;0.0;22.0;6.0;3.0
2024;2024/1;PB;134.0;15.0;29.0;32.0;43.0;15.0;0.0;0.0;20.0;13.0;101.0;0.0;0.0;15.0;19.0;7.0;22.0;1.0;0.0;0.0;0.0;0.0;6.0;4.0;2.0;19.0;3.0;0.0
2024;2024/1;PB;207.0;36.0;48.0;31.0;57.0;30.0;4.0;1.0;67.0;24.0;111.0;4.0;1.0;;;;;;;;;;;;;;;
2024;2024/1;PB;408.0;94.0;116.0;58.0;99.0;37.0;4.0;0.0;93.0;44.0;265.0;4.0;0.0;26.0;35.0;36.0;85.0;9.0;3.0;0.0;0.0;0.0;4.0;15.0;0.0;133.0;52.0;0.0
2024;2024/1;PB;453.0;135.0;102.0;67.0;85.0;52.0;9.0;3.0;97.0;35.0;321.0;0.0;0.0;12.0;13.0;22.0;65.0;0.0;0.0;1.0;0.0;0.0;0.0;3.0;0.0;31.0;8.0;0.0
2024;2024/1;PB;324.0;59.0;89.0;59.0;85.0;28.0;4.0;0.0;85.0;43.0;195.0;1.0;0.0;32.0;41.0;34.0;128.0;12.0;3.0;1.0;1.0;;;3.0;;130.0;26.0;7.0
2024;2024/1;PB;435.0;81.0;116.0;85.0;106.0;37.0;6.0;4.0;86.0;42.0;305.0;0.0;2.0;17.0;24.0;115.0;141.0;18.0;1.0;0.0;1.0;0.0;2.0;8.0;0.0;83.0;11.0;0.0
2024;2024/1;PB;383.0;81.0;130.0;68.0;78.0;24.0;2.0;0.0;71.0;75.0;237.0;0.0;0.0;19.0;;140.0;5.0;5.0;;;;;1.0;6.0;4.0;118.0;46.0;
2024;2024/1;PB;1287.0;140.0;353.0;286.0;360.0;122.0;21.0;5.0;226.0;85.0;928.0;48.0;0.0;158.0;29.0;565.0;134.0;24.0;13.0;8.0;7.0;0.0;23.0;76.0;0.0;338.0;152.0;21.0
2024;2024/1;PB;89.0;8.0;24.0;12.0;26.0;18.0;1.0;0.0;19.0;12.0;58.0;0.0;0.0;17.0;0.0;21.0;0.0;0.0;0.0;0.0;0.0;0.0;0.0;3.0;0.0;11.0;5.0;0.0
2024;2024/1;PB;237.0;17.0;33.0;39.0;87.0;54.0;3.0;4.0;81.0;47.0;109.0;0.0;0.0;9.0;18.0;5.0;44.0;6.0;3.0;1.0;0.0;0.0;1.0;6.0;1.0;27.0;11.0;0.0
2024;2024/1;PB;237.0;17.0;33.0;39.0;87.0;54.0;3.0;4.0;81.0;47.0;109.0;0.0;0.0;9.0;18.0;5.0;44.0;6.0;3.0;1.0;0.0;0.0;1.0;6.0;1.0;27.0;11.0;0.0
2024;2024/1;PB;62.0;4.0;6.0;7.0;27.0;13.0;5.0;0.0;12.0;9.0;41.0;0.0;0.0;3.0;4.0;2.0;0.0;0.0;0.0;0.0;0.0;0.0;0.0;0.0;0.0;0.0;0.0;0.0
2024;2024/1;PB;507.0;35.0;99.0;133.0;202.0;35.0;3.0;;129.0;35.0;341.0;1.0;1.0;12.0;50.0;35.0;300.0;28.0;10.0;3.0;;;2.0;34.0;;127.0;8.0;8.0
2024;2024/1;PB;18.0;0.0;1.0;7.0;6.0;3.0;1.0;0.0;10.0;0.0;8.0;0.0;0.0;0.0;0.0;0.0;1.0;0.0;0.0;0.0;1.0;0.0;1.0;0.0;0.0;0.0;0.0;0.0
2024;2024/1;PB;60.0;8.0;13.0;13.0;16.0;8.0;1.0;1.0;10.0;11.0;39.0;0.0;0.0;6.0;4.0;2.0;5.0;;;;;;;;;30.0;6.0;
2024;2024/1;PB;168.0;24.0;46.0;18.0;44.0;26.0;10.0;0.0;26.0;15.0;127.0;0.0;0.0;0.0;3.0;3.0;45.0;5.0;2.0;0.0;0.0;0.0;0.0;1.0;0.0;55.0;5.0;0.0
2024;2024/1;PE;14.0;8.0;2.0;2.0;1.0;1.0;0.0;0.0;0.0;1.0;13.0;0.0;0.0;2.0;0.0;0.0;2.0;0.0;0.0;0.0;0.0;0.0;0.0;0.0;0.0;4.0;0.0;0.0
2024;2024/1;PE;7.0;1.0;0.0;0.0;3.0;2.0;0.0;1.0;1.0;2.0;4.0;0.0;0.0;;;;;;;;;;;;;;;
2024;2024/1;PE;7.0;2.0;2.0;0.0;2.0;1.0;0.0;0.0;0.0;0.0;7.0;0.0;0.0;0.0;0.0;1.0;2.0;1.0;0.0;0.0;0.0;0.0;0.0;0.0;0.0;2.0;0.0;0.0
2024;2024/1;PE;4.0;;1.0;;3.0;;;;1.0;;3.0;;;;;;1.0;;;;;;;;;;;
2024;2024/1;PE;95.0;23.0;28.0;12.0;20.0;10.0;2.0;0.0;8.0;27.0;59.0;1.0;0.0;9.0;0.0;8.0;0.0;0.0;2.0;0.0;0.0;0.0;2.0;3.0;0.0;17.0;4.0;0.0
2024;2024/1;PE;16.0;9.0;3.0;2.0;1.0;;;1.0;8.0;2.0;6.0;;;;1.0;;;;;;;;;;;11.0;;
2024;2024/1;PE;8.0;2.0;2.0;0.0;0.0;4.0;0.0;0.0;0.0;0.0;8.0;0.0;0.0;;;;;;;;;;;;;;;
2024;2024/1;PE;18.0;8.0;5.0;2.0;2.0;1.0;0.0;0.0;3.0;4.0;11.0;0.0;0.0;3.0;;4.0;;;;;;;;;;5.0;1.0;
2024;2024/1;PE;30.0;14.0;4.0;5.0;5.0;2.0;;;8.0;8.0;14.0;;;;;;;;;;;;;;;;;
2024;2024/1;PE;33.0;7.0;5.0;10.0;7.0;4.0;0.0;0.0;3.0;1.0;29.0;0.0;0.0;0.0;2.0;0.0;1.0;2.0;0.0;0.0;0.0;0.0;0.0;0.0;0.0;1.0;0.0;0.0
2024;2024/1;PE;4.0;0.0;3.0;0.0;1.0;0.0;0.0;0.0;1.0;1.0;2.0;0.0;0.0;0.0;0.0;0.0;0.0;0.0;0.0;0.0;0.0;0.0;0.0;0.0;0.0;0.0;0.0;0.0
2024;2024/1;PE;6.0;1.0;2.0;2.0;1.0;;;;;2.0;4.0;;;;;1.0;;;;;;;;;;;;
2024;2024/1;PE;116.0;46.0;25.0;21.0;17.0;6.0;1.0;;22.0;20.0;74.0;;;5.0;6.0;11.0;12.0;0.0;0.0;0.0;0.0;0.0;0.0;1.0;0.0;52.0;21.0;1.0
2024;2024/1;PE;1.0;1.0;;;;;;;;;1.0;;;;;;;;;;;;;;;1.0;;
2024;2024/1;PE;66.0;35.0;14.0;8.0;6.0;3.0;;;6.0;3.0;57.0;;;15.0;14.0;;;;;;;;;;;18.0;5.0;
2024;2024/1;PE;48.0;6.0;13.0;10.0;12.0;6.0;1.0;0.0;6.0;15.0;27.0;0.0;0.0;3.0;;2.0;;;;;;;;;;12.0;15.0;
2024;2024/1;PE;44.0;19.0;12.0;4.0;6.0;3.0;0.0;0.0;6.0;10.0;28.0;0.0;0.0;2.0;11.0;6.0;24.0;;;;;;;3.0;;25.0;6.0;
2024;2024/1;PE;30.0;15.0;2.0;7.0;3.0;3.0;0.0;0.0;2.0;6.0;22.0;0.0;0.0;0.0;0.0;0.0;1.0;0.0;0.0;0.0;0.0;0.0;0.0;0.0;0.0;11.0;0.0;0.0
2024;2024/1;PE;12.0;4.0;3.0;2.0;3.0;0.0;0.0;0.0;1.0;0.0;11.0;0.0;0.0;0.0;0.0;0.0;0.0;0.0;0.0;0.0;0.0;0.0;0.0;0.0;0.0;0.0;0.0;0.0
2024;2024/1;PE;10.0;4.0;3.0;;2.0;1.0;;;1.0;;9.0;;;;;3.0;;1.0;;;;;;;;;;2.0
2024;2024/1;PE;6.0;2.0;3.0;1.0;0.0;0.0;0.0;0.0;1.0;0.0;5.0;0.0;0.0;0.0;0.0;1.0;0.0;0.0;0.0;0.0;0.0;0.0;0.0;0.0;0.0;0.0;0.0;0.0
2024;2024/1;PE;4.0;2.0;0.0;0.0;2.0;0.0;0.0;0.0;1.0;0.0;2.0;0.0;0.0;;;;;;;;;;;;;1.0;;
2024;2024/1;PE;10.0;4.0;3.0;3.0;0.0;0.0;0.0;0.0;1.0;1.0;8.0;0.0;0.0;1.0;0.0;0.0;1.0;0.0;0.0;0.0;0.0;0.0;0.0;0.0;0.0;6.0;0.0;0.0
2024;2024/1;PE;12.0;4.0;2.0;2.0;1.0;3.0;;;5.0;4.0;3.0;;;;1.0;;;;;;;;;;;5.0;;
2024;2024/1;PE;45.0;4.0;9.0;7.0;18.0;6.0;1.0;0.0;7.0;13.0;22.0;2.0;1.0;6.0;0.0;9.0;0.0;2.0;0.0;0.0;0.0;0.0;0.0;2.0;0.0;26.0;8.0;
2024;2024/1;PE;25.0;2.0;8.0;3.0;7.0;4.0;1.0;0.0;1.0;5.0;19.0;0.0;0.0;4.0;1.0;0.0;0.0;0.0;0.0;0.0;0.0;0.0;1.0;0.0;0.0;8.0;2.0;0.0
2024;2024/1;PE;11.0;2.0;5.0;1.0;3.0;0.0;0.0;0.0;4.0;3.0;4.0;0.0;0.0;1.0;0.0;1.0;0.0;0.0;0.0;1.0;0.0;0.0;0.0;0.0;0.0;6.0;2.0;0.0
2024;2024/1;PE;5.0;1.0;1.0;1.0;;1.0;1.0;;;;5.0;;;;;;;;;;;;;;;;;
2024;2024/1;PE;286.0;28.0;70.0;71.0;79.0;32.0;5.0;1.0;40.0;57.0;168.0;4.0;1.0;;;;;;;;;;;;;;;
2024;2024/1;PE;110.0;;;;;;;;;;;;;;;;;;;;;;;;;;;
2024;2024/1;PE;36.0;12.0;9.0;5.0;6.0;4.0;0.0;0.0;6.0;2.0;28.0;;;3.0;;;7.0;;;;;;;;;10.0;3.0;
2024;2024/1;PE;7.0;2.0;2.0;0.0;2.0;1.0;0.0;0.0;0.0;0.0;7.0;0.0;0.0;0.0;0.0;1.0;2.0;1.0;0.0;0.0;0.0;0.0;0.0;0.0;0.0;2.0;0.0;0.0
2024;2024/1;PE;14.0;5.0;2.0;1.0;4.0;2.0;;;2.0;1.0;11.0;;;1.0;;;2.0;1.0;;;;;;;;3.0;;
2024;2024/1;PE;4.0;2.0;;;1.0;1.0;;;;;4.0;;;;;1.0;;;;;;;;;;;;
2024;2024/1;PE;7.0;1.0;1.0;4.0;0.0;0.0;1.0;0.0;1.0;0.0;6.0;0.0;0.0;;;;;;;;;;;;;0.0;0.0;0.0
2024;2024/1;PE;205.0;64.0;50.0;25.0;45.0;15.0;5.0;1.0;43.0;17.0;141.0;4.0;0.0;22.0;32.0;23.0;41.0;3.0;1.0;;;;;;;75.0;24.0;
2024;2024/1;PE;6.0;1.0;1.0;1.0;1.0;1.0;1.0;0.0;1.0;0.0;5.0;0.0;0.0;;;1.0;;;;;;;;;;2.0;3.0;
2024;2024/1;PE;62.0;27.0;15.0;8.0;5.0;7.0;;;7.0;5.0;38.0;1.0;1.0;11.0;9.0;7.0;23.0;1.0;;;;;;7.0;1.0;17.0;1.0;
2024;2024/1;PE;15.0;3.0;4.0;2.0;3.0;3.0;0.0;0.0;2.0;3.0;10.0;0.0;0.0;1.0;0.0;1.0;;;;;;;;;;4.0;;
2024;2024/1;PE;35.0;6.0;6.0;6.0;12.0;4.0;1.0;0.0;0.0;2.0;33.0;0.0;0.0;0.0;0.0;2.0;2.0;0.0;0.0;0.0;0.0;0.0;0.0;0.0;1.0;4.0;1.0;0.0
2024;2024/1;PE;4.0;0.0;0.0;2.0;1.0;0.0;0.0;1.0;1.0;1.0;2.0;0.0;0.0;0.0;0.0;0.0;0.0;0.0;0.0;0.0;0.0;0.0;0.0;0.0;0.0;2.0;0.0;0.0
2024;2024/1;PE;64.0;10.0;17.0;8.0;15.0;12.0;1.0;1.0;7.0;1.0;56.0;0.0;0.0;2.0;0.0;5.0;3.0;0.0;0.0;0.0;0.0;;;1.0;;14.0;;
2024;2024/1;PE;115.0;18.0;22.0;21.0;33.0;15.0;6.0;0.0;12.0;13.0;90.0;0.0;0.0;10.0;6.0;7.0;7.0;2.0;0.0;0.0;0.0;0.0;0.0;0.0;0.0;15.0;4.0;0.0
2024;2024/1;PE;19.0;0.0;3.0;4.0;5.0;7.0;0.0;0.0;3.0;0.0;16.0;0.0;0.0;0.0;0.0;2.0;0.0;0.0;0.0;0.0;0.0;0.0;0.0;0.0;0.0;5.0;2.0;0.0
2024;2024/1;PE;4.0;0.0;0.0;1.0;3.0;0.0;0.0;0.0;1.0;0.0;3.0;0.0;0.0;2.0;;;;;;;;;;;;1.0;1.0;
2024;2024/1;PE;12.0;2.0;1.0;1.0;4.0;2.0;2.0;0.0;1.0;1.0;10.0;0.0;0.0;;;;;;;;;;;;;;;
2024;2024/1;PE;27.0;6.0;6.0;3.0;6.0;5.0;1.0;0.0;2.0;0.0;25.0;0.0;0.0;3.0;;5.0;;;;;;;;;;5.0;3.0;
2024;2024/1;PE;18.0;4.0;9.0;3.0;2.0;0.0;0.0;0.0;1.0;0.0;17.0;0.0;0.0;4.0;;;5.0;;;;;;;;;3.0;3.0;
2024;2024/1;PE;6.0;3.0;0.0;1.0;1.0;1.0;0.0;0.0;0.0;1.0;5.0;0.0;0.0;;;3.0;;;;;;;;;;2.0;;
2024;2024/1;PE;6.0;0.0;2.0;1.0;1.0;2.0;0.0;0.0;0.0;1.0;5.0;0.0;0.0;;;2.0;;;;;;;;;;;;
2024;2024/1;PE;4015.0;1294.0;1028.0;776.0;783.0;80.0;36.0;18.0;297.0;485.0;3198.0;4.0;4.0;256.0;421.0;429.0;1621.0;80.0;31.0;14.0;;;20.0;251.0;18.0;16.0;4.0;1.0
2024;2024/1;PE;1688.0;165.0;357.0;341.0;491.0;261.0;30.0;23.0;371.0;298.0;951.0;18.0;2.0;80.0;62.0;270.0;545.0;78.0;1.0;8.0;;;24.0;189.0;23.0;906.0;536.0;369.0
2024;2024/1;PE;1688.0;;;;;;;;;;;;;;;;;;;;;;;;;;;
2024;2024/1;PE;234.0;47.0;53.0;42.0;59.0;28.0;5.0;;52.0;21.0;161.0;;;19.0;24.0;7.0;36.0;16.0;4.0;2.0;;;7.0;12.0;2.0;182.0;66.0;
2024;2024/1;PE;353.0;91.0;87.0;46.0;97.0;31.0;1.0;0.0;29.0;40.0;284.0;0.0;0.0;34.0;26.0;28.0;59.0;11.0;11.0;2.0;0.0;0.0;10.0;13.0;1.0;191.0;69.0;3.0
2024;2024/1;PE;1.0;0.0;0.0;1.0;0.0;0.0;0.0;0.0;0.0;1.0;0.0;0.0;0.0;0.0;0.0;0.0;0.0;0.0;0.0;0.0;0.0;0.0;0.0;0.0;1.0;0.0;0.0;0.0
2024;2024/1;PE;111.0;9.0;17.0;22.0;41.0;19.0;3.0;0.0;7.0;18.0;85.0;;1.0;11.0;5.0;6.0;0.0;1.0;0.0;0.0;1.0;0.0;2.0;1.0;0.0;14.0;6.0;0.0
2024;2024/1;PE;5633.0;989.0;1164.0;938.0;1494.0;714.0;179.0;73.0;661.0;489.0;2845.0;27.0;20.0;;;;;;;;;;;;;;;
2024;2024/1;PE;1618.0;197.0;308.0;312.0;429.0;202.0;29.0;8.0;;;;;;;;;;;;;;;;;;;;
2024;2024/1;PE;421.0;16.0;76.0;104.0;147.0;69.0;8.0;1.0;40.0;65.0;289.0;4.0;1.0;40.0;52.0;99.0;401.0;15.0;5.0;23.0;1.0;;3.0;6.0;;278.0;54.0;284.0
2024;2024/1;PE;15.0;1.0;1.0;1.0;6.0;4.0;1.0;1.0;2.0;1.0;9.0;;1.0;;;;;;;;;;;;;;;
2024;2024/1;PE;608.0;38.0;160.0;158.0;162.0;50.0;12.0;0.0;37.0;529.0;34.0;8.0;;;;;;;;;;;;;;;;
2024;2024/1;PE;1442.0;148.0;323.0;342.0;448.0;145.0;30.0;6.0;136.0;234.0;1048.0;7.0;2.0;146.0;109.0;0.0;0.0;0.0;8.0;20.0;5.0;0.0;15.0;150.0;15.0;1168.0;299.0;42.0
2024;2024/1;PE;1086.0;143.0;240.0;202.0;336.0;125.0;29.0;11.0;196.0;178.0;706.0;;6.0;16.0;39.0;15.0;41.0;2.0;2.0;;;;1.0;6.0;1.0;226.0;2.0;
2024;2024/1;PE;1773.0;359.0;530.0;329.0;370.0;161.0;20.0;4.0;457.0;323.0;970.0;14.0;0.0;94.0;134.0;186.0;1063.0;171.0;12.0;18.0;1.0;0.0;9.0;111.0;7.0;771.0;252.0;21.0
2024;2024/1;PE;29.0;2.0;9.0;4.0;7.0;4.0;2.0;0.0;10.0;6.0;12.0;0.0;0.0;0.0;6.0;4.0;15.0;4.0;0.0;0.0;1.0;0.0;0.0;4.0;0.0;14.0;3.0;0.0
2024;2024/1;PE;1721.0;413.0;422.0;327.0;360.0;157.0;30.0;12.0;207.0;367.0;1147.0;0.0;0.0;117.0;141.0;246.0;803.0;126.0;10.0;7.0;1.0;0.0;11.0;143.0;8.0;698.0;125.0;26.0
2024;2024/1;PE;410.0;60.0;162.0;107.0;63.0;18.0;0.0;0.0;28.0;89.0;293.0;0.0;0.0;18.0;15.0;70.0;238.0;29.0;5.0;1.0;0.0;0.0;5.0;34.0;1.0;346.0;68.0;0.0
2024;2024/1;PE;11.0;2.0;2.0;2.0;3.0;2.0;0.0;0.0;2.0;2.0;7.0;0.0;0.0;0.0;1.0;0.0;3.0;0.0;0.0;0.0;0.0;0.0;0.0;0.0;0.0;7.0;2.0;0.0
2024;2024/1;PE;1137.0;218.0;229.0;216.0;347.0;114.0;7.0;6.0;199.0;203.0;686.0;6.0;9.0;121.0;91.0;110.0;131.0;30.0;0.0;0.0;0.0;0.0;3.0;51.0;11.0;301.0;91.0;0.0
2024;2024/1;PE;138.0;3.0;12.0;27.0;44.0;27.0;15.0;10.0;35.0;29.0;62.0;12.0;0.0;12.0;11.0;21.0;5.0;3.0;0.0;0.0;0.0;0.0;0.0;1.0;1.0;31.0;2.0;0.0
2024;2024/1;PE;615.0;139.0;157.0;123.0;147.0;43.0;5.0;1.0;123.0;126.0;361.0;5.0;0.0;19.0;55.0;43.0;306.0;41.0;3.0;0.0;0.0;0.0;2.0;51.0;7.0;218.0;42.0;5.0
2024;2024/1;PE;627.0;136.0;160.0;128.0;129.0;58.0;13.0;3.0;110.0;120.0;393.0;4.0;;13.0;14.0;24.0;86.0;25.0;1.0;;;;1.0;3.0;;110.0;4.0;1.0
2024;2024/1;PE;627.0;136.0;160.0;128.0;129.0;58.0;13.0;3.0;110.0;120.0;393.0;4.0;;13.0;14.0;24.0;86.0;25.0;1.0;;;;1.0;3.0;;110.0;4.0;1.0
2024;2024/1;PE;902.0;286.0;271.0;128.0;180.0;21.0;14.0;2.0;98.0;168.0;636.0;;;;;;;;;;;;;;;;;
2024;2024/1;PE;294.0;25.0;85.0;81.0;75.0;21.0;3.0;0.0;16.0;56.0;222.0;0.0;0.0;35.0;32.0;86.0;298.0;30.0;4.0;2.0;0.0;0.0;6.0;27.0;1.0;143.0;32.0;3.0
2024;2024/1;PE;1.0;;;;1.0;;;;1.0;;;;;;;;;;;;;;;;;;;
2024;2024/1;PE;498.0;87.0;133.0;82.0;110.0;57.0;12.0;3.0;37.0;66.0;383.0;4.0;0.0;22.0;12.0;112.0;248.0;38.0;9.0;10.0;1.0;0.0;6.0;36.0;2.0;198.0;53.0;4.0
2024;2024/1;PE;8.0;0.0;0.0;2.0;3.0;2.0;1.0;0.0;4.0;0.0;3.0;1.0;0.0;;;;;;;;;;;;;;;
2024;2024/1;PE;5619.0;1363.0;1555.0;1105.0;1100.0;408.0;78.0;10.0;430.0;957.0;4180.0;17.0;0.0;339.0;490.0;919.0;3090.0;259.0;75.0;46.0;5.0;0.0;24.0;403.0;22.0;2618.0;666.0;92.0
2024;2024/1;PE;3.0;0.0;2.0;0.0;0.0;0.0;0.0;1.0;0.0;1.0;2.0;0.0;0.0;;;;;;;;;;;;;;;
2024;2024/1;PE;149.0;7.0;29.0;37.0;59.0;16.0;1.0;0.0;23.0;21.0;103.0;1.0;1.0;;;;;;;;;;;;;;;
2024;2024/1;PE;602.0;10.0;120.0;67.0;50.0;163.0;18.0;10.0;85.0;77.0;429.0;2.0;9.0;2.0;1.0;2.0;5.0;2.0;0.0;0.0;0.0;0.0;1.0;0.0;0.0;240.0;6.0;0.0
2024;2024/1;PE;446.0;151.0;96.0;78.0;78.0;34.0;8.0;1.0;31.0;40.0;375.0;;;11.0;14.0;30.0;36.0;17.0;4.0;1.0;0.0;0.0;4.0;25.0;2.0;212.0;;
2024;2024/1;PE;2.0;;1.0;;;;1.0;;;;2.0;;;;1.0;;;;;;;;;;;1.0;;
2024;2024/1;PE;1302.0;135.0;271.0;391.0;408.0;97.0;0.0;0.0;124.0;243.0;898.0;8.0;5.0;181.0;8.0;255.0;796.0;63.0;13.0;25.0;0.0;0.0;13.0;87.0;31.0;39.0;0.0;0.0
2024;2024/1;PE;41.0;;5.0;3.0;17.0;13.0;3.0;;6.0;3.0;32.0;;;2.0;3.0;7.0;0.0;1.0;0.0;0.0;0.0;0.0;1.0;2.0;0.0;2.0;1.0;0.0
2024;2024/1;PI;1224.0;509.0;278.0;170.0;202.0;58.0;6.0;1.0;239.0;263.0;718.0;4.0;0.0;36.0;43.0;89.0;326.0;22.0;0.0;0.0;0.0;0.0;2.0;42.0;4.0;299.0;26.0;0.0
2024;2024/1;PI;185.0;32.0;57.0;26.0;49.0;15.0;4.0;0.0;11.0;23.0;83.0;0.0;0.0;0.0;28.0;8.0;42.0;4.0;0.0;2.0;0.0;0.0;4.0;4.0;0.0;43.0;0.0;0.0
2024;2024/1;PI;981.0;204.0;186.0;156.0;267.0;119.0;22.0;10.0;97.0;86.0;472.0;1.0;1.0;69.0;24.0;298.0;199.0;17.0;2.0;2.0;1.0;0.0;24.0;66.0;1.0;434.0;25.0;0.0
2024;2024/1;PI;728.0;63.0;160.0;140.0;218.0;127.0;14.0;0.0;66.0;65.0;326.0;2.0;0.0;30.0;41.0;65.0;117.0;9.0;2.0;1.0;0.0;0.0;1.0;6.0;1.0;111.0;2.0;1.0
2024;2024/1;PI;298.0;95.0;92.0;58.0;48.0;5.0;0.0;0.0;44.0;56.0;197.0;1.0;0.0;7.0;9.0;9.0;150.0;16.0;0.0;0.0;0.0;0.0;0.0;8.0;0.0;45.0;8.0;0.0
2024;2024/1;PI;195.0;41.0;39.0;31.0;58.0;21.0;3.0;0.0;5.0;17.0;42.0;0.0;0.0;10.0;9.0;14.0;19.0;10.0;0.0;0.0;0.0;0.0;0.0;1.0;0.0;0.0;0.0;0.0
2024;2024/1;PI;25.0;7.0;3.0;4.0;7.0;4.0;0.0;0.0;5.0;4.0;16.0;0.0;0.0;0.0;2.0;2.0;2.0;4.0;0.0;0.0;0.0;0.0;1.0;1.0;0.0;6.0;1.0;0.0
2024;2024/1;PI;195.0;39.0;44.0;32.0;61.0;18.0;1.0;0.0;21.0;37.0;137.0;0.0;0.0;14.0;3.0;30.0;20.0;10.0;0.0;0.0;0.0;0.0;2.0;6.0;2.0;85.0;2.0;0.0
2024;2024/1;PI;300.0;48.0;53.0;48.0;52.0;30.0;13.0;3.0;49.0;82.0;152.0;1.0;0.0;14.0;19.0;15.0;60.0;14.0;0.0;0.0;0.0;0.0;1.0;6.0;1.0;42.0;12.0;0.0
2024;2024/1;PI;130.0;10.0;11.0;15.0;45.0;27.0;15.0;4.0;27.0;25.0;70.0;0.0;0.0;7.0;4.0;9.0;12.0;5.0;0.0;0.0;0.0;0.0;2.0;5.0;0.0;10.0;2.0;0.0
2024;2024/1;PI;337.0;74.0;83.0;70.0;83.0;26.0;1.0;0.0;73.0;54.0;210.0;0.0;0.0;0.0;24.0;0.0;79.0;10.0;0.0;0.0;0.0;0.0;2.0;0.0;6.0;85.0;32.0;0.0
2024;2024/1;PI;511.0;81.0;91.0;87.0;140.0;95.0;14.0;3.0;112.0;92.0;303.0;4.0;0.0;10.0;98.0;11.0;158.0;21.0;0.0;0.0;1.0;0.0;4.0;0.0;8.0;95.0;3.0;10.0
2024;2024/1;PI;328.0;78.0;78.0;53.0;60.0;34.0;21.0;4.0;32.0;112.0;184.0;0.0;0.0;41.0;0.0;0.0;93.0;0.0;0.0;0.0;0.0;0.0;2.0;0.0;0.0;45.0;0.0;0.0
2024;2024/1;PI;669.0;135.0;126.0;100.0;204.0;79.0;17.0;1.0;62.0;42.0;536.0;0.0;0.0;54.0;59.0;66.0;120.0;23.0;3.0;2.0;3.0;0.0;7.0;20.0;0.0;295.0;4.0;3.0
2024;2024/1;PI;1146.0;200.0;376.0;223.0;277.0;58.0;11.0;1.0;96.0;108.0;522.0;1.0;0.0;43.0;48.0;97.0;204.0;16.0;2.0;1.0;1.0;0.0;1.0;19.0;1.0;115.0;9.0;7.0
2024;2024/1;PI;617.0;101.0;158.0;114.0;188.0;51.0;4.0;0.0;80.0;94.0;364.0;0.0;0.0;42.0;46.0;80.0;219.0;26.0;1.0;1.0;1.0;0.0;1.0;15.0;0.0;102.0;1.0;5.0
2024;2024/1;PI;91.0;10.0;18.0;20.0;30.0;8.0;5.0;0.0;18.0;29.0;43.0;1.0;0.0;1.0;4.0;6.0;17.0;3.0;0.0;0.0;0.0;0.0;0.0;1.0;0.0;19.0;1.0;0.0
2024;2024/1;PR;137.0;0.0;0.0;0.0;0.0;0.0;0.0;0.0;0.0;0.0;0.0;0.0;0.0;0.0;0.0;0.0;0.0;0.0;0.0;0.0;0.0;0.0;0.0;0.0;0.0;0.0;0.0;0.0
2024;2024/1;PR;350.0;65.0;67.0;65.0;91.0;48.0;11.0;2.0;0.0;0.0;0.0;0.0;0.0;0.0;0.0;0.0;0.0;0.0;0.0;0.0;0.0;0.0;0.0;0.0;0.0;0.0;0.0;0.0
2024;2024/1;PR;67.0;10.0;19.0;20.0;16.0;0.0;0.0;0.0;38.0;22.0;5.0;0.0;0.0;0.0;0.0;0.0;0.0;0.0;0.0;0.0;0.0;0.0;0.0;0.0;0.0;0.0;0.0;0.0
2024;2024/1;PR;108.0;21.0;27.0;20.0;29.0;9.0;0.0;0.0;0.0;0.0;0.0;0.0;0.0;0.0;0.0;0.0;0.0;0.0;0.0;0.0;0.0;0.0;0.0;0.0;0.0;0.0;0.0;0.0
2024;2024/1;PR;51.0;2.0;9.0;7.0;13.0;12.0;7.0;1.0;16.0;5.0;30.0;0.0;0.0;0.0;0.0;0.0;0.0;0.0;0.0;0.0;0.0;0.0;0.0;0.0;0.0;0.0;0.0;0.0
2024;2024/1;PR;122.0;6.0;15.0;15.0;43.0;42.0;1.0;0.0;0.0;0.0;0.0;0.0;0.0;0.0;0.0;0.0;0.0;0.0;0.0;0.0;0.0;0.0;0.0;0.0;0.0;0.0;0.0;0.0
2024;2024/1;PR;106.0;13.0;17.0;17.0;41.0;15.0;2.0;1.0;0.0;0.0;0.0;0.0;0.0;0.0;0.0;0.0;0.0;0.0;0.0;0.0;0.0;0.0;0.0;0.0;0.0;0.0;0.0;0.0
2024;2024/1;PR;81.0;0.0;0.0;0.0;0.0;0.0;0.0;0.0;0.0;0.0;0.0;0.0;0.0;0.0;0.0;0.0;0.0;0.0;0.0;0.0;0.0;0.0;0.0;0.0;0.0;0.0;0.0;0.0
2024;2024/1;PR;120.0;0.0;0.0;0.0;0.0;0.0;0.0;0.0;0.0;0.0;0.0;0.0;0.0;0.0;0.0;0.0;0.0;0.0;0.0;0.0;0.0;0.0;0.0;0.0;0.0;0.0;0.0;0.0
2024;2024/1;PR;179.0;0.0;0.0;0.0;0.0;0.0;0.0;0.0;0.0;0.0;0.0;0.0;0.0;0.0;0.0;0.0;0.0;0.0;0.0;0.0;0.0;0.0;0.0;0.0;0.0;0.0;0.0;0.0
2024;2024/1;PR;376.0;87.0;92.0;74.0;83.0;35.0;4.0;1.0;0.0;0.0;0.0;0.0;0.0;0.0;0.0;0.0;0.0;0.0;0.0;0.0;0.0;0.0;0.0;0.0;0.0;0.0;0.0;0.0
2024;2024/1;PR;3581.0;0.0;0.0;0.0;0.0;0.0;0.0;0.0;0.0;0.0;0.0;0.0;0.0;0.0;0.0;0.0;0.0;0.0;0.0;0.0;0.0;0.0;0.0;0.0;0.0;0.0;0.0;0.0
2024;2024/1;PR;306.0;89.0;88.0;41.0;60.0;24.0;4.0;0.0;132.0;7.0;49.0;4.0;0.0;0.0;0.0;0.0;0.0;0.0;0.0;0.0;0.0;0.0;0.0;0.0;0.0;0.0;0.0;0.0
2024;2024/1;PR;118.0;0.0;0.0;0.0;0.0;0.0;0.0;0.0;0.0;0.0;0.0;0.0;0.0;0.0;0.0;0.0;0.0;0.0;0.0;0.0;0.0;0.0;0.0;0.0;0.0;0.0;0.0;0.0
2024;2024/1;PR;116.0;42.0;36.0;22.0;15.0;0.0;0.0;1.0;17.0;29.0;70.0;0.0;0.0;0.0;0.0;0.0;0.0;0.0;0.0;0.0;0.0;0.0;0.0;0.0;0.0;0.0;0.0;0.0
2024;2024/1;PR;132.0;0.0;0.0;0.0;0.0;0.0;0.0;0.0;0.0;0.0;0.0;0.0;1.0;0.0;0.0;0.0;0.0;0.0;0.0;0.0;0.0;0.0;0.0;0.0;0.0;0.0;0.0;0.0
2024;2024/1;PR;129.0;0.0;0.0;0.0;0.0;0.0;0.0;0.0;0.0;0.0;0.0;0.0;0.0;0.0;0.0;0.0;0.0;0.0;0.0;0.0;0.0;0.0;0.0;0.0;0.0;0.0;0.0;0.0
2024;2024/1;PR;55.0;0.0;0.0;0.0;0.0;0.0;0.0;0.0;0.0;0.0;0.0;0.0;0.0;0.0;0.0;0.0;0.0;0.0;0.0;0.0;0.0;0.0;0.0;0.0;0.0;0.0;0.0;0.0
2024;2024/1;PR;73.0;14.0;13.0;14.0;15.0;15.0;1.0;1.0;36.0;2.0;34.0;0.0;1.0;6.0;0.0;6.0;0.0;0.0;0.0;0.0;0.0;0.0;0.0;0.0;0.0;9.0;0.0;0.0
2024;2024/1;PR;85.0;0.0;0.0;0.0;0.0;0.0;0.0;0.0;0.0;0.0;0.0;0.0;0.0;0.0;0.0;0.0;0.0;0.0;0.0;0.0;0.0;0.0;0.0;0.0;0.0;0.0;0.0;0.0
2024;2024/1;PR;197.0;26.0;27.0;36.0;67.0;39.0;0.0;2.0;80.0;21.0;90.0;5.0;0.0;0.0;0.0;0.0;0.0;0.0;0.0;0.0;0.0;0.0;0.0;0.0;0.0;0.0;0.0;0.0
2024;2024/1;PR;112.0;21.0;34.0;19.0;23.0;13.0;1.0;1.0;0.0;0.0;0.0;0.0;0.0;0.0;0.0;0.0;0.0;0.0;0.0;0.0;0.0;0.0;0.0;0.0;0.0;0.0;0.0;0.0
2024;2024/1;PR;161.0;0.0;0.0;0.0;0.0;0.0;0.0;0.0;0.0;0.0;0.0;0.0;0.0;0.0;0.0;0.0;0.0;0.0;0.0;0.0;0.0;0.0;0.0;0.0;0.0;0.0;0.0;0.0
2024;2024/1;PR;107.0;19.0;25.0;24.0;9.0;13.0;16.0;1.0;10.0;1.0;96.0;0.0;0.0;0.0;0.0;0.0;0.0;0.0;0.0;0.0;0.0;0.0;0.0;0.0;0.0;0.0;0.0;0.0
2024;2024/1;PR;120.0;27.0;21.0;18.0;30.0;19.0;4.0;1.0;48.0;10.0;62.0;0.0;0.0;0.0;0.0;0.0;0.0;0.0;0.0;0.0;0.0;0.0;0.0;0.0;0.0;0.0;0.0;0.0
2024;2024/1;PR;273.0;0.0;0.0;0.0;0.0;0.0;0.0;0.0;0.0;0.0;0.0;0.0;0.0;0.0;0.0;0.0;0.0;0.0;0.0;0.0;0.0;0.0;0.0;0.0;0.0;0.0;0.0;0.0
2024;2024/1;PR;481.0;33.0;51.0;63.0;143.0;138.0;36.0;15.0;0.0;0.0;0.0;0.0;0.0;0.0;0.0;0.0;0.0;0.0;0.0;0.0;0.0;0.0;0.0;0.0;0.0;0.0;0.0;0.0
2024;2024/1;PR;47.0;10.0;16.0;5.0;13.0;3.0;0.0;0.0;0.0;0.0;0.0;0.0;0.0;0.0;0.0;0.0;0.0;0.0;0.0;0.0;0.0;0.0;0.0;0.0;0.0;0.0;0.0;0.0
2024;2024/1;PR;121.0;15.0;22.0;18.0;34.0;21.0;7.0;3.0;35.0;4.0;21.0;0.0;0.0;0.0;0.0;0.0;0.0;0.0;0.0;0.0;0.0;0.0;0.0;0.0;0.0;0.0;0.0;0.0
2024;2024/1;PR;65.0;4.0;5.0;10.0;32.0;13.0;1.0;0.0;0.0;0.0;0.0;0.0;0.0;1.0;;;;;;;;;;;;1.0;;
2024;2024/1;PR;193.0;35.0;31.0;31.0;58.0;27.0;6.0;5.0;53.0;13.0;52.0;0.0;0.0;0.0;0.0;0.0;0.0;0.0;0.0;0.0;0.0;0.0;0.0;0.0;0.0;0.0;0.0;0.0
2024;2024/1;PR;104.0;0.0;0.0;0.0;0.0;0.0;0.0;0.0;0.0;0.0;0.0;0.0;0.0;0.0;0.0;0.0;0.0;0.0;0.0;0.0;0.0;0.0;0.0;0.0;0.0;0.0;0.0;0.0
2024;2024/1;PR;206.0;39.0;56.0;36.0;41.0;28.0;4.0;1.0;63.0;20.0;63.0;3.0;0.0;0.0;0.0;0.0;0.0;0.0;0.0;0.0;0.0;0.0;0.0;0.0;0.0;0.0;0.0;0.0
2024;2024/1;PR;60.0;0.0;0.0;0.0;0.0;0.0;0.0;0.0;0.0;0.0;0.0;0.0;0.0;0.0;0.0;0.0;0.0;0.0;0.0;0.0;0.0;0.0;0.0;0.0;0.0;0.0;0.0;0.0
2024;2024/1;PR;240.0;45.0;52.0;48.0;47.0;38.0;8.0;2.0;0.0;0.0;0.0;0.0;0.0;0.0;0.0;0.0;0.0;0.0;0.0;0.0;0.0;0.0;0.0;0.0;0.0;0.0;0.0;0.0
2024;2024/1;PR;166.0;0.0;0.0;0.0;0.0;0.0;0.0;0.0;0.0;0.0;0.0;0.0;0.0;0.0;0.0;0.0;0.0;0.0;0.0;0.0;0.0;0.0;0.0;0.0;0.0;0.0;0.0;0.0
2024;2024/1;PR;140.0;0.0;0.0;0.0;0.0;0.0;0.0;0.0;0.0;0.0;0.0;0.0;0.0;0.0;0.0;0.0;0.0;0.0;0.0;0.0;0.0;0.0;0.0;0.0;0.0;0.0;0.0;0.0
2024;2024/1;PR;168.0;0.0;0.0;0.0;0.0;0.0;0.0;0.0;0.0;0.0;0.0;0.0;0.0;0.0;0.0;0.0;0.0;0.0;0.0;0.0;0.0;0.0;0.0;0.0;0.0;0.0;0.0;0.0
2024;2024/1;PR;247.0;35.0;45.0;52.0;72.0;37.0;2.0;1.0;0.0;0.0;0.0;0.0;0.0;0.0;0.0;0.0;0.0;0.0;0.0;0.0;0.0;0.0;0.0;0.0;0.0;0.0;0.0;0.0
2024;2024/1;PR;57.0;9.0;14.0;16.0;14.0;4.0;0.0;0.0;29.0;2.0;26.0;0.0;0.0;0.0;0.0;0.0;0.0;0.0;0.0;0.0;0.0;0.0;0.0;0.0;0.0;0.0;0.0;0.0
2024;2024/1;PR;41.0;2.0;13.0;5.0;10.0;6.0;0.0;0.0;16.0;6.0;14.0;0.0;0.0;0.0;0.0;0.0;0.0;0.0;0.0;0.0;0.0;0.0;0.0;0.0;0.0;0.0;0.0;0.0
2024;2024/1;PR;122.0;7.0;12.0;12.0;40.0;31.0;6.0;1.0;0.0;0.0;0.0;0.0;0.0;0.0;0.0;0.0;0.0;0.0;0.0;0.0;0.0;0.0;0.0;0.0;0.0;0.0;0.0;0.0
2024;2024/1;PR;89.0;11.0;17.0;16.0;28.0;12.0;4.0;1.0;22.0;7.0;8.0;3.0;0.0;0.0;0.0;0.0;0.0;0.0;0.0;0.0;0.0;0.0;0.0;0.0;0.0;0.0;0.0;0.0
2024;2024/1;PR;70.0;9.0;15.0;16.0;16.0;10.0;4.0;0.0;29.0;6.0;34.0;1.0;0.0;0.0;0.0;0.0;0.0;0.0;0.0;0.0;0.0;0.0;0.0;0.0;0.0;0.0;0.0;0.0
2024;2024/1;PR;139.0;0.0;0.0;0.0;0.0;0.0;0.0;0.0;0.0;0.0;0.0;0.0;0.0;0.0;0.0;0.0;0.0;0.0;0.0;0.0;0.0;0.0;0.0;0.0;0.0;0.0;0.0;0.0
2024;2024/1;PR;184.0;37.0;31.0;31.0;59.0;23.0;3.0;0.0;43.0;7.0;39.0;0.0;0.0;0.0;0.0;0.0;0.0;0.0;0.0;0.0;0.0;0.0;0.0;0.0;0.0;0.0;0.0;0.0
2024;2024/1;PR;95.0;23.0;21.0;18.0;25.0;7.0;1.0;0.0;28.0;3.0;60.0;1.0;3.0;0.0;0.0;0.0;0.0;0.0;0.0;0.0;0.0;0.0;0.0;0.0;0.0;0.0;0.0;0.0
2024;2024/1;PR;488.0;80.0;111.0;151.0;115.0;27.0;3.0;1.0;124.0;23.0;107.0;2.0;0.0;0.0;0.0;0.0;0.0;0.0;0.0;0.0;0.0;0.0;0.0;0.0;0.0;0.0;0.0;0.0
2024;2024/1;PR;47.0;8.0;16.0;5.0;11.0;7.0;0.0;0.0;10.0;2.0;2.0;0.0;0.0;0.0;0.0;0.0;0.0;0.0;0.0;0.0;0.0;0.0;0.0;0.0;0.0;0.0;0.0;0.0
2024;2024/1;PR;38.0;2.0;7.0;5.0;10.0;9.0;4.0;1.0;11.0;1.0;26.0;0.0;0.0;0.0;0.0;0.0;0.0;0.0;0.0;0.0;0.0;0.0;0.0;0.0;0.0;0.0;0.0;0.0
2024;2024/1;PR;63.0;2.0;9.0;7.0;13.0;0.0;18.0;1.0;33.0;3.0;27.0;0.0;0.0;0.0;0.0;6.0;0.0;0.0;0.0;0.0;0.0;0.0;0.0;2.0;0.0;4.0;1.0;0.0
2024;2024/1;PR;109.0;0.0;0.0;0.0;0.0;0.0;0.0;0.0;0.0;0.0;0.0;0.0;0.0;0.0;0.0;0.0;0.0;0.0;0.0;0.0;0.0;0.0;0.0;0.0;0.0;0.0;0.0;0.0
2024;2024/1;PR;79.0;25.0;12.0;12.0;20.0;7.0;0.0;1.0;23.0;5.0;49.0;0.0;0.0;0.0;0.0;0.0;0.0;0.0;0.0;0.0;0.0;0.0;0.0;0.0;0.0;0.0;0.0;0.0
2024;2024/1;PR;68.0;9.0;15.0;13.0;17.0;9.0;3.0;2.0;34.0;25.0;9.0;0.0;0.0;0.0;0.0;0.0;0.0;0.0;0.0;0.0;0.0;0.0;0.0;0.0;0.0;0.0;0.0;0.0
2024;2024/1;PR;124.0;19.0;21.0;26.0;32.0;21.0;5.0;0.0;0.0;0.0;0.0;0.0;0.0;0.0;0.0;0.0;0.0;0.0;0.0;0.0;0.0;0.0;0.0;0.0;0.0;0.0;0.0;0.0
2024;2024/1;PR;129.0;27.0;22.0;38.0;28.0;6.0;0.0;0.0;0.0;0.0;0.0;0.0;0.0;0.0;0.0;0.0;0.0;0.0;0.0;0.0;0.0;0.0;0.0;0.0;0.0;0.0;0.0;0.0
2024;2024/1;PR;74.0;9.0;14.0;20.0;20.0;10.0;1.0;0.0;65.0;2.0;7.0;0.0;0.0;4.0;6.0;2.0;13.0;3.0;0.0;0.0;0.0;0.0;0.0;0.0;0.0;40.0;0.0;0.0
2024;2024/1;PR;80.0;20.0;17.0;11.0;20.0;10.0;2.0;0.0;22.0;1.0;11.0;0.0;0.0;0.0;0.0;0.0;0.0;0.0;0.0;0.0;0.0;0.0;0.0;0.0;0.0;0.0;0.0;0.0
2024;2024/1;PR;170.0;40.0;35.0;37.0;38.0;14.0;5.0;1.0;26.0;9.0;28.0;2.0;0.0;0.0;0.0;0.0;0.0;0.0;0.0;0.0;0.0;0.0;0.0;0.0;0.0;0.0;0.0;0.0
2024;2024/1;PR;41.0;8.0;8.0;15.0;8.0;2.0;0.0;0.0;15.0;8.0;16.0;0.0;1.0;15.0;0.0;0.0;0.0;0.0;0.0;0.0;0.0;0.0;0.0;0.0;0.0;0.0;0.0;0.0
2024;2024/1;PR;118.0;13.0;15.0;9.0;38.0;35.0;7.0;1.0;54.0;5.0;30.0;0.0;2.0;7.0;2.0;2.0;2.0;1.0;2.0;0.0;0.0;0.0;3.0;2.0;0.0;13.0;2.0;0.0
2024;2024/1;PR;146.0;0.0;0.0;0.0;0.0;0.0;0.0;0.0;0.0;0.0;0.0;0.0;0.0;0.0;0.0;0.0;0.0;0.0;0.0;0.0;0.0;0.0;0.0;0.0;0.0;0.0;0.0;0.0
2024;2024/1;PR;61.0;0.0;6.0;8.0;25.0;20.0;2.0;0.0;10.0;5.0;45.0;1.0;0.0;2.0;0.0;0.0;0.0;0.0;0.0;0.0;0.0;0.0;0.0;0.0;0.0;0.0;0.0;0.0
2024;2024/1;PR;127.0;6.0;8.0;23.0;33.0;41.0;15.0;1.0;51.0;16.0;59.0;0.0;1.0;0.0;0.0;0.0;0.0;0.0;0.0;0.0;0.0;0.0;0.0;0.0;0.0;0.0;0.0;0.0
2024;2024/1;PR;97.0;6.0;13.0;10.0;25.0;23.0;15.0;5.0;35.0;11.0;51.0;0.0;0.0;;;;;;;;;;;;;;;
2024;2024/1;PR;88.0;13.0;13.0;15.0;26.0;14.0;6.0;1.0;34.0;16.0;38.0;0.0;0.0;;;;;;;;;;;;;;;
2024;2024/1;PR;59.0;13.0;16.0;9.0;14.0;7.0;0.0;0.0;2.0;27.0;30.0;0.0;0.0;0.0;0.0;0.0;0.0;0.0;0.0;0.0;0.0;0.0;0.0;0.0;0.0;0.0;0.0;0.0
2024;2024/1;PR;68.0;12.0;21.0;14.0;8.0;11.0;1.0;1.0;23.0;11.0;34.0;0.0;0.0;0.0;0.0;0.0;0.0;0.0;0.0;0.0;0.0;0.0;0.0;0.0;0.0;0.0;0.0;0.0
2024;2024/1;PR;57.0;13.0;13.0;15.0;9.0;6.0;1.0;0.0;15.0;0.0;11.0;0.0;0.0;0.0;0.0;0.0;0.0;0.0;0.0;0.0;0.0;0.0;0.0;0.0;0.0;0.0;0.0;0.0
2024;2024/1;PR;47.0;3.0;6.0;8.0;16.0;13.0;1.0;0.0;31.0;4.0;12.0;0.0;0.0;0.0;0.0;0.0;0.0;0.0;0.0;0.0;0.0;0.0;0.0;0.0;0.0;0.0;0.0;0.0
2024;2024/1;PR;61.0;14.0;15.0;17.0;12.0;3.0;0.0;0.0;24.0;5.0;32.0;0.0;0.0;0.0;0.0;0.0;0.0;0.0;0.0;0.0;0.0;0.0;0.0;0.0;0.0;0.0;0.0;0.0
2024;2024/1;PR;717.0;160.0;157.0;147.0;186.0;54.0;12.0;1.0;0.0;0.0;0.0;0.0;0.0;0.0;0.0;0.0;0.0;0.0;0.0;0.0;0.0;0.0;0.0;0.0;0.0;0.0;0.0;0.0
2024;2024/1;PR;93.0;2.0;25.0;16.0;24.0;18.0;5.0;0.0;75.0;5.0;10.0;0.0;0.0;0.0;0.0;0.0;0.0;0.0;0.0;0.0;0.0;0.0;0.0;0.0;0.0;0.0;0.0;0.0
2024;2024/1;PR;74.0;0.0;0.0;0.0;0.0;0.0;0.0;0.0;0.0;0.0;0.0;0.0;0.0;0.0;0.0;0.0;0.0;0.0;0.0;0.0;0.0;0.0;0.0;0.0;0.0;0.0;0.0;0.0
2024;2024/1;PR;82.0;9.0;17.0;8.0;23.0;22.0;3.0;0.0;0.0;0.0;0.0;0.0;0.0;0.0;0.0;0.0;0.0;0.0;0.0;0.0;0.0;0.0;0.0;0.0;0.0;0.0;0.0;0.0
2024;2024/1;PR;163.0;28.0;22.0;28.0;51.0;30.0;4.0;0.0;74.0;7.0;80.0;2.0;0.0;0.0;0.0;0.0;0.0;0.0;0.0;0.0;0.0;0.0;0.0;0.0;0.0;0.0;0.0;0.0
2024;2024/1;PR;208.0;0.0;0.0;0.0;0.0;0.0;0.0;0.0;0.0;0.0;0.0;0.0;0.0;0.0;0.0;0.0;0.0;0.0;0.0;0.0;0.0;0.0;0.0;0.0;0.0;0.0;0.0;0.0
2024;2024/1;PR;66.0;17.0;15.0;14.0;11.0;6.0;3.0;0.0;30.0;3.0;15.0;0.0;0.0;0.0;0.0;0.0;0.0;0.0;0.0;0.0;0.0;0.0;0.0;0.0;0.0;0.0;0.0;0.0
2024;2024/1;PR;493.0;128.0;103.0;103.0;113.0;43.0;3.0;0.0;0.0;0.0;0.0;0.0;0.0;0.0;0.0;0.0;0.0;0.0;0.0;0.0;0.0;0.0;0.0;0.0;0.0;0.0;0.0;0.0
2024;2024/1;PR;174.0;41.0;27.0;27.0;46.0;33.0;0.0;0.0;63.0;7.0;56.0;1.0;0.0;0.0;0.0;0.0;0.0;0.0;0.0;0.0;0.0;0.0;0.0;0.0;0.0;0.0;0.0;0.0
2024;2024/1;PR;181.0;0.0;0.0;0.0;0.0;0.0;0.0;0.0;0.0;0.0;0.0;0.0;0.0;0.0;0.0;0.0;0.0;0.0;0.0;0.0;0.0;0.0;0.0;0.0;0.0;0.0;0.0;0.0
2024;2024/1;PR;1195.0;246.0;287.0;242.0;307.0;101.0;10.0;2.0;498.0;154.0;475.0;11.0;0.0;287.0;173.0;168.0;228.0;22.0;3.0;0.0;0.0;0.0;10.0;25.0;41.0;479.0;10.0;0.0
2024;2024/1;PR;781.0;17.0;45.0;103.0;249.0;308.0;59.0;0.0;334.0;26.0;139.0;5.0;0.0;65.0;0.0;144.0;0.0;0.0;3.0;3.0;1.0;0.0;1.0;36.0;0.0;84.0;4.0;0.0
2024;2024/1;PR;629.0;110.0;137.0;123.0;184.0;65.0;9.0;1.0;255.0;49.0;248.0;4.0;0.0;0.0;0.0;0.0;0.0;0.0;0.0;0.0;0.0;0.0;0.0;0.0;0.0;0.0;0.0;0.0
2024;2024/1;PR;1709.0;345.0;385.0;342.0;456.0;156.0;22.0;3.0;489.0;51.0;217.0;5.0;0.0;0.0;0.0;0.0;0.0;0.0;0.0;0.0;0.0;0.0;0.0;0.0;0.0;0.0;0.0;0.0
2024;2024/1;PR;1037.0;218.0;264.0;234.0;261.0;56.0;4.0;0.0;0.0;0.0;0.0;0.0;0.0;0.0;0.0;0.0;0.0;0.0;0.0;0.0;0.0;0.0;0.0;0.0;0.0;0.0;0.0;0.0
2024;2024/1;PR;16335.0;0.0;0.0;0.0;0.0;0.0;0.0;0.0;6796.0;974.0;4705.0;144.0;54.0;0.0;0.0;0.0;0.0;0.0;0.0;0.0;0.0;0.0;0.0;0.0;0.0;0.0;0.0;0.0
2024;2024/1;PR;159.0;0.0;0.0;0.0;0.0;0.0;0.0;0.0;0.0;0.0;0.0;0.0;0.0;0.0;0.0;0.0;0.0;0.0;0.0;0.0;0.0;0.0;0.0;0.0;0.0;0.0;0.0;0.0
2024;2024/1;PR;175.0;1.0;27.0;18.0;55.0;44.0;20.0;4.0;90.0;12.0;42.0;0.0;0.0;0.0;0.0;0.0;0.0;0.0;0.0;0.0;0.0;0.0;0.0;0.0;0.0;0.0;0.0;0.0
2024;2024/1;PR;440.0;38.0;133.0;109.0;110.0;18.0;2.0;0.0;185.0;48.0;112.0;2.0;0.0;0.0;0.0;0.0;0.0;0.0;0.0;0.0;0.0;0.0;0.0;0.0;0.0;0.0;0.0;0.0
2024;2024/1;PR;115.0;26.0;31.0;16.0;25.0;14.0;2.0;1.0;26.0;12.0;53.0;0.0;1.0;0.0;0.0;0.0;0.0;0.0;0.0;0.0;0.0;0.0;0.0;0.0;0.0;0.0;0.0;0.0
2024;2024/1;PR;532.0;44.0;118.0;136.0;163.0;66.0;5.0;0.0;406.0;36.0;87.0;3.0;0.0;0.0;0.0;0.0;0.0;0.0;0.0;0.0;0.0;0.0;0.0;0.0;0.0;0.0;0.0;0.0
2024;2024/1;PR;338.0;20.0;64.0;72.0;99.0;65.0;17.0;1.0;176.0;36.0;125.0;1.0;0.0;45.0;48.0;32.0;90.0;9.0;2.0;1.0;1.0;1.0;4.0;29.0;3.0;143.0;23.0;2.0
2024;2024/1;PR;646.0;62.0;97.0;87.0;152.0;123.0;90.0;35.0;0.0;0.0;0.0;0.0;0.0;0.0;0.0;0.0;0.0;0.0;0.0;0.0;0.0;0.0;0.0;0.0;0.0;0.0;0.0;0.0
2024;2024/1;PR;3386.0;0.0;0.0;0.0;0.0;0.0;0.0;0.0;0.0;0.0;0.0;0.0;0.0;0.0;0.0;0.0;0.0;0.0;0.0;0.0;0.0;0.0;0.0;0.0;0.0;0.0;0.0;0.0
2024;2024/1;PR;37799.0;0.0;0.0;0.0;0.0;0.0;0.0;0.0;0.0;0.0;0.0;0.0;0.0;0.0;0.0;0.0;0.0;0.0;0.0;0.0;0.0;0.0;0.0;0.0;0.0;0.0;0.0;0.0
2024;2024/1;PR;1060.0;0.0;0.0;0.0;0.0;0.0;0.0;0.0;0.0;0.0;0.0;0.0;0.0;0.0;0.0;0.0;0.0;0.0;0.0;0.0;0.0;0.0;0.0;0.0;0.0;0.0;0.0;0.0
2024;2024/1;PR;619.0;59.0;144.0;113.0;172.0;98.0;29.0;4.0;376.0;10.0;233.0;0.0;0.0;25.0;39.0;21.0;56.0;;4.0;;;1.0;6.0;;;156.0;120.0;
2024;2024/1;PR;2696.0;685.0;525.0;345.0;99.0;0.0;0.0;0.0;119.0;573.0;0.0;3.0;0.0;0.0;0.0;0.0;0.0;0.0;0.0;0.0;0.0;0.0;0.0;0.0;0.0;0.0;0.0;0.0
2024;2024/1;PR;203.0;0.0;0.0;0.0;0.0;0.0;0.0;0.0;0.0;0.0;0.0;0.0;0.0;0.0;0.0;0.0;0.0;0.0;0.0;0.0;0.0;0.0;0.0;0.0;0.0;0.0;0.0;0.0
2024;2024/1;PR;550.0;90.0;151.0;104.0;149.0;53.0;3.0;0.0;169.0;26.0;127.0;2.0;0.0;33.0;37.0;36.0;102.0;10.0;0.0;0.0;0.0;0.0;0.0;12.0;0.0;169.0;11.0;8.0
2024;2024/1;PR;910.0;131.0;210.0;191.0;248.0;110.0;16.0;4.0;0.0;0.0;0.0;0.0;0.0;0.0;0.0;0.0;0.0;0.0;0.0;0.0;0.0;0.0;0.0;0.0;0.0;0.0;0.0;0.0
2024;2024/1;PR;761.0;111.0;217.0;173.0;168.0;69.0;17.0;6.0;413.0;166.0;172.0;8.0;2.0;256.0;0.0;128.0;0.0;0.0;2.0;0.0;2.0;0.0;3.0;14.0;0.0;247.0;0.0;0.0
2024;2024/1;PR;1400.0;239.0;358.0;266.0;371.0;95.0;70.0;1.0;444.0;125.0;825.0;3.0;3.0;28.0;63.0;82.0;3.0;0.0;8.0;7.0;0.0;0.0;6.0;12.0;7.0;362.0;236.0;48.0
2024;2024/1;PR;575.0;90.0;134.0;127.0;169.0;52.0;3.0;0.0;0.0;0.0;0.0;0.0;0.0;0.0;0.0;0.0;0.0;0.0;0.0;0.0;0.0;0.0;0.0;0.0;0.0;0.0;0.0;0.0
2024;2024/1;PR;1763.0;221.0;446.0;425.0;503.0;152.0;15.0;1.0;891.0;78.0;342.0;11.0;0.0;0.0;0.0;0.0;0.0;0.0;0.0;0.0;0.0;0.0;0.0;0.0;0.0;0.0;0.0;0.0
2024;2024/1;PR;1238.0;183.0;346.0;295.0;320.0;86.0;7.0;1.0;478.0;157.0;332.0;15.0;0.0;286.0;;475.0;;9.0;6.0;2.0;;;12.0;195.0;;546.0;74.0;448.0
2024;2024/1;PR;518.0;81.0;175.0;110.0;105.0;45.0;2.0;0.0;317.0;47.0;151.0;3.0;0.0;0.0;0.0;0.0;0.0;0.0;0.0;0.0;0.0;0.0;0.0;0.0;0.0;0.0;0.0;0.0
2024;2024/1;PR;1004.0;41.0;122.0;151.0;326.0;260.0;70.0;34.0;0.0;0.0;0.0;0.0;11.0;0.0;0.0;0.0;0.0;0.0;0.0;0.0;0.0;0.0;0.0;0.0;0.0;0.0;0.0;0.0
2024;2024/1;PR;793.0;150.0;210.0;177.0;195.0;55.0;5.0;1.0;274.0;48.0;414.0;0.0;3.0;131.0;137.0;85.0;307.0;36.0;2.0;0.0;0.0;0.0;10.0;129.0;3.0;415.0;94.0;43.0
2024;2024/1;PR;1338.0;197.0;377.0;273.0;369.0;110.0;8.0;4.0;0.0;0.0;0.0;0.0;0.0;389.0;0.0;407.0;0.0;0.0;5.0;4.0;1.0;0.0;12.0;180.0;0.0;474.0;92.0;379.0
2024;2024/1;PR;315.0;29.0;61.0;63.0;100.0;53.0;9.0;0.0;75.0;69.0;146.0;0.0;0.0;0.0;23.0;17.0;26.0;2.0;4.0;0.0;0.0;0.0;10.0;19.0;0.0;132.0;61.0;1.0
2024;2024/1;PR;749.0;46.0;181.0;157.0;202.0;111.0;28.0;24.0;413.0;75.0;255.0;6.0;0.0;61.0;54.0;97.0;160.0;51.0;4.0;1.0;0.0;0.0;8.0;59.0;1.0;156.0;26.0;0.0
2024;2024/1;PR;1127.0;150.0;301.0;289.0;276.0;98.0;6.0;1.0;406.0;126.0;402.0;4.0;0.0;167.0;207.0;156.0;387.0;83.0;15.0;0.0;4.0;0.0;8.0;87.0;0.0;733.0;36.0;0.0
2024;2024/1;PR;903.0;137.0;250.0;213.0;226.0;75.0;2.0;0.0;322.0;81.0;303.0;2.0;0.0;109.0;100.0;109.0;229.0;43.0;4.0;4.0;2.0;0.0;5.0;64.0;0.0;439.0;22.0;0.0
2024;2024/1;PR;508.0;49.0;209.0;106.0;132.0;8.0;4.0;0.0;471.0;35.0;2.0;0.0;0.0;88.0;136.0;90.0;230.0;80.0;6.0;1.0;1.0;4.0;10.0;20.0;86.0;290.0;94.0;
2024;2024/1;PR;704.0;51.0;175.0;192.0;249.0;35.0;2.0;0.0;477.0;53.0;168.0;1.0;0.0;129.0;27.0;242.0;104.0;39.0;16.0;3.0;3.0;0.0;1.0;46.0;1.0;349.0;87.0;165.0
2024;2024/1;PR;1276.0;128.0;349.0;336.0;383.0;76.0;4.0;0.0;0.0;0.0;0.0;0.0;0.0;0.0;0.0;0.0;0.0;0.0;0.0;0.0;0.0;0.0;0.0;0.0;0.0;0.0;0.0;0.0
2024;2024/1;PR;247.0;22.0;39.0;45.0;70.0;47.0;19.0;5.0;172.0;17.0;56.0;2.0;0.0;0.0;0.0;0.0;0.0;0.0;0.0;0.0;0.0;0.0;0.0;0.0;0.0;0.0;0.0;0.0
2024;2024/1;PR;535.0;47.0;154.0;140.0;90.0;79.0;18.0;7.0;346.0;53.0;134.0;2.0;0.0;0.0;0.0;0.0;0.0;0.0;0.0;0.0;0.0;0.0;0.0;0.0;0.0;0.0;0.0;0.0
2024;2024/1;PR;282.0;43.0;70.0;52.0;72.0;37.0;6.0;0.0;107.0;27.0;141.0;0.0;0.0;9.0;30.0;25.0;43.0;10.0;4.0;0.0;0.0;0.0;3.0;12.0;0.0;10.0;4.0;1.0
2024;2024/1;PR;469.0;54.0;101.0;103.0;148.0;52.0;8.0;1.0;270.0;47.0;140.0;10.0;0.0;12.0;47.0;12.0;82.0;26.0;2.0;5.0;2.0;0.0;11.0;20.0;1.0;237.0;68.0;0.0
2024;2024/1;PR;517.0;50.0;114.0;109.0;141.0;80.0;20.0;3.0;311.0;24.0;176.0;4.0;2.0;123.0;226.0;61.0;259.0;56.0;5.0;3.0;2.0;0.0;10.0;58.0;2.0;375.0;66.0;0.0
2024;2024/1;PR;387.0;34.0;76.0;74.0;118.0;68.0;17.0;0.0;219.0;28.0;140.0;0.0;0.0;34.0;20.0;47.0;36.0;10.0;1.0;1.0;0.0;0.0;2.0;28.0;0.0;145.0;23.0;0.0
2024;2024/1;PR;148.0;0.0;6.0;27.0;82.0;30.0;;;44.0;19.0;59.0;0.0;0.0;0.0;12.0;5.0;93.0;21.0;1.0;6.0;0.0;0.0;12.0;20.0;6.0;86.0;51.0;6.0
2024;2024/1;RJ;598.0;;;;;;;;;;;;;;;;;;;;;;;;;;;
2024;2024/1;RJ;8246.0;;;;;;;;;;;;;;;;;;;;;;;;;;;
2024;2024/1;RJ;140.0;0.0;0.0;4.0;47.0;70.0;18.0;1.0;69.0;10.0;52.0;1.0;0.0;0.0;0.0;5.0;6.0;2.0;8.0;11.0;0.0;0.0;1.0;1.0;0.0;15.0;0.0;0.0
2024;2024/1;RJ;1364.0;339.0;281.0;239.0;354.0;147.0;3.0;1.0;335.0;336.0;641.0;0.0;4.0;;;;;;;;;;;;;;;
2024;2024/1;RJ;300.0;1.0;11.0;22.0;45.0;24.0;150.0;47.0;103.0;50.0;145.0;2.0;0.0;0.0;2.0;0.0;6.0;0.0;0.0;0.0;0.0;0.0;10.0;0.0;0.0;15.0;0.0;0.0
2024;2024/1;RJ;724.0;269.0;205.0;120.0;93.0;21.0;16.0;0.0;145.0;244.0;309.0;4.0;0.0;;;;;;;;;;;;;;;
2024;2024/1;RJ;370.0;173.0;67.0;51.0;54.0;25.0;0.0;0.0;107.0;88.0;165.0;0.0;0.0;;;;;;;;;;;;;;;
2024;2024/1;RJ;869.0;104.0;208.0;188.0;232.0;115.0;0.0;0.0;224.0;218.0;385.0;0.0;0.0;;;;;;;;;;;;;;;
2024;2024/1;RJ;1791.0;488.0;348.0;314.0;436.0;196.0;9.0;0.0;376.0;435.0;882.0;3.0;4.0;;;;;;;;;;;;;;;
2024;2024/1;RJ;834.0;123.0;188.0;187.0;191.0;87.0;58.0;0.0;224.0;184.0;396.0;0.0;0.0;;;;;;;;;;;;;;;
2024;2024/1;RJ;500.0;39.0;70.0;89.0;173.0;110.0;19.0;0.0;196.0;107.0;190.0;0.0;0.0;31.0;16.0;38.0;69.0;25.0;7.0;1.0;0.0;0.0;7.0;10.0;0.0;150.0;82.0;2.0
2024;2024/1;RJ;885.0;533.0;181.0;89.0;59.0;20.0;0.0;0.0;114.0;268.0;448.0;4.0;2.0;;;;;;;;;;;;;;;
2024;2024/1;RJ;534.0;104.0;187.0;116.0;67.0;42.0;18.0;0.0;;;;;;;;;;;;;;;;;;;;
2024;2024/1;RJ;1435.0;236.0;245.0;255.0;456.0;239.0;3.0;1.0;430.0;363.0;619.0;23.0;0.0;;;;;;;;;;;;;;;
2024;2024/1;RJ;2400.0;289.0;552.0;523.0;709.0;324.0;3.0;0.0;577.0;606.0;1080.0;2.0;0.0;;;;;;;;;;;;;;;
2024;2024/1;RJ;749.0;53.0;88.0;112.0;229.0;198.0;52.0;17.0;250.0;198.0;276.0;3.0;0.0;2.0;2.0;2.0;6.0;3.0;0.0;1.0;0.0;0.0;1.0;1.0;0.0;5.0;0.0;2.0
2024;2024/1;RJ;782.0;385.0;198.0;102.0;81.0;16.0;0.0;0.0;210.0;255.0;129.0;188.0;0.0;;;;;;;;;;;;;;;
2024;2024/1;RJ;1441.0;404.0;432.0;274.0;212.0;119.0;0.0;0.0;;;;;;;;;;;;;;;;;;;;
2024;2024/1;RJ;54.0;0.0;4.0;5.0;11.0;21.0;11.0;2.0;38.0;2.0;13.0;0.0;0.0;0.0;0.0;0.0;1.0;0.0;0.0;0.0;0.0;0.0;2.0;0.0;0.0;6.0;0.0;0.0
2024;2024/1;RJ;1142.0;280.0;242.0;217.0;282.0;115.0;6.0;0.0;320.0;274.0;480.0;0.0;0.0;3.0;1.0;3.0;11.0;1.0;0.0;1.0;0.0;0.0;0.0;2.0;0.0;6.0;0.0;2.0
2024;2024/1;RJ;129.0;0.0;1.0;1.0;0.0;20.0;79.0;28.0;58.0;27.0;38.0;0.0;0.0;;;;;;;;;;;;;;;
2024;2024/1;RJ;48.0;;;;;;;;;;;;;;;;;;;;;;;;;;;
2024;2024/1;RJ;105.0;44.0;26.0;11.0;7.0;12.0;5.0;0.0;28.0;43.0;26.0;0.0;0.0;;;;;;;;;;;;;;;
2024;2024/1;RJ;58.0;4.0;9.0;11.0;10.0;22.0;1.0;1.0;23.0;11.0;21.0;0.0;0.0;;;;;;;;;;;;;;;
2024;2024/1;RJ;23.0;0.0;3.0;5.0;9.0;6.0;0.0;0.0;;;;;;;;;;;;;;;;;;;;
2024;2024/1;RJ;2797.0;320.0;617.0;603.0;838.0;396.0;23.0;0.0;0.0;0.0;0.0;0.0;0.0;;;;;;;;;;;;;;;
2024;2024/1;RJ;405.0;0.0;1.0;0.0;7.0;42.0;252.0;103.0;;;;;;;;;;;;;;;;;;;;
2024;2024/1;RJ;649.0;151.0;102.0;110.0;188.0;88.0;10.0;0.0;180.0;160.0;260.0;0.0;1.0;;;;;;;;;;;;;;;
2024;2024/1;RJ;3.0;0.0;0.0;2.0;0.0;1.0;0.0;0.0;1.0;2.0;0.0;0.0;0.0;;;;;;;;;;;;;;;
2024;2024/1;RJ;655.0;128.0;134.0;122.0;89.0;72.0;110.0;0.0;153.0;184.0;292.0;0.0;0.0;;;;;;;;;;;;;;;
2024;2024/1;RJ;376.0;42.0;71.0;61.0;97.0;94.0;11.0;0.0;115.0;67.0;180.0;0.0;1.0;31.0;10.0;27.0;21.0;3.0;4.0;2.0;3.0;1.0;6.0;3.0;1.0;62.0;27.0;3.0
2024;2024/1;RJ;2174.0;189.0;433.0;467.0;651.0;415.0;11.0;8.0;629.0;495.0;1021.0;1.0;0.0;;;;;;;;;;;;;;;
2024;2024/1;RJ;2177.0;155.0;712.0;544.0;566.0;184.0;10.0;3.0;432.0;637.0;1092.0;1.0;0.0;4.0;6.0;12.0;99.0;20.0;7.0;6.0;0.0;0.0;0.0;18.0;2.0;70.0;0.0;24.0
2024;2024/1;RJ;20276.0;;;;;;;;;;;;;;;;;;;;;;;;;;;
2024;2024/1;RJ;108.0;38.0;37.0;18.0;12.0;2.0;1.0;0.0;29.0;38.0;41.0;0.0;0.0;;;;;;;;;;;;;;;
2024;2024/1;RJ;1856.0;671.0;599.0;313.0;209.0;37.0;27.0;0.0;370.0;582.0;904.0;0.0;0.0;;;;;;;;;;;;;;;
2024;2024/1;RJ;569.0;72.0;156.0;151.0;140.0;49.0;1.0;0.0;112.0;135.0;282.0;0.0;0.0;;;;;;;;;;;;;;;
2024;2024/1;RJ;80.0;0.0;0.0;0.0;0.0;3.0;57.0;20.0;38.0;10.0;29.0;0.0;0.0;;;;;;;;;;;;;;;
2024;2024/1;RJ;1066.0;164.0;355.0;264.0;233.0;46.0;4.0;0.0;220.0;305.0;509.0;1.0;0.0;;;;;;;;;;;;;;;
2024;2024/1;RJ;825.0;45.0;199.0;200.0;291.0;82.0;8.0;0.0;197.0;235.0;392.0;1.0;0.0;;;;;;;;;;;;;;;
2024;2024/1;RJ;1481.0;170.0;318.0;264.0;331.0;127.0;9.0;1.0;280.0;561.0;390.0;0.0;0.0;;;;;;;;;;;;;;;
2024;2024/1;RJ;370.0;14.0;29.0;47.0;148.0;109.0;18.0;5.0;149.0;43.0;116.0;0.0;0.0;;;;;;;;;;;;;;;
2024;2024/1;RJ;2248.0;637.0;636.0;445.0;401.0;125.0;3.0;1.0;;;;;;;;;;;;;;;;;;;;
2024;2024/1;RJ;29.0;1.0;7.0;9.0;10.0;1.0;1.0;0.0;11.0;12.0;6.0;0.0;0.0;;;;;;;;;;;;;;;
2024;2024/1;RJ;861.0;163.0;211.0;193.0;210.0;80.0;4.0;0.0;203.0;231.0;406.0;0.0;0.0;;;;;;;;;;;;;;;
2024;2024/1;RJ;2612.0;578.0;844.0;602.0;470.0;114.0;4.0;0.0;455.0;863.0;1293.0;1.0;0.0;;;;;;;;;;;;;;;
2024;2024/1;RJ;384.0;37.0;75.0;86.0;110.0;65.0;11.0;0.0;112.0;88.0;169.0;0.0;0.0;3.0;0.0;0.0;2.0;1.0;0.0;0.0;0.0;0.0;0.0;0.0;0.0;1.0;0.0;0.0
2024;2024/1;RJ;1298.0;659.0;299.0;172.0;134.0;33.0;1.0;0.0;208.0;389.0;639.0;4.0;0.0;;;;;;;;;;;;;;;
2024;2024/1;RJ;1554.0;358.0;441.0;298.0;338.0;105.0;13.0;1.0;416.0;483.0;637.0;0.0;0.0;;;;;;;;;;;;;;;
2024;2024/1;RJ;1477.0;421.0;531.0;288.0;194.0;43.0;0.0;0.0;239.0;451.0;735.0;2.0;0.0;2.0;3.0;4.0;22.0;4.0;0.0;0.0;0.0;0.0;0.0;2.0;0.0;12.0;0.0;3.0
2024;2024/1;RJ;2215.0;682.0;532.0;480.0;371.0;135.0;12.0;0.0;372.0;655.0;1089.0;9.0;0.0;;;;;;;;;;;;;;;
2024;2024/1;RJ;1103.0;547.0;262.0;142.0;123.0;28.0;1.0;0.0;251.0;294.0;535.0;1.0;1.0;;;;;;;;;;;;;;;
2024;2024/1;RJ;1147.0;141.0;265.0;251.0;337.0;139.0;9.0;5.0;;;;;;;;;;;;;;;;;;;;
2024;2024/1;RJ;218.0;30.0;43.0;46.0;62.0;33.0;4.0;0.0;69.0;52.0;86.0;0.0;0.0;5.0;0.0;4.0;4.0;5.0;3.0;2.0;0.0;0.0;2.0;2.0;0.0;61.0;38.0;4.0
2024;2024/1;RJ;40.0;5.0;6.0;12.0;14.0;0.0;3.0;0.0;9.0;9.0;22.0;0.0;0.0;;;;;;;;;;;;;;;
2024;2024/1;RJ;11.0;6.0;1.0;2.0;2.0;0.0;0.0;0.0;3.0;2.0;6.0;0.0;0.0;;;;;;;;;;;;;;;
2024;2024/1;RJ;11.0;6.0;1.0;2.0;2.0;0.0;0.0;0.0;3.0;2.0;6.0;0.0;0.0;;;;;;;;;;;;;;;
2024;2024/1;RN;146.0;54.0;28.0;21.0;31.0;11.0;1.0;0.0;17.0;16.0;112.0;1.0;0.0;;;;;;;;;;;;;;;
2024;2024/1;RN;1363.0;292.0;354.0;327.0;258.0;118.0;12.0;2.0;225.0;191.0;945.0;1.0;1.0;;;;;;;;;;;;;;;
2024;2024/1;RN;290.0;81.0;76.0;38.0;68.0;24.0;3.0;;35.0;34.0;219.0;1.0;1.0;;;;;;;;;;;;;;;
2024;2024/1;RN;336.0;103.0;95.0;55.0;64.0;18.0;1.0;0.0;59.0;41.0;236.0;0.0;0.0;;;;;;;;;;;;;;;
2024;2024/1;RN;200.0;51.0;41.0;39.0;40.0;27.0;1.0;1.0;44.0;22.0;134.0;0.0;0.0;;;;;;;;;;;;;;;
2024;2024/1;RN;2690.0;355.0;655.0;501.0;717.0;362.0;69.0;31.0;619.0;304.0;1767.0;0.0;0.0;;;;;;;;;;;;;;;
2024;2024/1;RN;59.0;11.0;17.0;6.0;16.0;8.0;1.0;0.0;5.0;13.0;41.0;0.0;0.0;;;;;;;;;;;;;;;
2024;2024/1;RN;94.0;13.0;12.0;12.0;24.0;22.0;8.0;3.0;22.0;16.0;56.0;0.0;0.0;;;;;;;;;;;;;;;
2024;2024/1;RN;14.0;0.0;2.0;2.0;7.0;2.0;0.0;1.0;3.0;1.0;10.0;0.0;0.0;;;;;;;;;;;;;;;
2024;2024/1;RN;72.0;15.0;21.0;14.0;16.0;5.0;1.0;;17.0;12.0;43.0;;;5.0;;;13.0;;;;;;1.0;;;29.0;15.0;
2024;2024/1;RN;30.0;3.0;4.0;7.0;12.0;4.0;;;10.0;3.0;17.0;;;;;;;;;;;;;;;;;
2024;2024/1;RN;43.0;7.0;9.0;6.0;12.0;8.0;1.0;0.0;2.0;3.0;38.0;0.0;0.0;;;;;;;;;;;;;;;
2024;2024/1;RN;40.0;2.0;6.0;10.0;16.0;5.0;0.0;1.0;5.0;8.0;27.0;0.0;0.0;;;;;;;;;;;;;;;
2024;2024/1;RN;671.0;111.0;190.0;132.0;193.0;41.0;4.0;0.0;97.0;84.0;489.0;1.0;0.0;;;;;;;;;;;;;;;
2024;2024/1;RN;530.0;28.0;117.0;127.0;152.0;79.0;24.0;3.0;85.0;53.0;390.0;0.0;0.0;;;;;;;;;;;;;;;
2024;2024/1;RN;159.0;19.0;42.0;29.0;47.0;18.0;4.0;0.0;34.0;27.0;98.0;0.0;0.0;;;;;;;;;;;;;;;
2024;2024/1;RN;163.0;9.0;35.0;28.0;53.0;27.0;10.0;1.0;38.0;24.0;101.0;0.0;0.0;;;;;;;;;;;;;;;
2024;2024/1;RN;191.0;13.0;38.0;53.0;66.0;19.0;1.0;1.0;33.0;131.0;27.0;0.0;0.0;;;;;;;;;;;;;;;
2024;2024/1;RN;159.0;14.0;39.0;26.0;62.0;18.0;0.0;0.0;28.0;22.0;109.0;0.0;0.0;;;;;;;;;;;;;;;
2024;2024/1;RN;226.0;38.0;48.0;50.0;47.0;34.0;7.0;2.0;68.0;28.0;130.0;0.0;0.0;;;;;;;;;;;;;;;
2024;2024/1;RN;75.0;5.0;13.0;17.0;21.0;15.0;2.0;2.0;23.0;11.0;40.0;1.0;0.0;;;;;;;;;;;;;;;
2024;2024/1;RN;584.0;111.0;151.0;110.0;135.0;57.0;15.0;5.0;166.0;32.0;386.0;0.0;0.0;4.0;6.0;4.0;16.0;1.0;0.0;0.0;0.0;1.0;2.0;2.0;0.0;10.0;10.0;0.0
2024;2024/1;RN;59.0;5.0;13.0;14.0;10.0;16.0;1.0;0.0;25.0;7.0;27.0;0.0;0.0;;;;;;;;;;;;;;;
2024;2024/1;RN;689.0;218.0;147.0;93.0;167.0;57.0;6.0;1.0;131.0;87.0;470.0;1.0;0.0;;;;;;;;;;;;;;;
2024;2024/1;RN;270.0;15.0;59.0;51.0;92.0;41.0;10.0;2.0;68.0;37.0;163.0;2.0;0.0;;;;;;;;;;;;;;;
2024;2024/1;RN;1506.0;196.0;402.0;301.0;420.0;149.0;30.0;8.0;240.0;215.0;1049.0;2.0;0.0;;;;;;;;;;;;;;;
2024;2024/1;RN;603.0;37.0;148.0;195.0;188.0;35.0;;;132.0;62.0;403.0;3.0;3.0;;;;;;;;;;;;;;;
2024;2024/1;RN;45.0;0.0;3.0;12.0;22.0;8.0;0.0;0.0;15.0;17.0;13.0;0.0;0.0;;2.0;;9.0;4.0;2.0;;;;;;;12.0;5.0;1.0
2024;2024/1;RN;13.0;1.0;1.0;1.0;8.0;2.0;0.0;0.0;3.0;0.0;10.0;0.0;0.0;5.0;0.0;0.0;2.0;0.0;0.0;0.0;0.0;0.0;0.0;0.0;0.0;1.0;0.0;0.0
2024;2024/1;RN;1017.0;77.0;229.0;215.0;330.0;146.0;15.0;5.0;205.0;118.0;690.0;4.0;0.0;;;;;;;;;;;;;;;
2024;2024/1;RO;70.0;6.0;12.0;15.0;26.0;10.0;1.0;0.0;12.0;3.0;35.0;0.0;0.0;15.0;;33.0;;;;;;;;;;6.0;1.0;
2024;2024/1;RO;53.0;10.0;5.0;12.0;15.0;9.0;2.0;0.0;12.0;9.0;32.0;0.0;0.0;;;6.0;12.0;2.0;;;;;;;;13.0;;
2024;2024/1;RO;35.0;9.0;15.0;8.0;0.0;1.0;2.0;0.0;8.0;12.0;15.0;0.0;0.0;;;;;;;;;;;;;;;
2024;2024/1;RO;65.0;6.0;11.0;12.0;24.0;9.0;2.0;1.0;15.0;9.0;41.0;0.0;0.0;19.0;7.0;2.0;;;;;;;;;;11.0;;
2024;2024/1;RO;112.0;0.0;0.0;0.0;0.0;0.0;0.0;0.0;0.0;0.0;0.0;0.0;0.0;;;;;;;;;;;;;;;
2024;2024/1;RO;41.0;0.0;0.0;0.0;0.0;0.0;0.0;0.0;0.0;0.0;0.0;0.0;0.0;;;;;;;;;;;;;;;
2024;2024/1;RO;97.0;20.0;19.0;30.0;17.0;5.0;5.0;1.0;14.0;27.0;56.0;0.0;0.0;7.0;;10.0;;;;;;;;3.0;;19.0;;
2024;2024/1;RO;17.0;0.0;0.0;0.0;0.0;0.0;0.0;0.0;0.0;0.0;0.0;0.0;0.0;;;;;;;;;;;;;;;
2024;2024/1;RO;95.0;13.0;22.0;23.0;29.0;8.0;0.0;0.0;22.0;20.0;47.0;0.0;6.0;13.0;;11.0;;;;;;;2.0;5.0;;21.0;4.0;
2024;2024/1;RO;29.0;0.0;0.0;0.0;0.0;0.0;0.0;0.0;0.0;0.0;0.0;0.0;0.0;;;;;;;;;;;;;;;
2024;2024/1;RO;18.0;3.0;3.0;2.0;2.0;8.0;0.0;0.0;0.0;0.0;0.0;0.0;0.0;;;;;;;;;;;;;;;
2024;2024/1;RO;48.0;7.0;8.0;6.0;16.0;10.0;1.0;0.0;10.0;7.0;31.0;0.0;0.0;;13.0;;15.0;;;;;;;4.0;;22.0;;1.0
2024;2024/1;RO;34.0;5.0;8.0;2.0;11.0;5.0;1.0;2.0;8.0;5.0;21.0;0.0;0.0;;;;;;;;;;;;;;;
2024;2024/1;RO;50.0;5.0;9.0;7.0;12.0;11.0;1.0;0.0;11.0;9.0;16.0;0.0;0.0;1.0;4.0;;;;1.0;;;;;;;19.0;;
2024;2024/1;RO;47.0;0.0;0.0;0.0;0.0;0.0;0.0;0.0;0.0;0.0;0.0;0.0;0.0;;;;;;;;;;;;;;;
2024;2024/1;RO;409.0;68.0;87.0;75.0;94.0;54.0;6.0;0.0;92.0;53.0;170.0;1.0;12.0;13.0;20.0;32.0;30.0;;1.0;;;;;7.0;;62.0;2.0;
2024;2024/1;RO;230.0;27.0;54.0;35.0;82.0;25.0;5.0;2.0;21.0;23.0;186.0;0.0;0.0;66.0;39.0;40.0;36.0;6.0;;;3.0;;3.0;22.0;;70.0;0.0;0.0
2024;2024/1;RO;110.0;29.0;15.0;19.0;36.0;8.0;2.0;1.0;28.0;28.0;54.0;0.0;0.0;6.0;11.0;8.0;1.0;;2.0;;;;;;;31.0;0.0;1.0
2024;2024/1;RO;170.0;28.0;34.0;30.0;52.0;26.0;0.0;0.0;39.0;29.0;102.0;0.0;0.0;21.0;48.0;20.0;39.0;;;2.0;;;2.0;13.0;;50.0;10.0;
2024;2024/1;RO;58.0;2.0;10.0;25.0;10.0;10.0;0.0;1.0;0.0;0.0;0.0;0.0;0.0;;;;;;;;;;;;;;;
2024;2024/1;RO;282.0;25.0;44.0;44.0;86.0;58.0;8.0;0.0;38.0;37.0;159.0;1.0;0.0;40.0;;29.0;;;;;;;;4.0;;10.0;0.0;0.0
2024;2024/1;RO;177.0;0.0;0.0;0.0;0.0;0.0;0.0;0.0;0.0;0.0;0.0;0.0;0.0;;;;;;;;;;;;;;;
2024;2024/1;RO;98.0;0.0;0.0;0.0;0.0;0.0;0.0;0.0;0.0;0.0;0.0;0.0;0.0;;;;;;;;;;;;;;;
2024;2024/1;RO;34.0;10.0;4.0;7.0;8.0;4.0;1.0;0.0;3.0;8.0;23.0;0.0;0.0;1.0;1.0;1.0;4.0;;4.0;;;;;1.0;;7.0;;
2024;2024/1;RO;95.0;21.0;18.0;15.0;20.0;13.0;2.0;0.0;18.0;16.0;50.0;0.0;0.0;10.0;;10.0;;;;;;;;5.0;;10.0;5.0;2.0
2024;2024/1;RO;109.0;14.0;8.0;29.0;29.0;14.0;4.0;0.0;27.0;23.0;59.0;0.0;0.0;21.0;;19.0;;;;3.0;;;;4.0;;18.0;3.0;
2024;2024/1;RO;55.0;0.0;0.0;0.0;0.0;0.0;0.0;0.0;0.0;0.0;0.0;0.0;0.0;;;;;;;;;;;;;;;
2024;2024/1;RO;58.0;0.0;0.0;0.0;0.0;0.0;0.0;0.0;0.0;0.0;0.0;0.0;0.0;;;;;;;;;;;;;;;
2024;2024/1;RO;29.0;6.0;6.0;3.0;9.0;5.0;0.0;0.0;6.0;4.0;15.0;0.0;0.0;5.0;4.0;8.0;10.0;0.0;0.0;0.0;0.0;0.0;0.0;2.0;0.0;16.0;3.0;0.0
2024;2024/1;RO;2.0;0.0;0.0;0.0;0.0;0.0;0.0;0.0;0.0;0.0;0.0;0.0;0.0;;;;;;;;;;;;;;;
2024;2024/1;RO;18.0;2.0;4.0;3.0;7.0;2.0;0.0;0.0;3.0;2.0;13.0;0.0;0.0;4.0;2.0;4.0;4.0;1.0;;;;;;4.0;;5.0;1.0;3.0
2024;2024/1;RO;306.0;32.0;42.0;52.0;100.0;31.0;10.0;2.0;57.0;36.0;152.0;2.0;1.0;32.0;0.0;42.0;0.0;0.0;0.0;0.0;0.0;0.0;0.0;5.0;0.0;34.0;2.0;0.0
2024;2024/1;RO;210.0;39.0;44.0;49.0;47.0;17.0;11.0;3.0;40.0;78.0;57.0;7.0;0.0;40.0;;17.0;15.0;;;;;;2.0;7.0;;;;
2024;2024/1;RO;85.0;19.0;21.0;23.0;14.0;6.0;2.0;0.0;17.0;31.0;27.0;5.0;0.0;;;;;;;;;;;;;;;
2024;2024/1;RO;63.0;3.0;11.0;12.0;25.0;12.0;0.0;0.0;21.0;9.0;33.0;0.0;0.0;12.0;12.0;14.0;14.0;;;;;;4.0;;;21.0;;
2024;2024/1;RO;100.0;0.0;0.0;0.0;0.0;0.0;0.0;0.0;0.0;0.0;0.0;0.0;0.0;;;;;;;;;;;;;;;
2024;2024/1;RO;57.0;0.0;0.0;0.0;0.0;0.0;0.0;0.0;0.0;0.0;0.0;0.0;0.0;;;;;;;;;;;;;;;
2024;2024/1;RO;98.0;0.0;0.0;0.0;0.0;0.0;0.0;0.0;0.0;0.0;0.0;0.0;0.0;;;;;;;;;;;;;;;
2024;2024/1;RO;423.0;49.0;57.0;62.0;111.0;61.0;16.0;9.0;70.0;46.0;236.0;0.0;0.0;27.0;23.0;52.0;44.0;;2.0;;;;3.0;14.0;;99.0;8.0;
2024;2024/1;RO;230.0;0.0;0.0;0.0;0.0;0.0;0.0;0.0;0.0;0.0;0.0;0.0;0.0;;;;;;;;;;;;;;;
2024;2024/1;RO;1.0;;;;;;;;;;;;;;;;;;;;;;;;;;;
2024;2024/1;RO;328.0;86.0;64.0;57.0;78.0;30.0;5.0;1.0;33.0;31.0;227.0;2.0;0.0;16.0;;0.0;21.0;;;;;;;11.0;;15.0;;
2024;2024/1;RO;305.0;60.0;61.0;57.0;89.0;25.0;5.0;1.0;51.0;28.0;158.0;0.0;3.0;52.0;52.0;35.0;35.0;35.0;0.0;0.0;1.0;0.0;2.0;11.0;8.0;4.0;14.0;0.0
2024;2024/1;RO;411.0;96.0;84.0;88.0;83.0;51.0;7.0;2.0;48.0;84.0;256.0;4.0;0.0;45.0;;102.0;;;;1.0;;;;;8.0;58.0;;
2024;2024/1;RO;122.0;21.0;26.0;29.0;26.0;15.0;5.0;0.0;25.0;42.0;54.0;1.0;0.0;16.0;16.0;20.0;20.0;20.0;1.0;1.0;0.0;0.0;1.0;20.0;0.0;16.0;1.0;0.0
2024;2024/1;RO;94.0;0.0;2.0;1.0;3.0;0.0;2.0;0.0;0.0;1.0;7.0;0.0;0.0;;;;;;;;;;;;;;;
2024;2024/1;RO;83.0;0.0;0.0;0.0;0.0;0.0;0.0;0.0;0.0;0.0;0.0;0.0;0.0;;;;;;;;;;;;;;;
2024;2024/1;RO;142.0;15.0;20.0;23.0;47.0;25.0;4.0;0.0;23.0;10.0;72.0;3.0;1.0;8.0;8.0;11.0;0.0;0.0;0.0;1.0;0.0;0.0;0.0;3.0;0.0;16.0;;
2024;2024/1;RO;62.0;0.0;0.0;0.0;0.0;0.0;0.0;0.0;0.0;0.0;0.0;0.0;0.0;;;;;;;;;;;;;;;
2024;2024/1;RO;81.0;12.0;17.0;9.0;35.0;6.0;0.0;0.0;8.0;21.0;50.0;0.0;0.0;4.0;0.0;8.0;8.0;;;;;;;2.0;;16.0;;1.0
2024;2024/1;RO;135.0;12.0;16.0;29.0;57.0;20.0;1.0;0.0;20.0;7.0;94.0;1.0;0.0;0.0;0.0;23.0;1.0;0.0;0.0;0.0;0.0;0.0;1.0;1.0;0.0;24.0;1.0;4.0
2024;2024/1;RO;113.0;5.0;8.0;15.0;30.0;25.0;12.0;3.0;25.0;18.0;10.0;0.0;0.0;21.0;;29.0;;;1.0;1.0;;;;5.0;;32.0;5.0;
2024;2024/1;RO;71.0;0.0;0.0;0.0;0.0;0.0;0.0;0.0;0.0;0.0;0.0;0.0;0.0;;;;;;;;;;;;;;;
2024;2024/1;RO;64.0;0.0;0.0;0.0;0.0;0.0;0.0;0.0;0.0;0.0;0.0;0.0;0.0;;;;;;;;;;;;;;;
2024;2024/1;RO;225.0;41.0;44.0;40.0;59.0;31.0;5.0;2.0;32.0;28.0;99.0;4.0;0.0;19.0;;31.0;;;;;;;;4.0;;29.0;1.0;
2024;2024/1;RO;84.0;9.0;25.0;21.0;27.0;2.0;0.0;0.0;6.0;5.0;73.0;0.0;0.0;12.0;;17.0;;;;;;;;;;7.0;;
2024;2024/1;RO;290.0;11.0;28.0;40.0;84.0;88.0;21.0;6.0;33.0;17.0;226.0;0.0;3.0;12.0;0.0;27.0;11.0;2.0;7.0;0.0;0.0;0.0;2.0;4.0;0.0;16.0;5.0;5.0
2024;2024/1;RO;654.0;140.0;180.0;143.0;165.0;26.0;0.0;0.0;61.0;55.0;530.0;2.0;6.0;10.0;12.0;44.0;90.0;0.0;1.0;0.0;0.0;0.0;0.0;13.0;0.0;49.0;3.0;0.0
2024;2024/1;RO;112.0;12.0;19.0;21.0;43.0;12.0;3.0;2.0;31.0;23.0;55.0;0.0;0.0;0.0;36.0;0.0;47.0;;1.0;;;;1.0;7.0;;55.0;2.0;1.0
2024;2024/1;RO;105.0;0.0;0.0;0.0;0.0;0.0;0.0;0.0;0.0;0.0;0.0;0.0;0.0;;;;;;;;;;;;;;;
2024;2024/1;RO;448.0;66.0;124.0;95.0;131.0;31.0;0.0;0.0;43.0;44.0;303.0;0.0;0.0;19.0;;3.0;138.0;68.0;17.0;;;;;17.0;;39.0;1.0;
2024;2024/1;RO;218.0;38.0;59.0;58.0;49.0;14.0;0.0;0.0;12.0;27.0;154.0;2.0;0.0;21.0;0.0;45.0;0.0;0.0;0.0;0.0;0.0;0.0;1.0;0.0;7.0;20.0;0.0;0.0
2024;2024/1;RO;548.0;102.0;142.0;142.0;131.0;27.0;1.0;0.0;42.0;65.0;368.0;0.0;1.0;36.0;0.0;120.0;0.0;3.0;2.0;0.0;0.0;0.0;0.0;11.0;0.0;43.0;0.0;0.0
2024;2024/1;RO;65.0;10.0;18.0;12.0;15.0;10.0;0.0;0.0;21.0;3.0;30.0;8.0;3.0;14.0;33.0;2.0;38.0;13.0;0.0;0.0;1.0;0.0;3.0;19.0;0.0;40.0;4.0;1.0
2024;2024/1;RO;223.0;30.0;49.0;41.0;72.0;25.0;4.0;2.0;52.0;46.0;120.0;0.0;0.0;10.0;16.0;13.0;21.0;;1.0;;;;;4.0;;25.0;1.0;2.0
2024;2024/1;RO;295.0;35.0;68.0;63.0;94.0;26.0;8.0;1.0;62.0;27.0;177.0;0.0;1.0;20.0;132.0;20.0;134.0;5.0;2.0;1.0;1.0;0.0;6.0;2.0;35.0;136.0;10.0;4.0
2024;2024/1;RO;154.0;21.0;28.0;40.0;52.0;13.0;0.0;0.0;35.0;20.0;90.0;2.0;0.0;39.0;;43.0;;;;;;;;7.0;;46.0;;
2024;2024/1;RO;134.0;;3.0;19.0;78.0;32.0;2.0;;52.0;18.0;59.0;;;1.0;9.0;6.0;77.0;18.0;2.0;4.0;;;1.0;13.0;;80.0;40.0;2.0
2024;2024/1;RO;8.0;0.0;2.0;0.0;4.0;2.0;0.0;0.0;0.0;2.0;5.0;0.0;0.0;0.0;0.0;6.0;0.0;0.0;0.0;0.0;0.0;0.0;0.0;0.0;0.0;0.0;0.0;0.0
2024;2024/1;RO;1356.0;175.0;266.0;249.0;408.0;169.0;25.0;11.0;132.0;108.0;785.0;2.0;4.0;15.0;25.0;51.0;121.0;0.0;0.0;2.0;0.0;0.0;1.0;18.0;0.0;141.0;10.0;4.0
2024;2024/1;RO;15.0;4.0;3.0;0.0;5.0;3.0;0.0;0.0;3.0;0.0;11.0;0.0;1.0;;;;;;;;;;;;;;;
2024;2024/1;RO;140.0;15.0;17.0;25.0;56.0;20.0;3.0;1.0;19.0;12.0;101.0;0.0;5.0;7.0;6.0;6.0;6.0;;;;;;1.0;9.0;;37.0;9.0;
2024;2024/1;RO;160.0;15.0;24.0;36.0;48.0;30.0;6.0;1.0;30.0;11.0;113.0;0.0;6.0;11.0;6.0;15.0;15.0;;1.0;;;;;5.0;;47.0;10.0;2.0
2024;2024/1;RO;9.0;0.0;0.0;0.0;4.0;2.0;3.0;0.0;3.0;2.0;4.0;0.0;0.0;0.0;0.0;0.0;0.0;0.0;0.0;0.0;0.0;0.0;0.0;0.0;0.0;0.0;0.0;0.0
2024;2024/1;RO;3035.0;373.0;509.0;607.0;1032.0;437.0;62.0;13.0;283.0;182.0;1764.0;13.0;7.0;48.0;73.0;144.0;144.0;;3.0;;;;6.0;61.0;;290.0;15.0;7.0
2024;2024/1;RR;160.0;21.0;32.0;32.0;48.0;27.0;0.0;0.0;10.0;10.0;103.0;0.0;15.0;48.0;6.0;4.0;8.0;19.0;8.0;0.0;0.0;0.0;0.0;1.0;2.0;45.0;3.0;
2024;2024/1;RR;177.0;;;;;;;;;;;;;6.0;4.0;8.0;19.0;8.0;0.0;0.0;0.0;0.0;0.0;1.0;2.0;114.0;55.0;3.0
2024;2024/1;RR;855.0;73.0;137.0;131.0;238.0;180.0;96.0;0.0;78.0;134.0;535.0;0.0;63.0;6.0;12.0;25.0;115.0;8.0;0.0;0.0;0.0;0.0;0.0;2.0;1.0;96.0;1.0;0.0
2024;2024/1;RR;1301.0;87.0;290.0;254.0;401.0;201.0;60.0;8.0;155.0;178.0;887.0;0.0;81.0;102.0;159.0;161.0;580.0;5.0;1.0;0.0;0.0;0.0;3.0;4.0;1.0;327.0;19.0;10.0
2024;2024/1;RR;97.0;9.0;13.0;17.0;27.0;10.0;7.0;14.0;10.0;13.0;64.0;0.0;3.0;1.0;0.0;1.0;15.0;6.0;0.0;0.0;0.0;0.0;1.0;0.0;0.0;77.0;16.0;4.0
2024;2024/1;RR;331.0;13.0;76.0;64.0;108.0;60.0;7.0;3.0;36.0;40.0;236.0;0.0;19.0;1.0;3.0;6.0;44.0;5.0;0.0;0.0;0.0;0.0;0.0;2.0;0.0;94.0;1.0;1.0
2024;2024/1;RR;1637.0;264.0;477.0;353.0;420.0;116.0;7.0;0.0;157.0;253.0;1135.0;0.0;90.0;25.0;53.0;65.0;262.0;49.0;1.0;8.0;3.0;1.0;4.0;5.0;6.0;340.0;4.0;2.0
2024;2024/1;RR;143.0;29.0;43.0;41.0;25.0;2.0;2.0;1.0;12.0;11.0;93.0;4.0;2.0;4.0;6.0;7.0;27.0;4.0;0.0;0.0;0.0;0.0;0.0;2.0;0.0;0.0;0.0;0.0
2024;2024/1;RS;1.0;1.0;0.0;0.0;0.0;0.0;0.0;0.0;1.0;0.0;0.0;0.0;0.0;;;;;;;;;;;;;;;
2024;2024/1;RS;58.0;5.0;11.0;8.0;15.0;16.0;2.0;1.0;43.0;7.0;8.0;0.0;0.0;2.0;2.0;1.0;12.0;1.0;1.0;0.0;0.0;0.0;1.0;1.0;0.0;20.0;6.0;0.0
2024;2024/1;RS;8.0;2.0;2.0;2.0;2.0;0.0;0.0;0.0;5.0;1.0;2.0;0.0;0.0;;;;;;;;;;;;;;;
2024;2024/1;RS;94.0;3.0;15.0;23.0;40.0;13.0;0.0;0.0;60.0;14.0;20.0;0.0;0.0;3.0;9.0;8.0;42.0;6.0;2.0;0.0;0.0;0.0;0.0;5.0;0.0;23.0;10.0;0.0
2024;2024/1;RS;2431.0;423.0;507.0;438.0;709.0;284.0;61.0;9.0;1466.0;464.0;490.0;8.0;3.0;61.0;145.0;191.0;660.0;53.0;34.0;2.0;1.0;0.0;7.0;132.0;1.0;675.0;179.0;17.0
2024;2024/1;RS;69.0;3.0;10.0;16.0;21.0;15.0;3.0;1.0;42.0;12.0;15.0;0.0;0.0;0.0;3.0;4.0;6.0;1.0;1.0;0.0;0.0;0.0;1.0;3.0;1.0;31.0;14.0;1.0
2024;2024/1;RS;101.0;6.0;15.0;19.0;33.0;23.0;4.0;1.0;56.0;6.0;39.0;0.0;0.0;13.0;4.0;23.0;11.0;3.0;2.0;;;;;2.0;;37.0;21.0;
2024;2024/1;RS;107.0;2.0;8.0;13.0;33.0;32.0;15.0;4.0;66.0;25.0;13.0;1.0;2.0;5.0;1.0;5.0;9.0;3.0;1.0;0.0;0.0;0.0;0.0;0.0;0.0;9.0;1.0;1.0
2024;2024/1;RS;113.0;9.0;15.0;28.0;38.0;22.0;1.0;0.0;65.0;17.0;29.0;2.0;0.0;6.0;12.0;6.0;25.0;4.0;0.0;0.0;0.0;0.0;0.0;1.0;0.0;47.0;18.0;0.0
2024;2024/1;RS;80.0;11.0;20.0;15.0;26.0;8.0;0.0;0.0;53.0;17.0;10.0;0.0;0.0;3.0;3.0;9.0;35.0;7.0;1.0;1.0;1.0;0.0;0.0;7.0;0.0;25.0;3.0;0.0
2024;2024/1;RS;154.0;16.0;32.0;36.0;54.0;15.0;1.0;0.0;99.0;28.0;24.0;1.0;0.0;7.0;7.0;10.0;85.0;11.0;;;;;;14.0;;55.0;16.0;1.0
2024;2024/1;RS;61.0;2.0;9.0;15.0;29.0;5.0;1.0;0.0;36.0;14.0;11.0;0.0;0.0;2.0;7.0;9.0;26.0;4.0;1.0;1.0;;;;7.0;;25.0;5.0;1.0
2024;2024/1;RS;947.0;102.0;172.0;155.0;301.0;171.0;35.0;10.0;717.0;70.0;154.0;6.0;0.0;13.0;48.0;40.0;172.0;13.0;8.0;2.0;0.0;0.0;8.0;42.0;3.0;342.0;112.0;15.0
2024;2024/1;RS;496.0;47.0;54.0;69.0;166.0;116.0;28.0;16.0;347.0;41.0;100.0;7.0;1.0;13.0;24.0;23.0;50.0;8.0;1.0;0.0;1.0;0.0;2.0;10.0;0.0;158.0;46.0;4.0
2024;2024/1;RS;387.0;51.0;61.0;57.0;121.0;72.0;18.0;7.0;262.0;16.0;96.0;8.0;5.0;;;;;;;;;;;;;;;
2024;2024/1;RS;729.0;60.0;118.0;138.0;226.0;151.0;26.0;10.0;405.0;63.0;236.0;7.0;18.0;21.0;40.0;25.0;143.0;26.0;5.0;1.0;0.0;0.0;5.0;36.0;1.0;212.0;86.0;9.0
2024;2024/1;RS;613.0;51.0;109.0;93.0;204.0;111.0;34.0;11.0;448.0;90.0;68.0;5.0;2.0;1.0;5.0;5.0;22.0;7.0;0.0;1.0;0.0;0.0;3.0;5.0;0.0;32.0;7.0;4.0
2024;2024/1;RS;571.0;40.0;84.0;95.0;175.0;122.0;34.0;21.0;389.0;51.0;125.0;4.0;2.0;5.0;9.0;10.0;18.0;3.0;1.0;;;1.0;1.0;5.0;;77.0;21.0;2.0
2024;2024/1;RS;1041.0;76.0;160.0;216.0;351.0;172.0;49.0;17.0;728.0;83.0;207.0;13.0;10.0;30.0;56.0;48.0;211.0;36.0;7.0;;;;;59.0;1.0;324.0;124.0;12.0
2024;2024/1;RS;734.0;67.0;106.0;127.0;248.0;132.0;43.0;11.0;527.0;74.0;124.0;4.0;5.0;31.0;50.0;35.0;185.0;21.0;4.0;0.0;1.0;0.0;3.0;27.0;0.0;217.0;55.0;9.0
2024;2024/1;RS;3987.0;422.0;810.0;784.0;1276.0;533.0;115.0;46.0;2542.0;696.0;716.0;17.0;16.0;63.0;176.0;256.0;1219.0;130.0;33.0;22.0;1.0;0.0;27.0;269.0;6.0;1366.0;377.0;45.0
2024;2024/1;RS;78.0;0.0;1.0;2.0;36.0;31.0;5.0;3.0;61.0;2.0;15.0;0.0;0.0;0.0;0.0;2.0;8.0;1.0;0.0;0.0;0.0;0.0;0.0;1.0;0.0;2.0;2.0;0.0
2024;2024/1;RS;226.0;19.0;48.0;57.0;72.0;27.0;3.0;0.0;164.0;25.0;34.0;2.0;1.0;3.0;17.0;18.0;113.0;12.0;0.0;1.0;0.0;0.0;0.0;16.0;0.0;66.0;13.0;1.0
2024;2024/1;RS;140.0;6.0;23.0;34.0;53.0;23.0;1.0;0.0;83.0;9.0;45.0;2.0;0.0;13.0;19.0;18.0;30.0;3.0;0.0;0.0;1.0;0.0;0.0;10.0;0.0;24.0;9.0;1.0
2024;2024/1;RS;81.0;6.0;12.0;14.0;33.0;13.0;1.0;2.0;59.0;12.0;8.0;2.0;0.0;7.0;14.0;6.0;17.0;1.0;1.0;;;;;2.0;;15.0;2.0;1.0
2024;2024/1;RS;128.0;9.0;25.0;23.0;52.0;14.0;4.0;1.0;94.0;3.0;29.0;2.0;0.0;16.0;34.0;7.0;46.0;1.0;1.0;0.0;0.0;0.0;1.0;7.0;1.0;46.0;11.0;1.0
2024;2024/1;RS;170.0;8.0;25.0;47.0;56.0;32.0;2.0;0.0;122.0;16.0;32.0;0.0;0.0;4.0;14.0;10.0;101.0;15.0;1.0;0.0;0.0;0.0;0.0;11.0;0.0;43.0;14.0;1.0
2024;2024/1;RS;81.0;2.0;11.0;19.0;31.0;16.0;2.0;0.0;51.0;9.0;20.0;1.0;0.0;3.0;9.0;9.0;11.0;1.0;;1.0;1.0;;2.0;;2.0;16.0;;
2024;2024/1;RS;118.0;2.0;19.0;20.0;46.0;27.0;4.0;0.0;80.0;19.0;18.0;1.0;0.0;3.0;4.0;1.0;13.0;2.0;0.0;0.0;0.0;0.0;0.0;0.0;0.0;3.0;0.0;0.0
2024;2024/1;RS;424.0;89.0;87.0;65.0;120.0;49.0;12.0;2.0;281.0;63.0;73.0;2.0;5.0;10.0;30.0;37.0;58.0;4.0;5.0;3.0;;;3.0;12.0;3.0;152.0;43.0;1.0
2024;2024/1;RS;74.0;1.0;5.0;6.0;23.0;31.0;7.0;0.0;52.0;9.0;13.0;0.0;0.0;3.0;1.0;7.0;16.0;3.0;;1.0;;;;2.0;;6.0;2.0;
2024;2024/1;RS;209.0;1.0;18.0;28.0;115.0;46.0;1.0;0.0;163.0;10.0;36.0;0.0;0.0;14.0;28.0;16.0;204.0;28.0;6.0;10.0;0.0;0.0;1.0;50.0;0.0;75.0;37.0;12.0
2024;2024/1;RS;404.0;48.0;76.0;84.0;143.0;47.0;6.0;0.0;240.0;76.0;77.0;6.0;0.0;7.0;21.0;19.0;53.0;4.0;9.0;2.0;0.0;0.0;4.0;10.0;0.0;180.0;70.0;4.0
2024;2024/1;RS;768.0;155.0;182.0;140.0;213.0;72.0;6.0;0.0;474.0;149.0;143.0;1.0;1.0;17.0;37.0;68.0;286.0;10.0;6.0;2.0;0.0;0.0;4.0;48.0;1.0;275.0;0.0;0.0
2024;2024/1;RS;462.0;88.0;94.0;82.0;131.0;58.0;7.0;2.0;318.0;28.0;99.0;10.0;0.0;15.0;20.0;32.0;66.0;6.0;4.0;1.0;0.0;0.0;3.0;38.0;0.0;146.0;43.0;4.0
2024;2024/1;RS;541.0;29.0;46.0;60.0;169.0;160.0;57.0;20.0;358.0;89.0;88.0;4.0;2.0;1.0;9.0;19.0;59.0;4.0;6.0;2.0;2.0;;4.0;7.0;;26.0;7.0;1.0
2024;2024/1;RS;1257.0;217.0;281.0;219.0;392.0;131.0;14.0;2.0;825.0;101.0;302.0;10.0;19.0;36.0;94.0;82.0;390.0;36.0;6.0;3.0;1.0;0.0;6.0;102.0;0.0;424.0;115.0;15.0
2024;2024/1;RS;549.0;83.0;109.0;109.0;177.0;59.0;12.0;0.0;313.0;128.0;103.0;3.0;2.0;15.0;28.0;54.0;230.0;23.0;6.0;2.0;;0.0;1.0;41.0;0.0;158.0;24.0;1.0
2024;2024/1;RS;607.0;35.0;117.0;142.0;216.0;68.0;18.0;11.0;367.0;116.0;121.0;2.0;1.0;22.0;46.0;78.0;187.0;19.0;2.0;1.0;1.0;0.0;1.0;37.0;1.0;206.0;51.0;5.0
2024;2024/1;RS;523.0;44.0;101.0;123.0;173.0;61.0;18.0;3.0;330.0;97.0;91.0;2.0;3.0;11.0;41.0;41.0;156.0;14.0;5.0;;;;1.0;30.0;;181.0;46.0;1.0
2024;2024/1;RS;2599.0;383.0;560.0;526.0;816.0;251.0;44.0;17.0;1712.0;364.0;498.0;10.0;0.0;91.0;164.0;200.0;1010.0;111.0;21.0;15.0;2.0;;5.0;178.0;;801.0;231.0;25.0
2024;2024/1;RS;677.0;128.0;214.0;136.0;153.0;41.0;5.0;0.0;393.0;155.0;127.0;2.0;0.0;10.0;20.0;43.0;291.0;18.0;6.0;3.0;0.0;0.0;2.0;67.0;0.0;257.0;52.0;4.0
2024;2024/1;RS;923.0;153.0;213.0;172.0;275.0;87.0;21.0;2.0;579.0;169.0;159.0;9.0;7.0;;;;;;;;;;;;;;;
2024;2024/1;RS;1011.0;190.0;205.0;179.0;329.0;94.0;11.0;3.0;620.0;141.0;236.0;9.0;5.0;50.0;136.0;142.0;402.0;41.0;10.0;;;;6.0;56.0;1.0;376.0;86.0;3.0
2024;2024/1;RS;209.0;34.0;44.0;41.0;65.0;21.0;3.0;1.0;142.0;16.0;48.0;3.0;0.0;11.0;25.0;16.0;42.0;0.0;4.0;0.0;0.0;0.0;2.0;5.0;0.0;50.0;20.0;9.0
2024;2024/1;RS;583.0;124.0;153.0;121.0;144.0;39.0;2.0;0.0;361.0;105.0;111.0;3.0;3.0;15.0;39.0;38.0;212.0;21.0;8.0;1.0;0.0;0.0;2.0;48.0;1.0;214.0;64.0;3.0
2024;2024/1;RS;630.0;56.0;171.0;164.0;192.0;43.0;2.0;2.0;418.0;86.0;113.0;7.0;6.0;45.0;95.0;64.0;356.0;55.0;4.0;1.0;0.0;0.0;4.0;59.0;1.0;257.0;84.0;5.0
2024;2024/1;RS;740.0;100.0;169.0;133.0;229.0;89.0;15.0;4.0;455.0;44.0;219.0;12.0;10.0;46.0;87.0;42.0;235.0;36.0;8.0;2.0;1.0;0.0;4.0;46.0;0.0;288.0;81.0;10.0
2024;2024/1;RS;1605.0;263.0;424.0;368.0;457.0;88.0;4.0;1.0;928.0;344.0;317.0;9.0;7.0;33.0;63.0;96.0;652.0;60.0;22.0;3.0;0.0;0.0;1.0;170.0;2.0;693.0;169.0;16.0
2024;2024/1;RS;1811.0;219.0;420.0;417.0;572.0;154.0;23.0;5.0;1216.0;188.0;395.0;10.0;0.0;58.0;140.0;168.0;797.0;68.0;30.0;9.0;0.0;0.0;6.0;127.0;3.0;527.0;152.0;14.0
2024;2024/1;RS;1570.0;270.0;341.0;299.0;463.0;160.0;33.0;4.0;1118.0;157.0;277.0;7.0;11.0;45.0;110.0;105.0;340.0;39.0;12.0;17.0;3.0;;3.0;92.0;3.0;652.0;229.0;20.0
2024;2024/1;RS;605.0;79.0;128.0;106.0;209.0;72.0;9.0;2.0;386.0;52.0;161.0;2.0;4.0;26.0;33.0;40.0;111.0;21.0;5.0;1.0;0.0;0.0;1.0;6.0;1.0;212.0;48.0;1.0
2024;2024/1;RS;164.0;28.0;28.0;37.0;44.0;22.0;3.0;1.0;104.0;25.0;34.0;1.0;0.0;7.0;18.0;13.0;46.0;1.0;2.0;0.0;1.0;0.0;0.0;4.0;0.0;75.0;12.0;0.0
2024;2024/1;RS;73.0;2.0;17.0;9.0;26.0;14.0;4.0;1.0;47.0;7.0;19.0;0.0;0.0;5.0;5.0;2.0;21.0;5.0;0.0;0.0;1.0;0.0;0.0;5.0;0.0;10.0;3.0;1.0
2024;2024/1;RS;73.0;7.0;6.0;11.0;32.0;14.0;1.0;2.0;42.0;11.0;20.0;0.0;0.0;2.0;4.0;7.0;14.0;5.0;0.0;0.0;0.0;0.0;0.0;4.0;0.0;9.0;4.0;0.0
2024;2024/1;RS;58.0;6.0;5.0;7.0;22.0;12.0;3.0;3.0;38.0;10.0;10.0;0.0;0.0;0.0;0.0;2.0;1.0;1.0;0.0;0.0;0.0;0.0;0.0;0.0;0.0;3.0;1.0;0.0
2024;2024/1;RS;130.0;12.0;29.0;18.0;42.0;22.0;6.0;1.0;79.0;13.0;36.0;2.0;0.0;6.0;8.0;10.0;25.0;2.0;1.0;;;;;5.0;;20.0;4.0;
2024;2024/1;RS;322.0;40.0;70.0;50.0;94.0;49.0;14.0;5.0;196.0;29.0;93.0;2.0;2.0;23.0;39.0;29.0;86.0;11.0;6.0;0.0;0.0;0.0;0.0;13.0;1.0;92.0;22.0;3.0
2024;2024/1;RS;138.0;16.0;23.0;23.0;48.0;20.0;5.0;3.0;75.0;15.0;47.0;0.0;1.0;3.0;7.0;4.0;7.0;0.0;0.0;0.0;0.0;0.0;0.0;0.0;0.0;26.0;1.0;0.0
2024;2024/1;RS;67.0;9.0;3.0;12.0;16.0;17.0;7.0;3.0;54.0;4.0;9.0;0.0;0.0;1.0;7.0;2.0;6.0;0.0;1.0;1.0;0.0;0.0;0.0;2.0;0.0;14.0;4.0;0.0
2024;2024/1;RS;190.0;34.0;44.0;36.0;46.0;26.0;4.0;0.0;111.0;28.0;50.0;0.0;1.0;9.0;13.0;9.0;14.0;4.0;1.0;0.0;0.0;0.0;0.0;3.0;0.0;47.0;9.0;1.0
2024;2024/1;RS;89.0;5.0;13.0;19.0;32.0;14.0;5.0;1.0;58.0;10.0;16.0;2.0;3.0;5.0;6.0;5.0;6.0;4.0;0.0;0.0;0.0;0.0;0.0;2.0;0.0;19.0;9.0;2.0
2024;2024/1;RS;83.0;6.0;21.0;14.0;27.0;11.0;3.0;1.0;57.0;1.0;17.0;2.0;6.0;6.0;9.0;1.0;10.0;3.0;0.0;0.0;0.0;0.0;0.0;0.0;0.0;17.0;5.0;1.0
2024;2024/1;RS;142.0;22.0;26.0;31.0;42.0;19.0;1.0;1.0;88.0;9.0;42.0;1.0;2.0;6.0;7.0;7.0;16.0;0.0;0.0;0.0;0.0;0.0;0.0;0.0;0.0;19.0;5.0;0.0
2024;2024/1;RS;58.0;5.0;14.0;6.0;22.0;10.0;0.0;1.0;36.0;3.0;18.0;1.0;0.0;3.0;3.0;10.0;1.0;0.0;0.0;0.0;0.0;0.0;0.0;0.0;1.0;9.0;1.0;0.0
2024;2024/1;RS;147.0;21.0;38.0;21.0;48.0;16.0;2.0;1.0;107.0;13.0;27.0;0.0;0.0;6.0;8.0;9.0;15.0;1.0;1.0;0.0;0.0;0.0;0.0;1.0;0.0;62.0;10.0;0.0
2024;2024/1;RS;331.0;74.0;67.0;60.0;72.0;52.0;5.0;1.0;204.0;52.0;74.0;0.0;1.0;12.0;25.0;17.0;51.0;6.0;1.0;0.0;0.0;0.0;1.0;8.0;0.0;113.0;55.0;0.0
2024;2024/1;RS;610.0;88.0;139.0;155.0;151.0;69.0;5.0;3.0;412.0;83.0;110.0;3.0;2.0;35.0;48.0;48.0;169.0;29.0;3.0;4.0;2.0;2.0;0.0;3.0;0.0;254.0;68.0;6.0
2024;2024/1;RS;357.0;53.0;70.0;67.0;87.0;71.0;7.0;2.0;236.0;21.0;94.0;5.0;1.0;17.0;25.0;19.0;52.0;7.0;2.0;3.0;0.0;0.0;1.0;9.0;0.0;137.0;55.0;0.0
2024;2024/1;RS;115.0;21.0;21.0;17.0;30.0;24.0;2.0;0.0;93.0;9.0;11.0;2.0;0.0;4.0;3.0;4.0;14.0;0.0;0.0;1.0;0.0;0.0;3.0;2.0;1.0;45.0;13.0;1.0
2024;2024/1;RS;43.0;8.0;7.0;8.0;15.0;5.0;0.0;0.0;31.0;4.0;7.0;1.0;0.0;1.0;2.0;0.0;1.0;2.0;0.0;0.0;0.0;0.0;0.0;0.0;0.0;27.0;13.0;
2024;2024/1;RS;53.0;8.0;8.0;8.0;21.0;7.0;1.0;0.0;35.0;8.0;9.0;0.0;1.0;0.0;2.0;3.0;6.0;0.0;4.0;0.0;0.0;0.0;0.0;2.0;0.0;21.0;8.0;0.0
2024;2024/1;RS;82.0;18.0;23.0;7.0;21.0;11.0;2.0;0.0;62.0;5.0;15.0;0.0;0.0;3.0;3.0;2.0;8.0;3.0;1.0;0.0;0.0;0.0;0.0;1.0;0.0;56.0;27.0;2.0
2024;2024/1;RS;91.0;14.0;28.0;13.0;23.0;12.0;1.0;0.0;58.0;17.0;16.0;0.0;0.0;2.0;9.0;6.0;10.0;2.0;0.0;0.0;0.0;0.0;0.0;5.0;0.0;26.0;13.0;2.0
2024;2024/1;RS;84.0;16.0;14.0;19.0;20.0;13.0;2.0;0.0;52.0;7.0;24.0;1.0;0.0;2.0;2.0;4.0;2.0;1.0;;;;;1.0;1.0;;26.0;10.0;1.0
2024;2024/1;RS;32.0;1.0;4.0;9.0;9.0;7.0;2.0;0.0;23.0;3.0;5.0;1.0;0.0;;;2.0;5.0;;;;;;;;;3.0;1.0;
2024;2024/1;RS;410.0;62.0;83.0;82.0;119.0;53.0;7.0;4.0;279.0;61.0;66.0;3.0;1.0;14.0;19.0;34.0;67.0;10.0;1.0;2.0;;;;20.0;;100.0;34.0;6.0
2024;2024/1;RS;195.0;30.0;33.0;46.0;62.0;20.0;3.0;0.0;146.0;14.0;32.0;2.0;1.0;8.0;23.0;19.0;36.0;2.0;0.0;1.0;0.0;0.0;0.0;3.0;0.0;82.0;35.0;2.0
2024;2024/1;RS;85.0;16.0;10.0;15.0;24.0;14.0;6.0;0.0;59.0;15.0;9.0;0.0;2.0;1.0;0.0;4.0;14.0;0.0;0.0;0.0;0.0;0.0;2.0;0.0;0.0;18.0;5.0;2.0
2024;2024/1;RS;300.0;55.0;62.0;56.0;77.0;45.0;4.0;1.0;186.0;19.0;85.0;4.0;6.0;18.0;40.0;25.0;94.0;4.0;4.0;0.0;0.0;0.0;1.0;19.0;1.0;91.0;29.0;0.0
2024;2024/1;RS;92.0;16.0;22.0;11.0;28.0;11.0;2.0;2.0;57.0;23.0;12.0;0.0;0.0;2.0;8.0;2.0;11.0;3.0;1.0;0.0;0.0;0.0;0.0;1.0;0.0;28.0;5.0;0.0
2024;2024/1;RS;93.0;16.0;12.0;6.0;33.0;24.0;2.0;0.0;60.0;8.0;24.0;1.0;0.0;6.0;5.0;7.0;7.0;1.0;1.0;1.0;0.0;0.0;1.0;2.0;1.0;25.0;4.0;0.0
2024;2024/1;RS;209.0;40.0;38.0;33.0;62.0;32.0;3.0;1.0;138.0;14.0;55.0;1.0;1.0;7.0;13.0;16.0;35.0;6.0;1.0;0.0;0.0;0.0;1.0;11.0;0.0;78.0;35.0;1.0
2024;2024/1;RS;507.0;73.0;115.0;94.0;150.0;65.0;7.0;3.0;289.0;50.0;152.0;4.0;12.0;35.0;38.0;44.0;104.0;20.0;9.0;2.0;0.0;0.0;6.0;23.0;1.0;160.0;40.0;7.0
2024;2024/1;RS;145.0;25.0;33.0;17.0;44.0;20.0;2.0;3.0;100.0;7.0;34.0;3.0;1.0;10.0;7.0;10.0;15.0;1.0;3.0;0.0;0.0;0.0;4.0;2.0;0.0;35.0;14.0;0.0
2024;2024/1;RS;181.0;31.0;38.0;35.0;50.0;24.0;2.0;1.0;116.0;12.0;49.0;3.0;1.0;5.0;9.0;9.0;34.0;6.0;3.0;0.0;0.0;0.0;0.0;4.0;0.0;55.0;13.0;1.0
2024;2024/1;RS;168.0;23.0;19.0;18.0;59.0;40.0;8.0;1.0;93.0;16.0;50.0;1.0;8.0;9.0;12.0;7.0;12.0;5.0;1.0;0.0;0.0;0.0;1.0;1.0;0.0;35.0;11.0;0.0
2024;2024/1;RS;136.0;29.0;26.0;22.0;41.0;16.0;2.0;0.0;88.0;11.0;35.0;2.0;0.0;7.0;6.0;4.0;21.0;1.0;1.0;0.0;0.0;0.0;0.0;5.0;0.0;44.0;23.0;3.0
2024;2024/1;RS;73.0;15.0;14.0;13.0;19.0;12.0;0.0;0.0;46.0;8.0;17.0;0.0;1.0;5.0;8.0;6.0;19.0;1.0;0.0;0.0;0.0;0.0;0.0;1.0;0.0;;;
2024;2024/1;RS;93.0;12.0;16.0;12.0;29.0;17.0;7.0;0.0;74.0;9.0;8.0;2.0;0.0;4.0;5.0;4.0;8.0;0.0;0.0;0.0;0.0;0.0;0.0;0.0;0.0;26.0;13.0;2.0
2024;2024/1;RS;82.0;5.0;15.0;8.0;32.0;18.0;3.0;1.0;59.0;7.0;16.0;0.0;0.0;3.0;8.0;5.0;10.0;3.0;;;;;1.0;1.0;;17.0;3.0;1.0
2024;2024/1;RS;230.0;32.0;51.0;43.0;64.0;28.0;8.0;4.0;133.0;17.0;66.0;6.0;8.0;30.0;40.0;10.0;51.0;5.0;5.0;1.0;1.0;0.0;2.0;10.0;0.0;73.0;43.0;1.0
2024;2024/1;RS;318.0;69.0;68.0;67.0;71.0;28.0;14.0;1.0;215.0;33.0;64.0;3.0;3.0;7.0;25.0;21.0;49.0;7.0;0.0;1.0;0.0;0.0;2.0;11.0;0.0;110.0;36.0;3.0
2024;2024/1;RS;136.0;20.0;24.0;28.0;41.0;22.0;0.0;1.0;91.0;10.0;34.0;1.0;0.0;10.0;8.0;6.0;16.0;1.0;4.0;0.0;0.0;0.0;0.0;4.0;0.0;57.0;25.0;0.0
2024;2024/1;RS;187.0;12.0;30.0;29.0;67.0;41.0;7.0;1.0;134.0;9.0;42.0;2.0;0.0;4.0;7.0;7.0;23.0;6.0;0.0;0.0;1.0;0.0;1.0;7.0;1.0;57.0;25.0;1.0
2024;2024/1;RS;487.0;74.0;106.0;84.0;136.0;78.0;9.0;0.0;301.0;30.0;144.0;9.0;3.0;21.0;50.0;17.0;72.0;5.0;5.0;2.0;0.0;0.0;3.0;14.0;1.0;177.0;63.0;5.0
2024;2024/1;RS;193.0;18.0;38.0;46.0;64.0;21.0;4.0;2.0;126.0;13.0;53.0;1.0;0.0;22.0;27.0;7.0;28.0;1.0;0.0;0.0;1.0;0.0;2.0;7.0;0.0;102.0;42.0;3.0
2024;2024/1;RS;81.0;10.0;7.0;13.0;23.0;20.0;5.0;3.0;59.0;3.0;18.0;1.0;0.0;1.0;2.0;6.0;12.0;3.0;0.0;0.0;0.0;0.0;0.0;1.0;0.0;21.0;5.0;2.0
2024;2024/1;RS;267.0;47.0;63.0;52.0;70.0;33.0;1.0;1.0;160.0;12.0;76.0;7.0;12.0;12.0;22.0;25.0;62.0;9.0;;;;;3.0;13.0;;79.0;35.0;5.0
2024;2024/1;RS;291.0;54.0;55.0;54.0;84.0;37.0;6.0;0.0;211.0;19.0;55.0;5.0;1.0;;;;;;;;;;;;;;;
2024;2024/1;RS;91.0;12.0;18.0;21.0;24.0;13.0;2.0;1.0;62.0;9.0;20.0;0.0;0.0;3.0;1.0;4.0;5.0;2.0;0.0;0.0;0.0;0.0;0.0;0.0;0.0;26.0;6.0;1.0
2024;2024/1;RS;83.0;9.0;16.0;13.0;28.0;14.0;3.0;0.0;61.0;5.0;17.0;0.0;0.0;;3.0;7.0;17.0;;;;;;4.0;2.0;;17.0;7.0;1.0
2024;2024/1;RS;83.0;12.0;13.0;17.0;27.0;13.0;1.0;0.0;59.0;11.0;13.0;0.0;0.0;5.0;9.0;8.0;18.0;6.0;;;;;;2.0;;18.0;7.0;
2024;2024/1;RS;59.0;3.0;7.0;8.0;15.0;18.0;7.0;1.0;44.0;2.0;12.0;0.0;1.0;1.0;5.0;;5.0;2.0;;;;;;;;6.0;2.0;
2024;2024/1;RS;139.0;17.0;41.0;31.0;39.0;10.0;1.0;0.0;98.0;14.0;24.0;3.0;0.0;2.0;15.0;12.0;59.0;9.0;2.0;1.0;;;;7.0;;38.0;8.0;1.0
2024;2024/1;RS;384.0;65.0;78.0;68.0;120.0;42.0;7.0;4.0;234.0;15.0;118.0;2.0;15.0;20.0;38.0;22.0;75.0;8.0;10.0;;;;1.0;10.0;;128.0;40.0;1.0
2024;2024/1;RS;368.0;52.0;79.0;74.0;104.0;51.0;7.0;0.0;232.0;27.0;106.0;1.0;2.0;17.0;8.0;14.0;24.0;3.0;3.0;1.0;0.0;0.0;1.0;19.0;0.0;123.0;46.0;20.0
2024;2024/1;RS;514.0;53.0;99.0;104.0;183.0;69.0;6.0;0.0;362.0;57.0;86.0;4.0;0.0;16.0;32.0;31.0;172.0;25.0;5.0;2.0;0.0;0.0;8.0;44.0;2.0;174.0;52.0;4.0
2024;2024/1;RS;519.0;71.0;107.0;120.0;169.0;41.0;9.0;1.0;343.0;21.0;146.0;6.0;3.0;22.0;59.0;41.0;220.0;29.0;9.0;1.0;0.0;0.0;12.0;43.0;2.0;143.0;49.0;19.0
2024;2024/1;RS;943.0;147.0;208.0;198.0;281.0;94.0;14.0;1.0;599.0;194.0;143.0;2.0;5.0;30.0;62.0;66.0;227.0;17.0;15.0;;;;5.0;34.0;1.0;257.0;84.0;15.0
2024;2024/1;RS;338.0;54.0;64.0;57.0;109.0;36.0;15.0;3.0;207.0;56.0;69.0;5.0;0.0;11.0;31.0;16.0;82.0;11.0;5.0;0.0;0.0;0.0;0.0;11.0;0.0;85.0;30.0;1.0
2024;2024/1;RS;310.0;50.0;63.0;64.0;95.0;36.0;2.0;0.0;190.0;40.0;77.0;3.0;0.0;21.0;55.0;37.0;100.0;9.0;1.0;;;;1.0;9.0;;110.0;30.0;2.0
2024;2024/1;RS;319.0;45.0;65.0;73.0;83.0;46.0;7.0;0.0;233.0;15.0;71.0;0.0;0.0;29.0;80.0;23.0;118.0;12.0;6.0;0.0;1.0;0.0;0.0;28.0;0.0;136.0;36.0;4.0
2024;2024/1;SC;610.0;61.0;125.0;144.0;189.0;81.0;7.0;3.0;403.0;81.0;116.0;10.0;0.0;47.0;86.0;46.0;156.0;31.0;7.0;2.0;1.0;0.0;2.0;53.0;3.0;329.0;69.0;1.0
2024;2024/1;SC;42.0;3.0;9.0;10.0;14.0;6.0;0.0;0.0;29.0;3.0;10.0;0.0;0.0;18.0;0.0;10.0;3.0;1.0;1.0;0.0;0.0;0.0;0.0;2.0;0.0;0.0;0.0;0.0
2024;2024/1;SC;277.0;50.0;56.0;47.0;83.0;37.0;4.0;0.0;179.0;11.0;77.0;5.0;5.0;7.0;10.0;14.0;14.0;13.0;6.0;1.0;;;3.0;6.0;1.0;150.0;74.0;
2024;2024/1;SC;1390.0;106.0;237.0;282.0;444.0;255.0;47.0;19.0;783.0;40.0;511.0;36.0;20.0;155.0;257.0;277.0;100.0;10.0;0.0;6.0;1.0;22.0;79.0;4.0;31.0;97.0;24.0;62.0
2024;2024/1;SC;320.0;28.0;53.0;61.0;116.0;51.0;11.0;0.0;203.0;34.0;77.0;6.0;0.0;20.0;17.0;10.0;33.0;22.0;5.0;4.0;3.0;0.0;4.0;9.0;1.0;160.0;70.0;0.0
2024;2024/1;SC;1107.0;143.0;263.0;235.0;308.0;136.0;19.0;3.0;661.0;91.0;331.0;18.0;6.0;41.0;56.0;79.0;200.0;67.0;7.0;1.0;0.0;0.0;10.0;64.0;2.0;477.0;186.0;0.0
2024;2024/1;SC;906.0;125.0;239.0;231.0;219.0;73.0;15.0;4.0;431.0;54.0;388.0;27.0;6.0;80.0;164.0;72.0;243.0;4.0;14.0;2.0;4.0;0.0;11.0;70.0;1.0;435.0;180.0;4.0
2024;2024/1;SC;961.0;78.0;237.0;211.0;304.0;114.0;15.0;2.0;583.0;68.0;279.0;28.0;1.0;101.0;140.0;136.0;338.0;83.0;18.0;5.0;3.0;0.0;2.0;107.0;6.0;354.0;107.0;7.0
2024;2024/1;SC;1044.0;114.0;211.0;219.0;322.0;133.0;31.0;14.0;569.0;76.0;374.0;20.0;5.0;85.0;140.0;81.0;168.0;86.0;2.0;3.0;1.0;0.0;15.0;51.0;1.0;296.0;125.0;3.0
2024;2024/1;SC;913.0;101.0;196.0;184.0;264.0;139.0;25.0;4.0;620.0;99.0;182.0;11.0;1.0;100.0;121.0;91.0;231.0;116.0;12.0;4.0;8.0;0.0;3.0;85.0;1.0;372.0;126.0;0.0
2024;2024/1;SC;1438.0;161.0;348.0;307.0;413.0;173.0;31.0;5.0;832.0;134.0;458.0;12.0;2.0;108.0;191.0;174.0;388.0;107.0;20.0;5.0;3.0;0.0;11.0;121.0;5.0;690.0;156.0;4.0
2024;2024/1;SC;352.0;38.0;70.0;78.0;100.0;56.0;9.0;1.0;241.0;43.0;64.0;2.0;2.0;12.0;29.0;16.0;40.0;21.0;3.0;0.0;0.0;0.0;0.0;6.0;0.0;115.0;43.0;0.0
2024;2024/1;SC;1025.0;16.0;132.0;171.0;350.0;305.0;46.0;5.0;599.0;74.0;333.0;16.0;3.0;190.0;;;;;7.0;8.0;9.0;;;50.0;;21.0;129.0;3.0
2024;2024/1;SC;1634.0;347.0;354.0;338.0;453.0;136.0;5.0;1.0;1029.0;199.0;406.0;0.0;0.0;160.0;191.0;178.0;321.0;38.0;21.0;7.0;4.0;0.0;14.0;91.0;5.0;708.0;122.0;5.0
2024;2024/1;SC;1297.0;110.0;270.0;332.0;451.0;113.0;18.0;3.0;788.0;161.0;326.0;17.0;3.0;94.0;176.0;141.0;476.0;180.0;20.0;5.0;1.0;0.0;10.0;145.0;3.0;712.0;147.0;2.0
2024;2024/1;SC;306.0;63.0;64.0;49.0;83.0;43.0;4.0;0.0;167.0;13.0;118.0;1.0;7.0;10.0;15.0;7.0;10.0;6.0;1.0;0.0;0.0;0.0;4.0;9.0;1.0;188.0;114.0;0.0
2024;2024/1;SC;267.0;42.0;48.0;45.0;90.0;41.0;1.0;0.0;159.0;27.0;80.0;1.0;0.0;8.0;14.0;5.0;24.0;10.0;1.0;1.0;1.0;0.0;2.0;6.0;0.0;2.0;2.0;
2024;2024/1;SC;91.0;24.0;24.0;11.0;16.0;16.0;0.0;0.0;60.0;3.0;27.0;1.0;0.0;2.0;1.0;3.0;7.0;1.0;1.0;1.0;0.0;0.0;1.0;0.0;0.0;0.0;49.0;30.0
2024;2024/1;SC;276.0;62.0;53.0;48.0;63.0;35.0;11.0;4.0;180.0;23.0;69.0;3.0;1.0;4.0;7.0;8.0;32.0;2.0;5.0;0.0;0.0;0.0;11.0;2.0;2.0;86.0;18.0;0.0
2024;2024/1;SC;97.0;1.0;8.0;11.0;28.0;31.0;11.0;7.0;68.0;6.0;19.0;1.0;3.0;0.0;1.0;2.0;4.0;0.0;0.0;0.0;0.0;0.0;0.0;0.0;0.0;3.0;0.0;0.0
2024;2024/1;SC;1402.0;285.0;331.0;238.0;364.0;151.0;25.0;8.0;848.0;104.0;413.0;32.0;5.0;210.0;160.0;281.0;198.0;19.0;20.0;3.0;3.0;0.0;13.0;148.0;11.0;527.0;142.0;1.0
2024;2024/1;SC;96.0;20.0;10.0;25.0;26.0;13.0;1.0;1.0;65.0;8.0;22.0;1.0;0.0;;;;;;;;;;;;;36.0;16.0;
2024;2024/1;SC;1150.0;218.0;265.0;232.0;328.0;95.0;8.0;4.0;635.0;99.0;405.0;11.0;0.0;91.0;152.0;69.0;181.0;20.0;24.0;3.0;2.0;0.0;13.0;59.0;7.0;471.0;100.0;4.0
2024;2024/1;SC;503.0;94.0;102.0;104.0;140.0;46.0;14.0;3.0;278.0;31.0;186.0;8.0;0.0;39.0;53.0;26.0;31.0;8.0;1.0;2.0;1.0;0.0;2.0;11.0;0.0;152.0;64.0;1.0
2024;2024/1;SC;886.0;199.0;209.0;184.0;228.0;52.0;11.0;3.0;552.0;117.0;182.0;29.0;6.0;69.0;69.0;74.0;126.0;19.0;7.0;0.0;2.0;0.0;4.0;26.0;2.0;442.0;114.0;0.0
2024;2024/1;SC;373.0;53.0;68.0;71.0;115.0;54.0;11.0;1.0;270.0;27.0;71.0;4.0;1.0;14.0;44.0;9.0;67.0;3.0;1.0;0.0;0.0;0.0;1.0;4.0;0.0;111.0;0.0;0.0
2024;2024/1;SC;777.0;132.0;206.0;161.0;199.0;68.0;11.0;0.0;479.0;69.0;218.0;10.0;1.0;43.0;47.0;64.0;83.0;10.0;2.0;0.0;0.0;0.0;3.0;34.0;0.0;308.0;99.0;0.0
2024;2024/1;SC;518.0;136.0;135.0;87.0;116.0;40.0;3.0;1.0;262.0;15.0;219.0;21.0;1.0;28.0;68.0;31.0;82.0;4.0;4.0;1.0;2.0;0.0;6.0;40.0;0.0;255.0;89.0;1.0
2024;2024/1;SC;246.0;50.0;59.0;36.0;64.0;27.0;9.0;1.0;133.0;17.0;89.0;6.0;1.0;15.0;25.0;9.0;23.0;1.0;0.0;0.0;0.0;1.0;5.0;9.0;5.0;94.0;24.0;0.0
2024;2024/1;SC;982.0;179.0;194.0;168.0;298.0;106.0;31.0;6.0;653.0;130.0;191.0;3.0;5.0;85.0;182.0;59.0;222.0;39.0;16.0;6.0;4.0;0.0;15.0;67.0;4.0;389.0;99.0;1.0
2024;2024/1;SC;644.0;118.0;111.0;120.0;165.0;105.0;22.0;3.0;362.0;43.0;222.0;15.0;2.0;18.0;18.0;19.0;48.0;12.0;3.0;0.0;0.0;0.0;3.0;10.0;1.0;265.0;64.0;0.0
2024;2024/1;SC;211.0;47.0;40.0;42.0;43.0;24.0;6.0;1.0;113.0;9.0;84.0;4.0;1.0;18.0;26.0;17.0;20.0;3.0;0.0;0.0;1.0;0.0;3.0;7.0;0.0;76.0;24.0;0.0
2024;2024/1;SC;242.0;26.0;44.0;63.0;82.0;23.0;2.0;2.0;138.0;20.0;81.0;3.0;0.0;17.0;23.0;4.0;24.0;11.0;1.0;0.0;1.0;0.0;0.0;4.0;0.0;69.0;17.0;0.0
2024;2024/1;SC;314.0;74.0;54.0;47.0;92.0;38.0;6.0;3.0;184.0;7.0;113.0;10.0;0.0;5.0;20.0;27.0;36.0;22.0;35.0;18.0;5.0;0.0;2.0;0.0;4.0;104.0;50.0;0.0
2024;2024/1;SC;452.0;96.0;86.0;70.0;116.0;57.0;15.0;12.0;300.0;39.0;101.0;7.0;5.0;18.0;34.0;13.0;38.0;11.0;0.0;0.0;0.0;0.0;14.0;6.0;0.0;154.0;78.0;0.0
2024;2024/1;SC;299.0;36.0;76.0;69.0;76.0;36.0;6.0;0.0;177.0;50.0;70.0;2.0;0.0;18.0;28.0;28.0;48.0;6.0;2.0;0.0;1.0;0.0;3.0;13.0;2.0;132.0;35.0;1.0
2024;2024/1;SC;305.0;78.0;56.0;55.0;80.0;32.0;4.0;0.0;117.0;21.0;144.0;5.0;18.0;40.0;12.0;31.0;5.0;2.0;0.0;0.0;0.0;2.0;5.0;0.0;6.0;75.0;26.0;0.0
2024;2024/1;SC;151.0;22.0;23.0;30.0;52.0;18.0;5.0;1.0;100.0;9.0;35.0;7.0;0.0;7.0;8.0;6.0;20.0;4.0;0.0;0.0;0.0;0.0;0.0;12.0;1.0;55.0;23.0;0.0
2024;2024/1;SC;126.0;20.0;18.0;31.0;37.0;15.0;2.0;3.0;71.0;15.0;37.0;3.0;0.0;1.0;6.0;12.0;3.0;10.0;0.0;0.0;0.0;0.0;0.0;0.0;0.0;18.0;3.0;0.0
2024;2024/1;SC;135.0;20.0;19.0;22.0;44.0;23.0;6.0;1.0;62.0;11.0;57.0;4.0;1.0;15.0;18.0;11.0;16.0;9.0;2.0;0.0;0.0;0.0;1.0;3.0;0.0;35.0;17.0;0.0
2024;2024/1;SC;175.0;30.0;49.0;34.0;35.0;25.0;1.0;1.0;111.0;10.0;53.0;1.0;0.0;13.0;19.0;5.0;12.0;5.0;0.0;0.0;0.0;0.0;0.0;1.0;0.0;65.0;23.0;0.0
2024;2024/1;SC;190.0;48.0;47.0;37.0;35.0;22.0;1.0;0.0;109.0;18.0;59.0;4.0;0.0;14.0;9.0;9.0;10.0;4.0;1.0;0.0;0.0;0.0;2.0;1.0;0.0;57.0;21.0;0.0
2024;2024/1;SC;193.0;44.0;36.0;35.0;54.0;22.0;2.0;0.0;136.0;18.0;39.0;0.0;0.0;11.0;16.0;10.0;13.0;3.0;0.0;1.0;1.0;0.0;2.0;5.0;1.0;103.0;33.0;0.0
2024;2024/1;SC;158.0;16.0;23.0;22.0;57.0;35.0;3.0;2.0;115.0;8.0;35.0;0.0;0.0;7.0;9.0;4.0;20.0;6.0;;;1.0;;2.0;7.0;2.0;41.0;15.0;
2024;2024/1;SC;124.0;26.0;25.0;19.0;40.0;12.0;2.0;0.0;70.0;14.0;39.0;0.0;1.0;;;;;;;;;;;;;;;
2024;2024/1;SC;162.0;32.0;26.0;22.0;60.0;19.0;2.0;1.0;121.0;15.0;26.0;0.0;0.0;17.0;13.0;5.0;11.0;2.0;2.0;0.0;0.0;0.0;0.0;4.0;0.0;62.0;21.0;0.0
2024;2024/1;SC;143.0;15.0;29.0;40.0;37.0;17.0;3.0;2.0;74.0;11.0;54.0;3.0;1.0;7.0;3.0;10.0;4.0;2.0;0.0;0.0;0.0;0.0;1.0;0.0;0.0;34.0;5.0;0.0
2024;2024/1;SC;195.0;38.0;49.0;34.0;50.0;17.0;6.0;1.0;100.0;10.0;80.0;2.0;3.0;17.0;36.0;17.0;31.0;14.0;1.0;;1.0;1.0;1.0;6.0;2.0;52.0;26.0;
2024;2024/1;SC;266.0;71.0;59.0;40.0;61.0;22.0;11.0;2.0;155.0;23.0;77.0;7.0;0.0;16.0;24.0;16.0;37.0;4.0;0.0;0.0;;;;;;58.0;;
2024;2024/1;SC;160.0;19.0;28.0;21.0;51.0;25.0;13.0;3.0;91.0;9.0;56.0;3.0;1.0;5.0;16.0;10.0;18.0;1.0;3.0;;;;2.0;5.0;;29.0;16.0;1.0
2024;2024/1;SC;250.0;34.0;44.0;38.0;81.0;43.0;8.0;2.0;147.0;21.0;78.0;4.0;0.0;14.0;16.0;13.0;11.0;2.0;3.0;0.0;0.0;0.0;2.0;3.0;1.0;66.0;28.0;0.0
2024;2024/1;SC;221.0;62.0;35.0;36.0;62.0;22.0;4.0;0.0;110.0;29.0;79.0;3.0;0.0;22.0;32.0;19.0;27.0;1.0;0.0;0.0;1.0;0.0;1.0;8.0;1.0;73.0;19.0;0.0
2024;2024/1;SC;3389.0;483.0;714.0;580.0;928.0;450.0;152.0;82.0;2280.0;198.0;820.0;74.0;17.0;59.0;97.0;69.0;183.0;43.0;5.0;4.0;3.0;0.0;9.0;55.0;14.0;629.0;478.0;146.0
2024;2024/1;SC;23.0;2.0;3.0;5.0;10.0;3.0;0.0;0.0;16.0;1.0;6.0;0.0;0.0;1.0;5.0;3.0;11.0;;2.0;1.0;;;;4.0;;8.0;8.0;
2024;2024/1;SE;490.0;169.0;134.0;84.0;78.0;24.0;1.0;;3.0;3.0;468.0;;;13.0;18.0;32.0;112.0;3.0;;1.0;2.0;;1.0;23.0;;370.0;;
2024;2024/1;SE;235.0;69.0;64.0;41.0;44.0;15.0;1.0;1.0;21.0;37.0;177.0;0.0;0.0;13.0;27.0;25.0;77.0;2.0;1.0;0.0;5.0;0.0;6.0;8.0;0.0;195.0;0.0;0.0
2024;2024/1;SE;203.0;65.0;43.0;21.0;62.0;11.0;1.0;0.0;16.0;37.0;143.0;7.0;0.0;18.0;43.0;31.0;46.0;1.0;1.0;0.0;0.0;0.0;8.0;10.0;0.0;7.0;0.0;0.0
2024;2024/1;SE;1319.0;295.0;277.0;222.0;315.0;160.0;33.0;14.0;145.0;151.0;639.0;18.0;3.0;52.0;68.0;51.0;86.0;6.0;3.0;0.0;0.0;0.0;42.0;27.0;6.0;471.0;5.0;0.0
2024;2024/1;SE;558.0;97.0;157.0;115.0;133.0;50.0;6.0;0.0;56.0;56.0;424.0;11.0;0.0;20.0;23.0;62.0;204.0;17.0;1.0;1.0;1.0;;11.0;24.0;;376.0;;
2024;2024/1;SE;2720.0;474.0;765.0;576.0;676.0;205.0;24.0;;230.0;300.0;2101.0;36.0;2.0;;;;;;;;;;;;;;;
2024;2024/1;SE;228.0;39.0;45.0;47.0;52.0;44.0;1.0;;22.0;27.0;176.0;;;4.0;13.0;3.0;23.0;1.0;4.0;;;;3.0;;;113.0;;
2024;2024/1;SE;356.0;8.0;27.0;49.0;112.0;116.0;44.0;;27.0;37.0;266.0;2.0;0.0;;;;;;;;;;;;;;;
2024;2024/1;SE;541.0;48.0;150.0;140.0;150.0;37.0;2.0;;155.0;140.0;246.0;;;;;;;;;;;;;;;;;
2024;2024/1;SE;886.0;107.0;239.0;185.0;243.0;93.0;14.0;5.0;;;;;;17.0;;315.0;;2.0;1.0;;;;5.0;4.0;;209.0;;
2024;2024/1;SE;33.0;4.0;6.0;3.0;16.0;4.0;0.0;0.0;5.0;5.0;18.0;1.0;0.0;3.0;2.0;2.0;1.0;0.0;0.0;0.0;0.0;0.0;0.0;0.0;0.0;2.0;0.0;0.0
2024;2024/1;SP;1067.0;352.0;254.0;220.0;142.0;86.0;11.0;2.0;539.0;128.0;399.0;1.0;;125.0;;148.0;;;;;;;;3.0;;493.0;;
2024;2024/1;SP;1077.0;224.0;254.0;205.0;307.0;84.0;3.0;0.0;460.0;110.0;506.0;1.0;0.0;33.0;64.0;62.0;150.0;21.0;1.0;2.0;0.0;0.0;6.0;5.0;1.0;547.0;14.0;0.0
2024;2024/1;SP;1089.0;322.0;222.0;175.0;252.0;112.0;6.0;0.0;313.0;351.0;425.0;0.0;0.0;128.0;;269.0;;7.0;;;;;15.0;;;333.0;;
2024;2024/1;SP;703.0;184.0;149.0;124.0;165.0;72.0;8.0;1.0;245.0;74.0;382.0;1.0;1.0;70.0;0.0;138.0;0.0;8.0;13.0;10.0;0.0;0.0;28.0;1.0;0.0;263.0;0.0;0.0
2024;2024/1;SP;1122.0;352.0;278.0;175.0;233.0;79.0;5.0;0.0;352.0;162.0;608.0;0.0;0.0;46.0;95.0;129.0;276.0;9.0;0.0;0.0;50.0;0.0;0.0;0.0;0.0;316.0;;
2024;2024/1;SP;1160.0;495.0;241.0;151.0;203.0;61.0;8.0;1.0;446.0;142.0;572.0;0.0;0.0;80.0;;;498.0;5.0;;;;;;35.0;;397.0;;
2024;2024/1;SP;1253.0;149.0;275.0;271.0;399.0;146.0;12.0;1.0;478.0;170.0;605.0;0.0;0.0;7.0;88.0;377.0;65.0;50.0;13.0;11.0;0.0;0.0;2.0;3.0;0.0;317.0;0.0;0.0
2024;2024/1;SP;877.0;102.0;121.0;125.0;268.0;187.0;53.0;21.0;222.0;77.0;564.0;14.0;0.0;75.0;;171.0;;;;;12.0;;;;;114.0;;
2024;2024/1;SP;1288.0;302.0;296.0;239.0;364.0;85.0;2.0;0.0;298.0;176.0;814.0;0.0;0.0;220.0;64.0;218.0;243.0;1.0;5.0;8.0;4.0;;26.0;25.0;;311.0;12.0;
2024;2024/1;SP;1316.0;355.0;271.0;218.0;325.0;139.0;5.0;3.0;433.0;135.0;748.0;0.0;0.0;189.0;173.0;393.0;27.0;6.0;1.0;2.0;;;27.0;25.0;;291.0;11.0;
2024;2024/1;SP;738.0;51.0;139.0;66.0;154.0;72.0;25.0;5.0;189.0;289.0;34.0;0.0;0.0;24.0;;67.0;;8.0;;;;;8.0;;;53.0;;
2024;2024/1;SP;1119.0;764.0;282.0;44.0;10.0;11.0;8.0;;366.0;282.0;471.0;;;113.0;53.0;112.0;218.0;;4.0;4.0;;;9.0;;88.0;237.0;;
2024;2024/1;SP;1128.0;346.0;336.0;206.0;200.0;37.0;3.0;0.0;150.0;129.0;849.0;0.0;0.0;47.0;4.0;253.0;321.0;5.0;11.0;1.0;1.0;0.0;3.0;16.0;0.0;424.0;6.0;0.0
2024;2024/1;SP;1258.0;161.0;417.0;313.0;234.0;121.0;8.0;4.0;529.0;291.0;438.0;0.0;0.0;357.0;;331.0;;2.0;15.0;;6.0;;5.0;3.0;;191.0;20.0;18.0
2024;2024/1;SP;900.0;162.0;169.0;209.0;221.0;136.0;2.0;1.0;309.0;256.0;332.0;3.0;0.0;43.0;151.0;29.0;133.0;0.0;3.0;0.0;0.0;0.0;0.0;0.0;0.0;133.0;5.0;1.0
2024;2024/1;SP;516.0;125.0;108.0;109.0;118.0;50.0;6.0;0.0;178.0;113.0;225.0;0.0;0.0;113.0;30.0;93.0;71.0;5.0;4.0;0.0;7.0;0.0;3.0;2.0;0.0;135.0;0.0;0.0
2024;2024/1;SP;1141.0;305.0;264.0;184.0;281.0;100.0;6.0;1.0;315.0;158.0;668.0;0.0;0.0;83.0;2.0;100.0;155.0;0.0;3.0;4.0;10.0;32.0;12.0;4.0;18.0;374.0;161.0;4.0
2024;2024/1;SP;1113.0;347.0;319.0;206.0;185.0;50.0;6.0;0.0;299.0;132.0;680.0;2.0;0.0;51.0;25.0;244.0;141.0;9.0;10.0;0.0;0.0;0.0;4.0;8.0;0.0;531.0;5.0;4.0
2024;2024/1;SP;850.0;192.0;181.0;145.0;252.0;75.0;5.0;0.0;251.0;145.0;452.0;2.0;0.0;140.0;;;269.0;3.0;;;67.0;;;;;249.0;;
2024;2024/1;SP;1126.0;241.0;235.0;178.0;328.0;129.0;13.0;2.0;585.0;114.0;427.0;;;111.0;;;46.0;;;1.0;;11.0;;;;636.0;;
2024;2024/1;SP;738.0;244.0;171.0;112.0;160.0;49.0;2.0;0.0;170.0;98.0;470.0;0.0;0.0;70.0;36.0;178.0;129.0;4.0;6.0;0.0;0.0;0.0;7.0;52.0;0.0;151.0;3.0;0.0
2024;2024/1;SP;710.0;200.0;160.0;120.0;170.0;58.0;2.0;0.0;222.0;98.0;390.0;0.0;0.0;65.0;46.0;85.0;141.0;12.0;2.0;2.0;1.0;0.0;20.0;52.0;0.0;174.0;2.0;0.0
2024;2024/1;SP;1117.0;297.0;268.0;174.0;281.0;84.0;10.0;3.0;342.0;176.0;599.0;0.0;0.0;230.0;;189.0;;3.0;;42.0;;;23.0;;;450.0;;
2024;2024/1;SP;1053.0;248.0;229.0;205.0;278.0;85.0;7.0;1.0;473.0;124.0;456.0;0.0;0.0;51.0;129.0;17.0;131.0;8.0;0.0;0.0;0.0;0.0;9.0;6.0;0.0;0.0;0.0;469.0
2024;2024/1;SP;563.0;149.0;119.0;102.0;134.0;48.0;10.0;1.0;209.0;44.0;310.0;;;;93.0;20.0;11.0;;;;;;5.0;4.0;6.0;237.0;;
2024;2024/1;SP;1154.0;273.0;257.0;216.0;317.0;80.0;11.0;0.0;517.0;523.0;114.0;0.0;0.0;206.0;24.0;104.0;15.0;2.0;4.0;0.0;1.0;0.0;6.0;9.0;0.0;492.0;12.0;0.0
2024;2024/1;SP;798.0;220.0;176.0;170.0;181.0;49.0;1.0;1.0;270.0;146.0;382.0;0.0;0.0;38.0;53.0;126.0;160.0;10.0;1.0;3.0;1.0;0.0;1.0;29.0;0.0;233.0;4.0;0.0
2024;2024/1;SP;959.0;267.0;204.0;165.0;239.0;75.0;8.0;1.0;260.0;129.0;569.0;1.0;;62.0;55.0;90.0;140.0;3.0;7.0;4.0;;;4.0;60.0;2.0;413.0;2.0;
2024;2024/1;SP;748.0;188.0;140.0;139.0;209.0;67.0;5.0;;205.0;65.0;477.0;1.0;;74.0;72.0;60.0;89.0;7.0;6.0;4.0;4.0;;8.0;15.0;;223.0;57.0;
2024;2024/1;SP;782.0;200.0;158.0;137.0;221.0;60.0;5.0;1.0;275.0;196.0;311.0;0.0;0.0;171.0;6.0;138.0;8.0;0.0;2.0;2.0;0.0;0.0;3.0;29.0;0.0;265.0;13.0;0.0
2024;2024/1;SP;1089.0;294.0;299.0;200.0;215.0;76.0;4.0;1.0;447.0;105.0;537.0;0.0;0.0;68.0;2.0;221.0;3.0;1.0;3.0;;;;1.0;20.0;;567.0;4.0;
2024;2024/1;SP;947.0;277.0;225.0;153.0;232.0;56.0;4.0;0.0;337.0;85.0;525.0;0.0;0.0;39.0;58.0;121.0;286.0;;;;;;49.0;;;201.0;;
2024;2024/1;SP;1081.0;250.0;211.0;201.0;306.0;102.0;11.0;0.0;438.0;155.0;488.0;0.0;0.0;102.0;77.0;72.0;36.0;6.0;4.0;0.0;0.0;0.0;6.0;14.0;1.0;468.0;0.0;0.0
2024;2024/1;SP;562.0;159.0;116.0;95.0;138.0;52.0;2.0;0.0;326.0;69.0;166.0;1.0;0.0;86.0;0.0;78.0;0.0;2.0;0.0;1.0;1.0;0.0;8.0;1.0;0.0;257.0;0.0;0.0
2024;2024/1;SP;916.0;118.0;138.0;124.0;237.0;255.0;29.0;14.0;439.0;82.0;372.0;10.0;2.0;;;;;;;;;;;;;;;
2024;2024/1;SP;395.0;114.0;82.0;79.0;86.0;31.0;3.0;0.0;112.0;47.0;235.0;1.0;0.0;68.0;;112.0;;;;;5.0;;;;;187.0;;
2024;2024/1;SP;1283.0;151.0;287.0;240.0;411.0;164.0;26.0;4.0;508.0;177.0;598.0;0.0;0.0;108.0;28.0;150.0;67.0;5.0;3.0;2.0;27.0;0.0;6.0;19.0;1.0;630.0;7.0;0.0
2024;2024/1;SP;2051.0;654.0;615.0;560.0;143.0;58.0;20.0;1.0;965.0;266.0;820.0;;;246.0;164.0;470.0;400.0;16.0;;81.0;;;11.0;;;398.0;;
2024;2024/1;SP;2871.0;801.0;705.0;712.0;415.0;193.0;41.0;4.0;1219.0;518.0;1134.0;0.0;0.0;603.0;0.0;1187.0;0.0;42.0;0.0;46.0;0.0;0.0;18.0;20.0;0.0;522.0;0.0;0.0
2024;2024/1;SP;138.0;13.0;28.0;28.0;41.0;22.0;5.0;1.0;46.0;26.0;65.0;1.0;;3.0;4.0;5.0;18.0;;;2.0;;;1.0;4.0;;73.0;;13.0
2024;2024/1;SP;1838.0;485.0;433.0;351.0;395.0;155.0;17.0;2.0;281.0;185.0;1372.0;0.0;0.0;37.0;176.0;98.0;774.0;21.0;13.0;8.0;7.0;0.0;19.0;9.0;43.0;433.0;47.0;0.0
2024;2024/1;SP;949.0;72.0;194.0;188.0;385.0;106.0;4.0;0.0;220.0;72.0;657.0;0.0;0.0;1.0;54.0;10.0;205.0;48.0;9.0;10.0;2.0;0.0;1.0;2.0;0.0;495.0;8.0;0.0
2024;2024/1;SP;1065.0;49.0;128.0;205.0;497.0;177.0;8.0;1.0;392.0;113.0;560.0;0.0;0.0;19.0;99.0;14.0;288.0;43.0;15.0;21.0;;;10.0;12.0;;295.0;37.0;5.0
2024;2024/1;SP;274.0;11.0;30.0;43.0;88.0;76.0;25.0;1.0;146.0;21.0;107.0;0.0;0.0;0.0;0.0;14.0;2.0;1.0;0.0;1.0;0.0;0.0;0.0;2.0;0.0;34.0;0.0;0.0
2024;2024/1;SP;199.0;4.0;14.0;21.0;63.0;82.0;14.0;1.0;78.0;23.0;98.0;0.0;0.0;;;;2.0;;;;;;;;;1.0;;
2024;2024/1;SP;85.0;3.0;9.0;11.0;32.0;25.0;5.0;0.0;50.0;8.0;27.0;0.0;0.0;2.0;1.0;1.0;7.0;6.0;1.0;;;;;;;45.0;;
2024;2024/1;SP;95.0;14.0;10.0;13.0;36.0;17.0;4.0;1.0;38.0;9.0;0.0;48.0;0.0;2.0;1.0;5.0;3.0;0.0;2.0;0.0;0.0;0.0;1.0;0.0;0.0;0.0;0.0;0.0
2024;2024/1;SP;159.0;12.0;24.0;14.0;55.0;44.0;7.0;3.0;84.0;12.0;63.0;;;;;;10.0;1.0;2.0;;;;1.0;;;55.0;1.0;
2024;2024/1;SP;312.0;10.0;39.0;56.0;120.0;77.0;8.0;2.0;166.0;20.0;126.0;0.0;0.0;10.0;12.0;15.0;58.0;17.0;2.0;1.0;0.0;0.0;0.0;1.0;1.0;92.0;0.0;0.0
2024;2024/1;SP;303.0;24.0;38.0;49.0;75.0;97.0;20.0;0.0;155.0;68.0;79.0;1.0;0.0;0.0;0.0;29.0;0.0;0.0;3.0;1.0;0.0;0.0;0.0;2.0;0.0;48.0;0.0;0.0
2024;2024/1;SP;188.0;24.0;44.0;35.0;60.0;23.0;2.0;0.0;100.0;25.0;63.0;0.0;0.0;4.0;0.0;0.0;27.0;4.0;0.0;0.0;0.0;0.0;0.0;0.0;0.0;123.0;0.0;0.0
2024;2024/1;SP;169.0;9.0;24.0;31.0;44.0;46.0;11.0;4.0;67.0;18.0;84.0;0.0;0.0;;;;1.0;;;;;;;;;34.0;;
2024;2024/1;SP;2430.0;314.0;465.0;531.0;717.0;373.0;27.0;3.0;1312.0;276.0;840.0;2.0;0.0;101.0;151.0;275.0;428.0;42.0;27.0;21.0;13.0;0.0;23.0;85.0;66.0;901.0;41.0;0.0
2024;2024/1;SP;70.0;7.0;14.0;10.0;26.0;13.0;0.0;0.0;30.0;6.0;34.0;0.0;0.0;0.0;0.0;4.0;4.0;2.0;1.0;0.0;0.0;0.0;1.0;0.0;0.0;34.0;7.0;0.0
2024;2024/1;SP;171.0;28.0;34.0;30.0;57.0;20.0;2.0;0.0;77.0;21.0;73.0;0.0;0.0;4.0;;30.0;;;;;;;;;;109.0;;
2024;2024/1;SP;271.0;27.0;42.0;40.0;89.0;54.0;18.0;1.0;137.0;19.0;65.0;50.0;0.0;2.0;0.0;3.0;44.0;0.0;1.0;0.0;0.0;0.0;0.0;0.0;0.0;59.0;2.0;0.0
2024;2024/1;SP;143.0;8.0;26.0;30.0;49.0;27.0;2.0;1.0;72.0;11.0;60.0;0.0;0.0;3.0;;18.0;3.0;1.0;2.0;3.0;;;;1.0;;37.0;4.0;1.0
2024;2024/1;SP;225.0;53.0;50.0;52.0;44.0;25.0;1.0;0.0;81.0;22.0;122.0;0.0;0.0;0.0;13.0;0.0;35.0;3.0;0.0;0.0;0.0;0.0;1.0;0.0;0.0;156.0;0.0;0.0
2024;2024/1;SP;1271.0;315.0;268.0;209.0;361.0;108.0;8.0;2.0;377.0;119.0;774.0;1.0;0.0;144.0;;197.0;;8.0;;;;;42.0;;;539.0;;
2024;2024/1;SP;1059.0;275.0;301.0;226.0;208.0;44.0;4.0;1.0;172.0;114.0;773.0;;;27.0;39.0;97.0;349.0;10.0;;;;;2.0;11.0;;476.0;3.0;
2024;2024/1;SP;1230.0;274.0;243.0;221.0;381.0;102.0;7.0;2.0;421.0;95.0;711.0;3.0;0.0;125.0;0.0;203.0;0.0;0.0;0.0;0.0;30.0;0.0;0.0;0.0;0.0;685.0;0.0;0.0
2024;2024/1;SP;837.0;249.0;149.0;157.0;190.0;87.0;5.0;0.0;290.0;84.0;463.0;0.0;0.0;51.0;73.0;51.0;43.0;0.0;0.0;0.0;0.0;0.0;7.0;3.0;0.0;398.0;0.0;0.0
2024;2024/1;SP;1111.0;276.0;223.0;198.0;289.0;82.0;43.0;0.0;358.0;170.0;583.0;0.0;0.0;70.0;79.0;99.0;137.0;8.0;3.0;1.0;0.0;0.0;3.0;66.0;8.0;414.0;9.0;0.0
2024;2024/1;SP;1143.0;296.0;283.0;178.0;304.0;70.0;10.0;2.0;360.0;169.0;614.0;0.0;0.0;0.0;155.0;0.0;242.0;7.0;8.0;0.0;5.0;0.0;25.0;32.0;0.0;400.0;17.0;0.0
2024;2024/1;SP;1162.0;326.0;310.0;226.0;223.0;70.0;5.0;2.0;459.0;133.0;570.0;0.0;0.0;85.0;;197.0;;6.0;;;;;23.0;;;751.0;;
2024;2024/1;SP;773.0;215.0;149.0;127.0;218.0;60.0;4.0;0.0;324.0;128.0;321.0;0.0;0.0;56.0;60.0;0.0;106.0;3.0;1.0;2.0;0.0;0.0;23.0;20.0;0.0;393.0;0.0;0.0
2024;2024/1;SP;1117.0;326.0;229.0;187.0;262.0;101.0;12.0;0.0;671.0;117.0;328.0;1.0;0.0;105.0;11.0;114.0;30.0;5.0;3.0;2.0;28.0;0.0;0.0;2.0;0.0;;;
2024;2024/1;SP;1092.0;286.0;222.0;182.0;310.0;84.0;6.0;2.0;194.0;93.0;804.0;1.0;0.0;121.0;37.0;65.0;38.0;6.0;5.0;0.0;0.0;0.0;7.0;0.0;0.0;519.0;10.0;0.0
2024;2024/1;SP;2319.0;246.0;444.0;485.0;836.0;278.0;25.0;5.0;682.0;291.0;1342.0;4.0;;110.0;268.0;217.0;393.0;19.0;3.0;8.0;2.0;;8.0;6.0;1.0;940.0;157.0;
2024;2024/1;SP;2250.0;334.0;472.0;481.0;694.0;243.0;22.0;4.0;833.0;179.0;1236.0;2.0;0.0;200.0;87.0;420.0;243.0;13.0;0.0;0.0;0.0;0.0;21.0;20.0;0.0;1123.0;0.0;0.0
2024;2024/1;SP;557.0;21.0;182.0;137.0;148.0;57.0;12.0;;240.0;92.0;225.0;;;4.0;20.0;7.0;119.0;19.0;4.0;2.0;2.0;;2.0;4.0;;313.0;;
2024;2024/1;SP;1087.0;147.0;218.0;242.0;356.0;89.0;12.0;23.0;327.0;138.0;622.0;0.0;0.0;103.0;;312.0;;;;12.0;8.0;;8.0;7.0;;512.0;;
2024;2024/1;SP;1716.0;239.0;365.0;323.0;558.0;205.0;22.0;4.0;497.0;248.0;970.0;1.0;0.0;13.0;137.0;517.0;0.0;30.0;0.0;0.0;0.0;0.0;9.0;20.0;0.0;765.0;;
2024;2024/1;SP;1410.0;252.0;255.0;307.0;457.0;129.0;7.0;3.0;676.0;280.0;454.0;;;217.0;8.0;293.0;39.0;22.0;7.0;3.0;10.0;0.0;15.0;23.0;0.0;503.0;17.0;0.0
2024;2024/1;SP;1537.0;149.0;296.0;358.0;522.0;186.0;21.0;5.0;592.0;122.0;822.0;1.0;0.0;120.0;25.0;102.0;290.0;54.0;5.0;9.0;0.0;0.0;6.0;44.0;2.0;657.0;10.0;0.0
2024;2024/1;SP;14.0;3.0;3.0;4.0;4.0;;;;4.0;1.0;9.0;;;;1.0;1.0;9.0;1.0;;;;;;;;;;
2024;2024/1;SP;219.0;39.0;62.0;37.0;50.0;25.0;5.0;1.0;126.0;17.0;76.0;0.0;0.0;0.0;2.0;5.0;28.0;6.0;0.0;0.0;0.0;0.0;2.0;0.0;0.0;128.0;0.0;0.0
2024;2024/1;SP;214.0;15.0;32.0;53.0;66.0;42.0;5.0;1.0;114.0;13.0;86.0;0.0;1.0;10.0;12.0;22.0;8.0;0.0;1.0;0.0;0.0;0.0;0.0;1.0;0.0;97.0;1.0;0.0
2024;2024/1;SP;214.0;61.0;53.0;45.0;39.0;11.0;5.0;0.0;76.0;63.0;72.0;3.0;0.0;19.0;40.0;;;;;;;;3.0;;;120.0;;
2024;2024/1;SP;93.0;21.0;18.0;15.0;33.0;6.0;0.0;0.0;49.0;3.0;41.0;0.0;0.0;;;;;;2.0;1.0;;;;;;47.0;22.0;9.0
2024;2024/1;SP;97.0;9.0;18.0;33.0;24.0;11.0;2.0;0.0;46.0;12.0;38.0;1.0;0.0;8.0;;22.0;;;;;;;;;;54.0;;
2024;2024/1;SP;201.0;26.0;27.0;31.0;71.0;42.0;4.0;0.0;113.0;26.0;62.0;0.0;0.0;3.0;2.0;30.0;7.0;2.0;0.0;0.0;0.0;0.0;2.0;2.0;0.0;80.0;14.0;0.0
2024;2024/1;SP;229.0;69.0;56.0;35.0;38.0;26.0;4.0;1.0;84.0;28.0;117.0;;;15.0;;44.0;1.0;1.0;1.0;;;;1.0;;;;;150.0
2024;2024/1;SP;137.0;25.0;31.0;29.0;37.0;13.0;2.0;0.0;69.0;10.0;58.0;0.0;0.0;0.0;3.0;0.0;13.0;1.0;0.0;0.0;0.0;0.0;1.0;0.0;0.0;97.0;0.0;0.0
2024;2024/1;SP;468.0;14.0;47.0;71.0;183.0;122.0;24.0;7.0;215.0;61.0;161.0;31.0;0.0;29.0;30.0;33.0;24.0;0.0;3.0;0.0;0.0;0.0;0.0;0.0;0.0;14.0;0.0;0.0
2024;2024/1;SP;248.0;10.0;40.0;43.0;102.0;51.0;1.0;1.0;127.0;23.0;98.0;0.0;0.0;37.0;;43.0;;;;;;;;;;19.0;;
2024;2024/1;SP;180.0;5.0;19.0;29.0;79.0;42.0;6.0;0.0;86.0;19.0;75.0;0.0;0.0;8.0;9.0;13.0;21.0;0.0;2.0;0.0;0.0;0.0;0.0;0.0;0.0;13.0;4.0;0.0
2024;2024/1;SP;1205.0;607.0;343.0;121.0;115.0;18.0;1.0;;445.0;142.0;617.0;1.0;;;4.0;28.0;611.0;5.0;8.0;1.0;;;;1.0;1.0;545.0;1.0;
2024;2024/1;SP;435.0;24.0;49.0;62.0;172.0;100.0;24.0;4.0;239.0;37.0;158.0;1.0;;1.0;;;4.0;14.0;2.0;;;;1.0;;;4.0;;
2024;2024/1;SP;1375.0;436.0;272.0;294.0;241.0;124.0;7.0;1.0;367.0;65.0;938.0;5.0;0.0;68.0;57.0;151.0;309.0;16.0;15.0;6.0;4.0;2.0;14.0;31.0;5.0;327.0;179.0;23.0
2024;2024/1;SP;1543.0;192.0;352.0;326.0;526.0;133.0;11.0;3.0;570.0;255.0;718.0;0.0;0.0;217.0;297.0;187.0;217.0;0.0;0.0;0.0;0.0;0.0;0.0;0.0;0.0;598.0;5.0;3.0
2024;2024/1;SP;478.0;24.0;38.0;50.0;159.0;173.0;28.0;6.0;344.0;40.0;93.0;1.0;0.0;0.0;0.0;5.0;12.0;7.0;1.0;7.0;0.0;0.0;1.0;0.0;0.0;12.0;0.0;0.0
2024;2024/1;SP;2183.0;330.0;524.0;477.0;645.0;189.0;17.0;;1077.0;264.0;840.0;1.0;;355.0;;447.0;;76.0;;;163.0;;;;;593.0;;
2024;2024/1;SP;516.0;61.0;113.0;115.0;163.0;55.0;6.0;3.0;220.0;47.0;249.0;0.0;0.0;2.0;25.0;71.0;28.0;16.0;1.0;0.0;0.0;0.0;3.0;0.0;0.0;307.0;7.0;0.0
2024;2024/1;SP;654.0;71.0;127.0;105.0;231.0;113.0;6.0;1.0;212.0;70.0;372.0;0.0;0.0;49.0;41.0;63.0;73.0;12.0;9.0;5.0;1.0;0.0;10.0;5.0;0.0;283.0;7.0;31.0
2024;2024/1;SP;744.0;98.0;137.0;129.0;248.0;112.0;19.0;1.0;267.0;87.0;389.0;1.0;0.0;32.0;35.0;20.0;66.0;15.0;6.0;0.0;3.0;0.0;0.0;0.0;0.0;456.0;4.0;0.0
2024;2024/1;SP;832.0;57.0;157.0;191.0;309.0;108.0;9.0;1.0;336.0;105.0;391.0;;;79.0;22.0;61.0;203.0;28.0;4.0;4.0;;;4.0;1.0;;322.0;1.0;
2024;2024/1;SP;2453.0;63.0;151.0;223.0;703.0;790.0;381.0;142.0;1120.0;229.0;1101.0;;3.0;41.0;;76.0;;;;;;;;;;52.0;;
2024;2024/1;SP;1467.0;432.0;386.0;272.0;243.0;130.0;4.0;0.0;478.0;227.0;761.0;1.0;0.0;;167.0;;388.0;22.0;;27.0;;;;98.0;;637.0;;
2024;2024/1;SP;1327.0;167.0;327.0;309.0;392.0;121.0;8.0;3.0;668.0;127.0;530.0;1.0;1.0;28.0;50.0;56.0;237.0;34.0;;;;;2.0;3.0;;661.0;112.0;
2024;2024/1;SP;1536.0;48.0;96.0;159.0;482.0;513.0;197.0;41.0;539.0;134.0;862.0;1.0;;38.0;8.0;35.0;11.0;2.0;;;;;1.0;1.0;;39.0;3.0;5.0
2024;2024/1;SP;1446.0;79.0;266.0;381.0;570.0;148.0;1.0;1.0;451.0;176.0;819.0;0.0;0.0;25.0;165.0;143.0;546.0;46.0;22.0;34.0;0.0;0.0;10.0;69.0;1.0;991.0;73.0;1.0
2024;2024/1;SP;1157.0;296.0;284.0;253.0;257.0;63.0;3.0;1.0;578.0;212.0;367.0;0.0;0.0;253.0;0.0;294.0;0.0;8.0;0.0;0.0;9.0;0.0;5.0;17.0;1.0;473.0;25.0;0.0
2024;2024/1;SP;1431.0;265.0;362.0;280.0;429.0;84.0;9.0;2.0;601.0;196.0;634.0;0.0;0.0;114.0;199.0;143.0;302.0;57.0;37.0;10.0;6.0;0.0;20.0;9.0;20.0;428.0;0.0;0.0
2024;2024/1;SP;1257.0;238.0;310.0;241.0;350.0;110.0;6.0;2.0;454.0;199.0;604.0;0.0;0.0;151.0;;202.0;;11.0;;;;;;;;652.0;;
2024;2024/1;SP;1365.0;70.0;199.0;266.0;603.0;217.0;8.0;2.0;638.0;147.0;577.0;3.0;0.0;37.0;147.0;112.0;355.0;108.0;16.0;11.0;0.0;0.0;2.0;1.0;0.0;257.0;3.0;0.0
2024;2024/1;SP;2154.0;132.0;220.0;307.0;730.0;606.0;131.0;28.0;650.0;322.0;1164.0;18.0;0.0;67.0;114.0;94.0;73.0;4.0;3.0;4.0;0.0;0.0;2.0;22.0;7.0;336.0;3.0;176.0
2024;2024/1;SP;1500.0;322.0;406.0;296.0;363.0;104.0;8.0;1.0;639.0;167.0;694.0;;;;195.0;;303.0;12.0;;;2.0;;5.0;4.0;;880.0;;
2024;2024/1;SP;1566.0;56.0;94.0;157.0;441.0;496.0;241.0;81.0;825.0;113.0;625.0;2.0;1.0;125.0;37.0;182.0;44.0;14.0;16.0;0.0;0.0;0.0;8.0;26.0;0.0;110.0;37.0;0.0
2024;2024/1;SP;803.0;75.0;240.0;210.0;220.0;30.0;25.0;2.0;315.0;80.0;400.0;0.0;0.0;26.0;35.0;36.0;99.0;24.0;0.0;0.0;0.0;0.0;0.0;0.0;0.0;143.0;0.0;0.0
2024;2024/1;SP;2064.0;455.0;497.0;377.0;534.0;186.0;13.0;2.0;738.0;273.0;;1053.0;;114.0;118.0;225.0;323.0;7.0;4.0;8.0;8.0;;48.0;14.0;1.0;556.0;289.0;
2024;2024/1;SP;1253.0;101.0;286.0;317.0;436.0;104.0;8.0;1.0;286.0;152.0;815.0;0.0;0.0;;35.0;;328.0;76.0;23.0;1.0;;1.0;2.0;3.0;;641.0;;
2024;2024/1;SP;1419.0;181.0;316.0;306.0;481.0;122.0;12.0;1.0;545.0;161.0;713.0;0.0;0.0;241.0;168.0;752.0;603.0;138.0;32.0;18.0;1.0;0.0;12.0;129.0;6.0;802.0;709.0;0.0
2024;2024/1;SP;2148.0;268.0;527.0;477.0;676.0;189.0;10.0;1.0;966.0;204.0;978.0;0.0;0.0;99.0;290.0;67.0;487.0;15.0;9.0;6.0;0.0;0.0;3.0;5.0;0.0;620.0;346.0;0.0
2024;2024/1;SP;1919.0;189.0;478.0;442.0;655.0;146.0;7.0;2.0;675.0;260.0;983.0;1.0;0.0;166.0;35.0;330.0;143.0;58.0;4.0;4.0;15.0;0.0;20.0;15.0;;694.0;220.0;0.0
2024;2024/1;SP;794.0;91.0;197.0;191.0;254.0;56.0;3.0;2.0;234.0;106.0;454.0;;;70.0;;214.0;;5.0;;;3.0;;12.0;10.0;;423.0;;
2024;2024/1;SP;2672.0;59.0;194.0;268.0;869.0;927.0;260.0;95.0;1108.0;265.0;1296.0;3.0;;;;;;;;;;;;;;147.0;;
2024;2024/1;SP;1261.0;70.0;221.0;328.0;474.0;151.0;16.0;1.0;509.0;143.0;607.0;2.0;0.0;;145.0;5.0;540.0;15.0;23.0;13.0;;;1.0;21.0;1.0;288.0;7.0;
2024;2024/1;SP;1167.0;244.0;441.0;230.0;202.0;41.0;9.0;0.0;414.0;158.0;593.0;2.0;0.0;24.0;95.0;103.0;322.0;5.0;7.0;;;;1.0;1.0;;526.0;18.0;2.0
2024;2024/1;SP;1535.0;116.0;269.0;339.0;617.0;174.0;19.0;1.0;642.0;121.0;764.0;8.0;0.0;8.0;67.0;61.0;412.0;193.0;30.0;26.0;0.0;0.0;0.0;0.0;0.0;520.0;3.0;0.0
2024;2024/1;SP;1307.0;88.0;216.0;266.0;553.0;170.0;12.0;2.0;453.0;145.0;709.0;;;238.0;7.0;451.0;36.0;51.0;17.0;5.0;1.0;;5.0;5.0;;264.0;4.0;
2024;2024/1;SP;1417.0;45.0;129.0;191.0;544.0;394.0;88.0;26.0;510.0;155.0;751.0;0.0;1.0;0.0;23.0;0.0;81.0;4.0;1.0;0.0;0.0;0.0;0.0;0.0;0.0;46.0;0.0;0.0
2024;2024/1;SP;1258.0;248.0;368.0;254.0;307.0;72.0;9.0;;635.0;153.0;469.0;1.0;;36.0;6.0;278.0;31.0;48.0;;;;;13.0;;;694.0;;
2024;2024/1;SP;954.0;132.0;177.0;179.0;337.0;119.0;10.0;0.0;440.0;88.0;426.0;0.0;0.0;41.0;41.0;48.0;70.0;31.0;4.0;6.0;0.0;0.0;3.0;3.0;0.0;572.0;8.0;
2024;2024/1;SP;2032.0;277.0;383.0;378.0;688.0;274.0;29.0;3.0;734.0;242.0;1055.0;1.0;0.0;37.0;107.0;33.0;467.0;57.0;78.0;15.0;1.0;0.0;26.0;7.0;0.0;1022.0;0.0;0.0
2024;2024/1;SP;638.0;97.0;130.0;117.0;212.0;73.0;9.0;;267.0;64.0;307.0;;;22.0;32.0;46.0;80.0;12.0;3.0;7.0;;;10.0;;;372.0;8.0;
2024;2024/1;SP;350.0;29.0;63.0;62.0;117.0;66.0;12.0;1.0;120.0;33.0;196.0;1.0;;33.0;2.0;5.0;62.0;10.0;;4.0;10.0;;;;;188.0;;
2024;2024/1;SP;242.0;56.0;68.0;37.0;58.0;19.0;3.0;1.0;54.0;27.0;161.0;;;24.0;5.0;36.0;29.0;0.0;1.0;0.0;0.0;0.0;0.0;2.0;0.0;107.0;11.0;3.0
2024;2024/1;SP;791.0;123.0;156.0;151.0;256.0;95.0;9.0;1.0;313.0;85.0;393.0;;;36.0;32.0;24.0;72.0;22.0;14.0;6.0;;;8.0;17.0;;467.0;78.0;
2024;2024/1;SP;2758.0;141.0;462.0;597.0;1167.0;371.0;17.0;3.0;812.0;551.0;1390.0;5.0;0.0;59.0;655.0;43.0;613.0;35.0;8.0;49.0;0.0;0.0;137.0;28.0;0.0;508.0;117.0;0.0
2024;2024/1;SP;510.0;16.0;51.0;63.0;215.0;156.0;9.0;0.0;288.0;57.0;165.0;0.0;0.0;10.0;12.0;7.0;104.0;54.0;2.0;33.0;;;1.0;;;110.0;16.0;2.0
2024;2024/1;SP;667.0;31.0;68.0;78.0;230.0;211.0;40.0;9.0;237.0;88.0;342.0;0.0;0.0;38.0;2.0;47.0;8.0;18.0;0.0;2.0;0.0;0.0;0.0;3.0;0.0;82.0;2.0;0.0
2024;2024/1;SP;1550.0;362.0;379.0;376.0;315.0;107.0;10.0;1.0;512.0;136.0;902.0;0.0;0.0;36.0;124.0;199.0;28.0;4.0;3.0;;;;9.0;5.0;;955.0;117.0;
2024;2024/1;SP;1518.0;171.0;411.0;390.0;432.0;107.0;7.0;0.0;607.0;182.0;729.0;0.0;0.0;;;;;;;;;;;;;;;
2024;2024/1;SP;1219.0;263.0;334.0;272.0;299.0;40.0;11.0;;364.0;182.0;673.0;0.0;0.0;;349.0;;145.0;41.0;;;14.0;;14.0;15.0;;470.0;;
2024;2024/1;SP;1213.0;137.0;243.0;315.0;431.0;75.0;10.0;2.0;441.0;111.0;661.0;0.0;0.0;213.0;;206.0;;133.0;;;14.0;;;;;420.0;;
2024;2024/1;SP;1996.0;83.0;297.0;398.0;907.0;289.0;18.0;4.0;966.0;219.0;811.0;0.0;0.0;115.0;320.0;178.0;1030.0;161.0;37.0;125.0;;;33.0;16.0;0.0;565.0;480.0;140.0
2024;2024/1;SP;1550.0;482.0;453.0;273.0;244.0;83.0;13.0;2.0;450.0;143.0;957.0;0.0;0.0;16.0;31.0;37.0;360.0;5.0;8.0;0.0;0.0;0.0;1.0;6.0;0.0;1026.0;14.0;0.0
2024;2024/1;SP;1501.0;364.0;387.0;285.0;363.0;98.0;4.0;0.0;667.0;152.0;681.0;0.0;1.0;64.0;19.0;252.0;29.0;3.0;1.0;1.0;11.0;0.0;8.0;7.0;;909.0;57.0;
2024;2024/1;SP;1470.0;71.0;292.0;379.0;587.0;140.0;1.0;0.0;469.0;649.0;352.0;0.0;0.0;18.0;31.0;219.0;404.0;62.0;25.0;11.0;0.0;0.0;0.0;1.0;0.0;439.0;115.0;0.0
2024;2024/1;SP;1475.0;295.0;383.0;333.0;322.0;129.0;12.0;1.0;590.0;396.0;489.0;;;29.0;88.0;95.0;453.0;65.0;2.0;6.0;;;;;;507.0;73.0;
2024;2024/1;SP;515.0;3.0;15.0;24.0;238.0;233.0;2.0;0.0;236.0;53.0;225.0;1.0;0.0;12.0;57.0;1.0;329.0;119.0;10.0;79.0;0.0;0.0;11.0;65.0;5.0;244.0;113.0;2.0
2024;2024/1;SP;2096.0;263.0;388.0;469.0;649.0;303.0;22.0;2.0;655.0;415.0;1025.0;1.0;0.0;105.0;218.0;86.0;374.0;39.0;0.0;0.0;0.0;0.0;18.0;6.0;0.0;455.0;51.0;7.0
2024;2024/1;SP;1307.0;214.0;322.0;261.0;356.0;129.0;25.0;0.0;568.0;132.0;595.0;12.0;0.0;;;;;;;;;;;;;;;
2024;2024/1;SP;1171.0;306.0;375.0;222.0;221.0;46.0;1.0;0.0;399.0;127.0;643.0;2.0;0.0;105.0;5.0;358.0;20.0;6.0;3.0;1.0;0.0;0.0;1.0;2.0;0.0;498.0;111.0;4.0
2024;2024/1;SP;1227.0;82.0;304.0;336.0;412.0;85.0;6.0;2.0;478.0;140.0;608.0;1.0;;121.0;;129.0;;36.0;;;;;6.0;2.0;;840.0;22.0;
2024;2024/1;SP;1142.0;297.0;322.0;240.0;218.0;54.0;10.0;1.0;313.0;224.0;602.0;3.0;;23.0;37.0;86.0;212.0;20.0;3.0;2.0;2.0;;5.0;5.0;2.0;555.0;132.0;
2024;2024/1;SP;1323.0;228.0;337.0;280.0;370.0;99.0;7.0;2.0;658.0;112.0;551.0;2.0;;13.0;33.0;21.0;298.0;42.0;6.0;2.0;0.0;0.0;1.0;5.0;0.0;763.0;2.0;0.0
2024;2024/1;SP;1233.0;160.0;268.0;303.0;404.0;93.0;4.0;1.0;391.0;126.0;716.0;;;;113.0;;487.0;13.0;25.0;;;;22.0;4.0;;501.0;;
2024;2024/1;SP;1085.0;324.0;292.0;184.0;228.0;45.0;10.0;2.0;327.0;120.0;638.0;0.0;0.0;84.0;61.0;21.0;190.0;19.0;2.0;2.0;1.0;0.0;3.0;28.0;0.0;578.0;30.0;0.0
2024;2024/1;SP;439.0;33.0;84.0;86.0;157.0;69.0;10.0;;187.0;53.0;199.0;;;56.0;15.0;13.0;33.0;2.0;7.0;;;;3.0;;;228.0;22.0;
2024;2024/1;SP;1392.0;113.0;262.0;338.0;503.0;165.0;9.0;2.0;519.0;117.0;756.0;;;299.0;33.0;22.0;427.0;39.0;9.0;7.0;8.0;0.0;0.0;8.0;0.0;259.0;41.0;13.0
2024;2024/1;SP;1208.0;173.0;326.0;292.0;342.0;69.0;6.0;0.0;457.0;227.0;524.0;0.0;0.0;54.0;88.0;79.0;125.0;96.0;28.0;19.0;0.0;0.0;9.0;20.0;0.0;523.0;58.0;0.0
2024;2024/1;SP;1187.0;335.0;224.0;219.0;281.0;111.0;14.0;3.0;428.0;147.0;612.0;0.0;0.0;87.0;96.0;83.0;153.0;0.0;0.0;0.0;0.0;0.0;6.0;0.0;0.0;592.0;36.0;0.0
2024;2024/1;SP;1629.0;112.0;253.0;393.0;646.0;202.0;19.0;4.0;871.0;137.0;621.0;;;428.0;;589.0;;89.0;;;39.0;;;;;247.0;;
2024;2024/1;SP;2782.0;591.0;595.0;504.0;724.0;290.0;55.0;23.0;1532.0;266.0;984.0;0.0;0.0;24.0;198.0;40.0;692.0;251.0;38.0;19.0;0.0;0.0;15.0;112.0;0.0;544.0;76.0;17.0
2024;2024/1;SP;1477.0;243.0;445.0;339.0;362.0;83.0;5.0;0.0;348.0;102.0;1027.0;0.0;0.0;237.0;168.0;647.0;569.0;101.0;31.0;11.0;16.0;0.0;26.0;175.0;0.0;743.0;113.0;0.0
2024;2024/1;SP;1235.0;242.0;308.0;278.0;332.0;70.0;5.0;;363.0;110.0;762.0;;;150.0;;228.0;;;;;;;;;;637.0;;
2024;2024/1;SP;1527.0;78.0;264.0;349.0;669.0;159.0;7.0;1.0;626.0;181.0;719.0;1.0;0.0;35.0;109.0;66.0;609.0;132.0;65.0;32.0;1.0;0.0;9.0;158.0;0.0;;;
2024;2024/1;SP;1278.0;272.0;345.0;240.0;345.0;68.0;8.0;0.0;531.0;155.0;590.0;2.0;0.0;167.0;12.0;204.0;5.0;7.0;;2.0;3.0;;31.0;9.0;;740.0;;
2024;2024/1;SP;2286.0;58.0;162.0;238.0;751.0;773.0;218.0;86.0;656.0;254.0;1375.0;0.0;1.0;80.0;96.0;80.0;90.0;20.0;9.0;9.0;0.0;0.0;16.0;43.0;0.0;146.0;10.0;0.0
2024;2024/1;SP;1281.0;213.0;327.0;269.0;365.0;95.0;12.0;0.0;315.0;165.0;799.0;2.0;;139.0;16.0;91.0;89.0;19.0;19.0;15.0;0.0;1.0;9.0;22.0;0.0;508.0;65.0;0.0
2024;2024/1;SP;1095.0;331.0;339.0;222.0;156.0;47.0;0.0;0.0;351.0;146.0;598.0;0.0;0.0;54.0;183.0;152.0;304.0;18.0;7.0;5.0;0.0;0.0;0.0;14.0;0.0;333.0;0.0;0.0
2024;2024/1;SP;107.0;12.0;25.0;20.0;41.0;9.0;;;43.0;5.0;59.0;0.0;0.0;;15.0;;18.0;8.0;;;6.0;;;;;21.0;;
2024;2024/1;SP;1511.0;359.0;393.0;269.0;365.0;116.0;7.0;2.0;609.0;309.0;435.0;158.0;0.0;;185.0;;427.0;17.0;;;23.0;;5.0;4.0;;698.0;;
2024;2024/1;SP;922.0;200.0;278.0;185.0;193.0;57.0;9.0;0.0;272.0;61.0;588.0;1.0;0.0;37.0;39.0;47.0;124.0;5.0;3.0;2.0;1.0;0.0;4.0;43.0;0.0;487.0;15.0;0.0
2024;2024/1;SP;1455.0;226.0;294.0;314.0;487.0;126.0;8.0;0.0;409.0;270.0;0.0;776.0;0.0;64.0;180.0;55.0;280.0;94.0;40.0;30.0;0.0;0.0;38.0;40.0;0.0;930.0;340.0;0.0
2024;2024/1;SP;789.0;129.0;156.0;152.0;220.0;116.0;15.0;1.0;252.0;76.0;461.0;0.0;0.0;25.0;12.0;141.0;50.0;10.0;5.0;1.0;0.0;0.0;1.0;4.0;0.0;164.0;3.0;0.0
2024;2024/1;SP;1351.0;203.0;323.0;300.0;405.0;112.0;7.0;1.0;549.0;192.0;610.0;;;;207.0;;346.0;;9.0;3.0;;;25.0;78.0;;531.0;59.0;1.0
2024;2024/1;SP;1166.0;328.0;307.0;217.0;235.0;72.0;6.0;1.0;340.0;182.0;644.0;0.0;0.0;108.0;21.0;111.0;38.0;4.0;0.0;0.0;10.0;0.0;6.0;2.0;0.0;619.0;0.0;0.0
2024;2024/1;SP;1202.0;356.0;361.0;240.0;192.0;48.0;5.0;0.0;425.0;140.0;635.0;2.0;0.0;45.0;;216.0;;;3.0;;;;2.0;12.0;;903.0;;
2024;2024/1;SP;2322.0;232.0;507.0;553.0;833.0;176.0;17.0;4.0;956.0;432.0;934.0;0.0;0.0;45.0;128.0;148.0;534.0;197.0;99.0;23.0;0.0;0.0;1.0;1.0;0.0;898.0;21.0;0.0
2024;2024/1;SP;1364.0;86.0;229.0;312.0;558.0;171.0;8.0;;225.0;484.0;655.0;0.0;0.0;341.0;48.0;99.0;537.0;83.0;25.0;9.0;15.0;;22.0;105.0;2.0;445.0;42.0;
2024;2024/1;SP;1206.0;226.0;279.0;214.0;337.0;135.0;11.0;4.0;443.0;98.0;664.0;1.0;0.0;127.0;3.0;196.0;6.0;4.0;0.0;2.0;1.0;0.0;5.0;12.0;3.0;411.0;207.0;0.0
2024;2024/1;SP;1383.0;89.0;261.0;291.0;514.0;192.0;29.0;7.0;609.0;135.0;635.0;4.0;0.0;91.0;89.0;181.0;198.0;25.0;9.0;4.0;3.0;5.0;3.0;5.0;1.0;330.0;97.0;1.0
2024;2024/1;SP;1468.0;142.0;306.0;309.0;530.0;163.0;13.0;5.0;848.0;108.0;512.0;0.0;0.0;28.0;80.0;30.0;256.0;83.0;8.0;9.0;0.0;0.0;4.0;1.0;2.0;689.0;7.0;107.0
2024;2024/1;SP;1255.0;311.0;273.0;247.0;313.0;99.0;12.0;0.0;414.0;168.0;673.0;0.0;0.0;205.0;;194.0;;;;;14.0;;;;;584.0;;
2024;2024/1;SP;1230.0;166.0;277.0;309.0;380.0;91.0;7.0;0.0;394.0;130.0;706.0;0.0;0.0;175.0;;353.0;;26.0;;;;;7.0;;;615.0;;
2024;2024/1;SP;1337.0;41.0;173.0;289.0;595.0;219.0;17.0;3.0;589.0;182.0;564.0;2.0;;469.0;345.0;794.0;588.0;146.0;28.0;15.0;14.0;0.0;33.0;91.0;0.0;313.0;39.0;0.0
2024;2024/1;SP;862.0;34.0;106.0;184.0;381.0;149.0;6.0;2.0;257.0;82.0;523.0;0.0;0.0;0.0;42.0;77.0;213.0;89.0;11.0;19.0;0.0;0.0;0.0;4.0;5.0;295.0;0.0;0.0
2024;2024/1;SP;1797.0;630.0;443.0;404.0;178.0;135.0;6.0;1.0;762.0;591.0;444.0;0.0;0.0;170.0;9.0;732.0;;55.0;0.0;;;;24.0;;;620.0;;
2024;2024/1;SP;1278.0;317.0;349.0;262.0;256.0;85.0;8.0;1.0;340.0;192.0;745.0;1.0;0.0;10.0;232.0;;485.0;9.0;2.0;6.0;;;4.0;25.0;;443.0;;
2024;2024/1;SP;1372.0;244.0;370.0;259.0;375.0;106.0;13.0;5.0;455.0;208.0;708.0;1.0;0.0;51.0;103.0;105.0;230.0;15.0;1.0;3.0;;;9.0;;;671.0;;
2024;2024/1;TO;10.0;;;;;;;;;;;;;;;;;;;;;;;;;;;
2024;2024/1;TO;122.0;13.0;32.0;22.0;28.0;21.0;6.0;;45.0;23.0;47.0;7.0;;;;;;;;;;;;;;;;
2024;2024/1;TO;654.0;;;;;;;;;;;;;;;;;;;;;;;;;;;
2024;2024/1;TO;26.0;3.0;5.0;2.0;4.0;8.0;4.0;0.0;6.0;8.0;12.0;0.0;0.0;16.0;10.0;5.0;0.0;0.0;0.0;0.0;0.0;0.0;0.0;0.0;0.0;6.0;6.0;0.0
2024;2024/1;TO;516.0;95.0;156.0;88.0;110.0;53.0;8.0;6.0;81.0;108.0;317.0;5.0;5.0;63.0;95.0;70.0;242.0;74.0;5.0;0.0;1.0;0.0;3.0;97.0;3.0;165.0;60.0;10.0
2024;2024/1;TO;184.0;70.0;55.0;15.0;0.0;7.0;4.0;3.0;;;;;;47.0;;;15.0;7.0;;;;;;4.0;;23.0;;
2024;2024/1;TO;151.0;16.0;15.0;10.0;10.0;6.0;2.0;1.0;13.0;24.0;73.0;0.0;0.0;25.0;15.0;18.0;0.0;0.0;0.0;0.0;0.0;0.0;0.0;0.0;0.0;23.0;8.0;0.0
2024;2024/1;TO;103.0;20.0;34.0;23.0;15.0;9.0;2.0;0.0;36.0;27.0;40.0;0.0;0.0;17.0;6.0;7.0;7.0;5.0;0.0;0.0;0.0;0.0;0.0;0.0;0.0;7.0;3.0;0.0
2024;2024/1;TO;50.0;7.0;15.0;3.0;20.0;5.0;0.0;0.0;13.0;7.0;30.0;0.0;0.0;0.0;2.0;0.0;0.0;1.0;0.0;0.0;0.0;0.0;0.0;0.0;0.0;;;
2024;2024/1;TO;49.0;6.0;20.0;8.0;9.0;5.0;1.0;0.0;10.0;8.0;31.0;0.0;0.0;2.0;1.0;3.0;;;;;;;;2.0;;8.0;;
2024;2024/1;TO;141.0;23.0;28.0;20.0;45.0;20.0;2.0;3.0;17.0;22.0;102.0;0.0;0.0;8.0;18.0;7.0;18.0;;;;;;3.0;1.0;;17.0;3.0;
2024;2024/1;TO;139.0;49.0;35.0;23.0;26.0;3.0;2.0;1.0;18.0;32.0;85.0;0.0;4.0;14.0;3.0;13.0;7.0;3.0;0.0;0.0;0.0;0.0;0.0;0.0;0.0;16.0;14.0;0.0
2024;2024/1;TO;38.0;3.0;8.0;5.0;14.0;7.0;0.0;1.0;3.0;15.0;20.0;0.0;0.0;0.0;2.0;1.0;1.0;0.0;0.0;0.0;0.0;0.0;0.0;2.0;0.0;8.0;0.0;0.0
2024;2024/1;TO;45.0;9.0;7.0;8.0;11.0;9.0;1.0;0.0;5.0;10.0;29.0;1.0;0.0;2.0;1.0;1.0;0.0;1.0;0.0;0.0;0.0;0.0;0.0;0.0;0.0;8.0;0.0;0.0
2024;2024/1;TO;100.0;13.0;18.0;11.0;34.0;20.0;4.0;0.0;7.0;25.0;68.0;0.0;0.0;1.0;3.0;6.0;8.0;5.0;0.0;1.0;0.0;0.0;0.0;1.0;0.0;9.0;0.0;0.0
2024;2024/1;TO;47.0;11.0;10.0;9.0;8.0;6.0;2.0;1.0;8.0;15.0;22.0;;;3.0;;4.0;;;;;;;;;;14.0;;
2024;2024/1;TO;100.0;26.0;18.0;11.0;24.0;15.0;2.0;2.0;6.0;8.0;85.0;0.0;1.0;2.0;0.0;6.0;2.0;2.0;0.0;0.0;0.0;0.0;0.0;1.0;0.0;18.0;0.0;0.0
2024;2024/1;TO;41.0;8.0;14.0;7.0;10.0;2.0;0.0;0.0;3.0;4.0;34.0;0.0;0.0;10.0;0.0;0.0;0.0;0.0;0.0;0.0;0.0;0.0;0.0;0.0;0.0;13.0;0.0;0.0
2024;2024/1;TO;21.0;6.0;6.0;5.0;3.0;1.0;0.0;0.0;1.0;4.0;16.0;0.0;0.0;0.0;0.0;0.0;0.0;0.0;0.0;0.0;0.0;0.0;0.0;1.0;0.0;13.0;3.0;1.0
2024;2024/1;TO;39.0;7.0;7.0;9.0;11.0;5.0;0.0;0.0;7.0;11.0;20.0;1.0;0.0;1.0;0.0;1.0;1.0;1.0;0.0;0.0;0.0;0.0;1.0;1.0;0.0;23.0;8.0;0.0
2024;2024/1;TO;23.0;;;;;;;;1.0;6.0;16.0;0.0;0.0;;;;;;;;;;;;;17.0;;
2024;2024/1;TO;73.0;21.0;11.0;10.0;14.0;6.0;;;3.0;14.0;42.0;3.0;;;;;;;;;;;;;;;;
2024;2024/1;TO;114.0;31.0;21.0;16.0;28.0;12.0;4.0;2.0;10.0;42.0;60.0;2.0;;7.0;;7.0;;;;;;;;;;44.0;10.0;
2024;2024/1;TO;68.0;9.0;10.0;18.0;22.0;7.0;1.0;1.0;4.0;25.0;39.0;0.0;0.0;2.0;4.0;4.0;9.0;1.0;0.0;0.0;0.0;0.0;0.0;1.0;0.0;12.0;3.0;0.0
2024;2024/1;TO;161.0;29.0;32.0;28.0;33.0;34.0;4.0;1.0;13.0;23.0;121.0;4.0;;;;;;;;;;;;;;;;
2024;2024/1;TO;762.0;141.0;182.0;147.0;182.0;88.0;16.0;3.0;147.0;158.0;437.0;0.0;1.0;;;;;;;;;;;;;;;
2024;2024/1;TO;267.0;;;;;;;;30.0;61.0;55.0;5.0;0.0;;;;;;;;;;;;;;;
2024;2024/1;TO;480.0;61.0;128.0;138.0;121.0;27.0;5.0;0.0;68.0;93.0;303.0;4.0;3.0;314.0;3.0;85.0;226.0;26.0;3.0;4.0;1.0;0.0;1.0;52.0;0.0;158.0;40.0;0.0
